ISO-10303-21;
HEADER;
FILE_DESCRIPTION (( 'STEP AP214' ),
    '1' );
FILE_NAME ('adapter_v4_v4_top.STEP',
    '2025-07-23T16:39:06',
    ( '' ),
    ( '' ),
    'SwSTEP 2.0',
    'SolidWorks 2023',
    '' );
FILE_SCHEMA (( 'AUTOMOTIVE_DESIGN' ));
ENDSEC;

DATA;
#1 = ORIENTED_EDGE ( 'NONE', *, *, #1694, .T. ) ;
#2 = CARTESIAN_POINT ( 'NONE',  ( -2.893164066834291059, -7.499999999999999112, 0.9530008006598907899 ) ) ;
#3 = AXIS2_PLACEMENT_3D ( 'NONE', #2306, #1520, #53 ) ;
#4 = ORIENTED_EDGE ( 'NONE', *, *, #266, .F. ) ;
#5 = DIRECTION ( 'NONE',  ( 0.000000000000000000, 0.000000000000000000, -1.000000000000000000 ) ) ;
#6 = DIRECTION ( 'NONE',  ( 0.000000000000000000, 0.000000000000000000, -1.000000000000000000 ) ) ;
#7 = EDGE_CURVE ( 'NONE', #2571, #1497, #524, .T. ) ;
#8 = CARTESIAN_POINT ( 'NONE',  ( -0.3109762964471395330, -7.485448354777172852, -20.98153180869356049 ) ) ;
#9 = CARTESIAN_POINT ( 'NONE',  ( -0.04299410458842448102, -17.00000000000000000, 0.01676821137269898093 ) ) ;
#10 = EDGE_CURVE ( 'NONE', #503, #1825, #2237, .T. ) ;
#11 = EDGE_CURVE ( 'NONE', #1809, #2096, #652, .T. ) ;
#12 = CARTESIAN_POINT ( 'NONE',  ( -8.835855923868770390, -5.576617613426877007, 14.90444044056459383 ) ) ;
#13 = FACE_OUTER_BOUND ( 'NONE', #29, .T. ) ;
#14 = EDGE_LOOP ( 'NONE', ( #1216, #2162, #644 ) ) ;
#15 = CARTESIAN_POINT ( 'NONE',  ( -7.495361840415413646, -4.500000000000002665, 19.65222922266442751 ) ) ;
#16 = VERTEX_POINT ( 'NONE', #1769 ) ;
#17 = CARTESIAN_POINT ( 'NONE',  ( 16.58181844917341863, -6.717180505102592569, 12.84708800183251043 ) ) ;
#18 = EDGE_LOOP ( 'NONE', ( #1641, #265, #78, #1219, #1670, #635, #1399 ) ) ;
#19 = CARTESIAN_POINT ( 'NONE',  ( -10.92064724673083731, -14.49892155510435998, 8.897837154259580217 ) ) ;
#20 = PLANE ( 'NONE',  #706 ) ;
#21 = CARTESIAN_POINT ( 'NONE',  ( 16.49010131660362788, -16.00000000000000711, 2.371924572193067959 ) ) ;
#22 = ORIENTED_EDGE ( 'NONE', *, *, #537, .F. ) ;
#23 = DIRECTION ( 'NONE',  ( 0.000000000000000000, 0.000000000000000000, 1.000000000000000000 ) ) ;
#24 = FACE_OUTER_BOUND ( 'NONE', #1616, .T. ) ;
#25 = ADVANCED_FACE ( 'NONE', ( #505 ), #1573, .T. ) ;
#26 = CARTESIAN_POINT ( 'NONE',  ( -7.574196297551370805, -5.237769833280315090, -19.58681014426550959 ) ) ;
#27 = ORIENTED_EDGE ( 'NONE', *, *, #2343, .F. ) ;
#28 = CARTESIAN_POINT ( 'NONE',  ( -1.700776523954403263, -11.90084534375105285, -14.87956754837821904 ) ) ;
#29 = EDGE_LOOP ( 'NONE', ( #959, #819, #206, #1577 ) ) ;
#30 =( LENGTH_UNIT ( ) NAMED_UNIT ( * ) SI_UNIT ( .MILLI., .METRE. ) );
#31 = VERTEX_POINT ( 'NONE', #1178 ) ;
#32 = CARTESIAN_POINT ( 'NONE',  ( 20.74571909550989446, -4.499999999999999112, -3.019816219831247039 ) ) ;
#33 = DIRECTION ( 'NONE',  ( 0.000000000000000000, -1.000000000000000000, 0.000000000000000000 ) ) ;
#34 = CARTESIAN_POINT ( 'NONE',  ( -0.2716380063857779525, -16.00000000000000711, -18.63166736344916430 ) ) ;
#35 = AXIS2_PLACEMENT_3D ( 'NONE', #1023, #1468, #185 ) ;
#36 = EDGE_LOOP ( 'NONE', ( #1110, #1505, #252, #2199, #810, #1443, #1273 ) ) ;
#37 = CARTESIAN_POINT ( 'NONE',  ( -0.04299365938289709255, -1.000000000000000000, 22.81676761291459599 ) ) ;
#38 = CARTESIAN_POINT ( 'NONE',  ( -8.105370656244783589, -11.90084534375105285, 12.65192337292471692 ) ) ;
#39 = AXIS2_PLACEMENT_3D ( 'NONE', #914, #1713, #1280 ) ;
#40 = CARTESIAN_POINT ( 'NONE',  ( -8.514871665690618485, -4.652891519054199065, -19.19937230339281697 ) ) ;
#41 = ORIENTED_EDGE ( 'NONE', *, *, #808, .F. ) ;
#42 = EDGE_CURVE ( 'NONE', #1937, #693, #533, .T. ) ;
#43 = CIRCLE ( 'NONE', #1102, 20.99999984790673579 ) ;
#44 = DIRECTION ( 'NONE',  ( 0.000000000000000000, -1.000000000000000000, 0.000000000000000000 ) ) ;
#45 = VECTOR ( 'NONE', #764, 1000.000000000000000 ) ;
#46 = ORIENTED_EDGE ( 'NONE', *, *, #353, .T. ) ;
#47 = EDGE_CURVE ( 'NONE', #2137, #242, #145, .T. ) ;
#48 = CIRCLE ( 'NONE', #539, 7.300000212677193900 ) ;
#49 = ORIENTED_EDGE ( 'NONE', *, *, #1975, .T. ) ;
#50 = CARTESIAN_POINT ( 'NONE',  ( 20.81721954529346874, -7.129789548620283135, 2.486289066361591527 ) ) ;
#51 = CARTESIAN_POINT ( 'NONE',  ( 16.80248168885312054, -4.500000000000000000, -4.728877211906529432 ) ) ;
#52 = AXIS2_PLACEMENT_3D ( 'NONE', #258, #1098, #2507 ) ;
#53 = DIRECTION ( 'NONE',  ( 0.000000000000000000, 0.000000000000000000, -1.000000000000000000 ) ) ;
#54 = ORIENTED_EDGE ( 'NONE', *, *, #1448, .F. ) ;
#55 = FACE_OUTER_BOUND ( 'NONE', #1533, .T. ) ;
#56 = FACE_OUTER_BOUND ( 'NONE', #2375, .T. ) ;
#57 = CARTESIAN_POINT ( 'NONE',  ( -6.989255709651311044, -5.995343615783937707, -19.80144050117207755 ) ) ;
#58 = ORIENTED_EDGE ( 'NONE', *, *, #957, .F. ) ;
#59 = CARTESIAN_POINT ( 'NONE',  ( -7.138917530642729936, -7.500000000000003553, 16.01357449859128579 ) ) ;
#60 = ORIENTED_EDGE ( 'NONE', *, *, #1388, .T. ) ;
#61 = EDGE_CURVE ( 'NONE', #209, #305, #650, .T. ) ;
#62 = ORIENTED_EDGE ( 'NONE', *, *, #504, .T. ) ;
#63 = DIRECTION ( 'NONE',  ( 0.000000000000000000, 0.000000000000000000, -1.000000000000000000 ) ) ;
#64 = CARTESIAN_POINT ( 'NONE',  ( 17.30711553035249040, -5.964919745824808217, -2.271787357082373671 ) ) ;
#65 = FACE_OUTER_BOUND ( 'NONE', #509, .T. ) ;
#66 = VERTEX_POINT ( 'NONE', #2699 ) ;
#67 = DIRECTION ( 'NONE',  ( 0.000000000000000000, -1.000000000000000000, 0.000000000000000000 ) ) ;
#68 = DIRECTION ( 'NONE',  ( -0.000000000000000000, -1.000000000000000000, -0.000000000000000000 ) ) ;
#69 = CARTESIAN_POINT ( 'NONE',  ( -0.2716380063857779525, -17.00000000000000000, -16.68166736344916501 ) ) ;
#70 = ORIENTED_EDGE ( 'NONE', *, *, #164, .F. ) ;
#71 = CARTESIAN_POINT ( 'NONE',  ( -0.1954490743331254721, -7.399401108822330819, -20.98281748963293225 ) ) ;
#72 = ORIENTED_EDGE ( 'NONE', *, *, #2181, .F. ) ;
#73 = ORIENTED_EDGE ( 'NONE', *, *, #197, .F. ) ;
#74 = DIRECTION ( 'NONE',  ( 0.000000000000000000, -1.000000000000000000, -0.000000000000000000 ) ) ;
#75 = DIRECTION ( 'NONE',  ( 0.000000000000000000, 0.000000000000000000, 1.000000000000000000 ) ) ;
#76 = DIRECTION ( 'NONE',  ( 0.000000000000000000, -1.000000000000000000, 0.000000000000000000 ) ) ;
#77 = EDGE_CURVE ( 'NONE', #1796, #1946, #2204, .T. ) ;
#78 = ORIENTED_EDGE ( 'NONE', *, *, #1781, .F. ) ;
#79 = CARTESIAN_POINT ( 'NONE',  ( -0.04299410458842448102, -17.00000000000000000, 0.01676821137269898093 ) ) ;
#80 = CARTESIAN_POINT ( 'NONE',  ( -10.34916758024696648, -16.00000000000000711, 11.20726964327363362 ) ) ;
#81 = EDGE_CURVE ( 'NONE', #550, #2303, #385, .T. ) ;
#82 = CARTESIAN_POINT ( 'NONE',  ( 4.251873539901175114, -4.817715846936055257, -20.54132906842381701 ) ) ;
#83 = VERTEX_POINT ( 'NONE', #2500 ) ;
#84 = VECTOR ( 'NONE', #1938, 1000.000000000000000 ) ;
#85 = FACE_OUTER_BOUND ( 'NONE', #2019, .T. ) ;
#86 = ORIENTED_EDGE ( 'NONE', *, *, #1833, .F. ) ;
#87 = VECTOR ( 'NONE', #1906, 1000.000000000000000 ) ;
#88 = AXIS2_PLACEMENT_3D ( 'NONE', #1936, #245, #1252 ) ;
#89 = AXIS2_PLACEMENT_3D ( 'NONE', #915, #1114, #1790 ) ;
#90 = ORIENTED_EDGE ( 'NONE', *, *, #617, .F. ) ;
#91 = CARTESIAN_POINT ( 'NONE',  ( -0.04299410458842448102, -3.000000000000000000, 17.51676799672029006 ) ) ;
#92 = CARTESIAN_POINT ( 'NONE',  ( 13.86032244578427886, -7.499999999999998224, 10.64445559210821735 ) ) ;
#93 = DIRECTION ( 'NONE',  ( 0.000000000000000000, 0.000000000000000000, 1.000000000000000000 ) ) ;
#94 = CIRCLE ( 'NONE', #439, 4.300000010385215177 ) ;
#95 = VERTEX_POINT ( 'NONE', #809 ) ;
#96 = AXIS2_PLACEMENT_3D ( 'NONE', #1779, #523, #541 ) ;
#97 = FACE_OUTER_BOUND ( 'NONE', #2053, .T. ) ;
#98 = CARTESIAN_POINT ( 'NONE',  ( -16.71258135047271409, -5.112251398284454851, 5.346122462853119650 ) ) ;
#99 = AXIS2_PLACEMENT_3D ( 'NONE', #1660, #597, #389 ) ;
#100 = EDGE_CURVE ( 'NONE', #692, #1071, #1205, .T. ) ;
#101 = CARTESIAN_POINT ( 'NONE',  ( -10.34916758024696648, -11.90084534375105285, 13.15726964327363291 ) ) ;
#102 = ORIENTED_EDGE ( 'NONE', *, *, #2710, .F. ) ;
#103 = PLANE ( 'NONE',  #2509 ) ;
#104 = ORIENTED_EDGE ( 'NONE', *, *, #2508, .F. ) ;
#105 = DIRECTION ( 'NONE',  ( 0.000000000000000000, -1.000000000000000000, -0.000000000000000000 ) ) ;
#106 = CARTESIAN_POINT ( 'NONE',  ( 3.324721059635790343, -2.999999999999999112, -22.50964963866799451 ) ) ;
#107 = CARTESIAN_POINT ( 'NONE',  ( 17.35827529884191378, -7.500000000000003553, -1.839521232466941436 ) ) ;
#108 = DIRECTION ( 'NONE',  ( 0.000000000000000000, 0.000000000000000000, -1.000000000000000000 ) ) ;
#109 = ORIENTED_EDGE ( 'NONE', *, *, #1694, .F. ) ;
#110 = DIRECTION ( 'NONE',  ( 0.000000000000000000, -1.000000000000000000, -0.000000000000000000 ) ) ;
#111 = DIRECTION ( 'NONE',  ( 0.000000000000000000, -1.000000000000000000, 0.000000000000000000 ) ) ;
#112 = DIRECTION ( 'NONE',  ( 0.9299512230877768904, 0.000000000000000000, -0.3676829105051631075 ) ) ;
#113 = ORIENTED_EDGE ( 'NONE', *, *, #774, .F. ) ;
#114 = EDGE_CURVE ( 'NONE', #2320, #1647, #745, .T. ) ;
#115 = FACE_OUTER_BOUND ( 'NONE', #1452, .T. ) ;
#116 = ORIENTED_EDGE ( 'NONE', *, *, #162, .F. ) ;
#117 = EDGE_CURVE ( 'NONE', #281, #1078, #820, .T. ) ;
#118 = VERTEX_POINT ( 'NONE', #157 ) ;
#119 = CARTESIAN_POINT ( 'NONE',  ( 6.215744389428471628, -4.499999999999999112, -20.02888558192604052 ) ) ;
#120 = CARTESIAN_POINT ( 'NONE',  ( -6.087255450844242688, -14.49892155510435998, 12.69208391660183644 ) ) ;
#121 = B_SPLINE_CURVE_WITH_KNOTS ( 'NONE', 3,
 ( #2329, #856, #8, #1489 ),
 .UNSPECIFIED., .F., .F.,
 ( 4, 4 ),
 ( 0.007326666286563025821, 0.007399746285181680802 ),
 .UNSPECIFIED. ) ;
#122 = ORIENTED_EDGE ( 'NONE', *, *, #1535, .F. ) ;
#123 = CARTESIAN_POINT ( 'NONE',  ( 16.49010131660362788, 14.43325734948383854, 4.671924550899643869 ) ) ;
#124 = CARTESIAN_POINT ( 'NONE',  ( -16.85953311985178260, -4.800771754993089502, 4.863091685537757947 ) ) ;
#125 = CARTESIAN_POINT ( 'NONE',  ( -0.2716380063857779525, -16.00000000000000711, -16.68166736344916501 ) ) ;
#126 = DIRECTION ( 'NONE',  ( -0.6072965219834169925, 0.000000000000000000, 0.7944752572527638002 ) ) ;
#127 = ADVANCED_FACE ( 'NONE', ( #571, #1657 ), #2490, .T. ) ;
#128 = ORIENTED_EDGE ( 'NONE', *, *, #2416, .F. ) ;
#129 = CIRCLE ( 'NONE', #1005, 14.98829748894759817 ) ;
#130 = ORIENTED_EDGE ( 'NONE', *, *, #1980, .T. ) ;
#131 = EDGE_CURVE ( 'NONE', #1339, #1080, #2546, .T. ) ;
#132 = AXIS2_PLACEMENT_3D ( 'NONE', #2360, #2543, #63 ) ;
#133 = CARTESIAN_POINT ( 'NONE',  ( -19.57196924886525480, -4.499999999999999112, 7.738107516382538797 ) ) ;
#134 = CARTESIAN_POINT ( 'NONE',  ( 4.791633022957639376, -5.489803791016345969, -16.80279957128865931 ) ) ;
#135 = CARTESIAN_POINT ( 'NONE',  ( -5.896373490397736283, -5.990843921592532872, -16.47565837681260348 ) ) ;
#136 = CIRCLE ( 'NONE', #1732, 7.300000010385214289 ) ;
#137 = ORIENTED_EDGE ( 'NONE', *, *, #2163, .F. ) ;
#138 = DIRECTION ( 'NONE',  ( -0.3128612903717789551, 0.000000000000000000, -0.9497988276403088737 ) ) ;
#139 = AXIS2_PLACEMENT_3D ( 'NONE', #2536, #1492, #1119 ) ;
#140 = CARTESIAN_POINT ( 'NONE',  ( -0.04299410458842448102, -4.000000000000016875, 17.51676799672029006 ) ) ;
#141 = AXIS2_PLACEMENT_3D ( 'NONE', #1345, #68, #1805 ) ;
#142 = DIRECTION ( 'NONE',  ( 0.7944752572527638002, -0.000000000000000000, 0.6072965219834169925 ) ) ;
#143 = VECTOR ( 'NONE', #1773, 1000.000000000000000 ) ;
#144 = VERTEX_POINT ( 'NONE', #168 ) ;
#145 = LINE ( 'NONE', #1836, #1989 ) ;
#146 = DIRECTION ( 'NONE',  ( 0.000000000000000000, 0.000000000000000000, -1.000000000000000000 ) ) ;
#147 = CARTESIAN_POINT ( 'NONE',  ( 3.289237737655640093, -1.000000000000000000, -22.53841400146484730 ) ) ;
#148 = B_SPLINE_CURVE_WITH_KNOTS ( 'NONE', 3,
 ( #2093, #1761, #2395, #1777, #1117, #907, #2156, #893, #2548, #919, #1140, #1128, #1523, #260, #2176, #2610, #477, #2352 ),
 .UNSPECIFIED., .F., .F.,
 ( 4, 2, 2, 2, 2, 2, 2, 2, 4 ),
 ( 0.000000000000000000, 0.0005870424727019491655, 0.001174084945403898331, 0.001761127418105847605, 0.002348169890807796662, 0.002935212363509745719, 0.003522254836211695210, 0.004109297308913644267, 0.004696339781615593324 ),
 .UNSPECIFIED. ) ;
#149 = CARTESIAN_POINT ( 'NONE',  ( 14.35464360136220741, -11.90084534375105285, 4.182952329409434178 ) ) ;
#150 = ADVANCED_FACE ( 'NONE', ( #2311 ), #1887, .T. ) ;
#151 = VERTEX_POINT ( 'NONE', #1875 ) ;
#152 = DIRECTION ( 'NONE',  ( -0.000000000000000000, -1.000000000000000000, -0.000000000000000000 ) ) ;
#153 = CARTESIAN_POINT ( 'NONE',  ( -0.04299427105211930944, -4.499999999999999112, 0.01676667531877798489 ) ) ;
#154 = UNCERTAINTY_MEASURE_WITH_UNIT (LENGTH_MEASURE( 1.000000000000000082E-05 ), #30, 'distance_accuracy_value', 'NONE');
#155 = LINE ( 'NONE', #408, #2694 ) ;
#156 = EDGE_LOOP ( 'NONE', ( #1467, #1760 ) ) ;
#157 = CARTESIAN_POINT ( 'NONE',  ( 16.74517379141326501, -4.499999999999999112, -4.923617980467532185 ) ) ;
#158 = CARTESIAN_POINT ( 'NONE',  ( 4.338560500382715013, -6.143828401501393977, -16.92603743639207892 ) ) ;
#159 = FACE_OUTER_BOUND ( 'NONE', #495, .T. ) ;
#160 = ORIENTED_EDGE ( 'NONE', *, *, #738, .T. ) ;
#161 = DIRECTION ( 'NONE',  ( 0.000000000000000000, 0.000000000000000000, 1.000000000000000000 ) ) ;
#162 = EDGE_CURVE ( 'NONE', #31, #2528, #2381, .T. ) ;
#163 = DIRECTION ( 'NONE',  ( 0.000000000000000000, 0.000000000000000000, 1.000000000000000000 ) ) ;
#164 = EDGE_CURVE ( 'NONE', #246, #621, #2118, .T. ) ;
#165 = CARTESIAN_POINT ( 'NONE',  ( -7.058746125655800618, -6.691332821315443269, 16.04972792058309849 ) ) ;
#166 = ORIENTED_EDGE ( 'NONE', *, *, #2416, .T. ) ;
#167 = VECTOR ( 'NONE', #2249, 1000.000000000000114 ) ;
#168 = CARTESIAN_POINT ( 'NONE',  ( 6.530751592969878061, -2.999999999999999112, -19.91069834965956176 ) ) ;
#169 = CARTESIAN_POINT ( 'NONE',  ( -12.49043139709193184, -5.000000000000000888, 12.31763392628718989 ) ) ;
#170 = ORIENTED_EDGE ( 'NONE', *, *, #353, .F. ) ;
#171 = CONICAL_SURFACE ( 'NONE', #1413, 4.303301104857576220, 0.5235987755982992597 ) ;
#172 = DIRECTION ( 'NONE',  ( 0.3128612903717789551, -0.000000000000000000, 0.9497988276403088737 ) ) ;
#173 = B_SPLINE_CURVE_WITH_KNOTS ( 'NONE', 3,
 ( #2328, #2506, #1473, #2126, #1730, #2315, #417, #2114 ),
 .UNSPECIFIED., .F., .F.,
 ( 4, 2, 2, 4 ),
 ( 2.220606465954346799E-07, 0.001141228921372538585, 0.002282235782098481977, 0.004564249503550372664 ),
 .UNSPECIFIED. ) ;
#174 = CIRCLE ( 'NONE', #309, 4.303301104857576220 ) ;
#175 = ORIENTED_EDGE ( 'NONE', *, *, #585, .T. ) ;
#176 = CARTESIAN_POINT ( 'NONE',  ( -0.04299365938289709255, -1.000000000000000000, 0.01676759986089272625 ) ) ;
#177 = LINE ( 'NONE', #1000, #2262 ) ;
#178 = AXIS2_PLACEMENT_3D ( 'NONE', #416, #1263, #1081 ) ;
#179 = DIRECTION ( 'NONE',  ( 0.000000000000000000, 0.000000000000000000, -1.000000000000000000 ) ) ;
#180 = CARTESIAN_POINT ( 'NONE',  ( -4.361495896972247266, -4.500000000000000888, 16.97676972891681402 ) ) ;
#181 = AXIS2_PLACEMENT_3D ( 'NONE', #125, #967, #1820 ) ;
#182 = EDGE_CURVE ( 'NONE', #1609, #1339, #2504, .T. ) ;
#183 = AXIS2_PLACEMENT_3D ( 'NONE', #2582, #1695, #2332 ) ;
#184 = ORIENTED_EDGE ( 'NONE', *, *, #348, .F. ) ;
#185 = DIRECTION ( 'NONE',  ( 0.000000000000000000, 0.000000000000000000, -1.000000000000000000 ) ) ;
#186 = ORIENTED_EDGE ( 'NONE', *, *, #2711, .T. ) ;
#187 = ORIENTED_EDGE ( 'NONE', *, *, #2324, .F. ) ;
#188 = FACE_OUTER_BOUND ( 'NONE', #342, .T. ) ;
#189 = DIRECTION ( 'NONE',  ( -0.000000000000000000, 1.000000000000000000, -0.000000000000000000 ) ) ;
#190 = FACE_OUTER_BOUND ( 'NONE', #472, .T. ) ;
#191 = CARTESIAN_POINT ( 'NONE',  ( 2.530521912552290420, -13.63320435481629112, -14.11394537383834624 ) ) ;
#192 = CARTESIAN_POINT ( 'NONE',  ( -0.2716380063857779525, -14.49892155510437064, -16.68166736344916501 ) ) ;
#193 = EDGE_LOOP ( 'NONE', ( #1988, #521, #22, #137 ) ) ;
#194 = EDGE_CURVE ( 'NONE', #1538, #246, #1044, .T. ) ;
#195 = DIRECTION ( 'NONE',  ( 0.000000000000000000, 0.000000000000000000, -1.000000000000000000 ) ) ;
#196 = ORIENTED_EDGE ( 'NONE', *, *, #1889, .F. ) ;
#197 = EDGE_CURVE ( 'NONE', #1416, #2623, #2425, .T. ) ;
#198 = CARTESIAN_POINT ( 'NONE',  ( 16.64098679318094298, -7.301511275018834013, 12.76999414294570911 ) ) ;
#199 = VERTEX_POINT ( 'NONE', #2466 ) ;
#200 = LINE ( 'NONE', #2520, #872 ) ;
#201 = DIRECTION ( 'NONE',  ( 0.7768189144686035164, 0.000000000000000000, 0.6297240460104889248 ) ) ;
#202 = PLANE ( 'NONE',  #493 ) ;
#203 = PRODUCT_DEFINITION_CONTEXT ( 'detailed design', #2633, 'design' ) ;
#204 = LINE ( 'NONE', #1041, #2208 ) ;
#205 = CARTESIAN_POINT ( 'NONE',  ( -8.306327690230402183, -7.897453815271160416, 14.23540911146215038 ) ) ;
#206 = ORIENTED_EDGE ( 'NONE', *, *, #42, .T. ) ;
#207 = EDGE_CURVE ( 'NONE', #1484, #83, #1262, .T. ) ;
#208 = DIRECTION ( 'NONE',  ( 0.6297240460104890358, 0.000000000000000000, -0.7768189144686036274 ) ) ;
#209 = VERTEX_POINT ( 'NONE', #2338 ) ;
#210 = DIRECTION ( 'NONE',  ( 0.000000000000000000, 0.000000000000000000, -1.000000000000000000 ) ) ;
#211 = ADVANCED_FACE ( 'NONE', ( #1740 ), #1093, .F. ) ;
#212 = EDGE_LOOP ( 'NONE', ( #1569, #937, #375, #515 ) ) ;
#213 = AXIS2_PLACEMENT_3D ( 'NONE', #1960, #1272, #646 ) ;
#214 = DIRECTION ( 'NONE',  ( -0.000000000000000000, -1.000000000000000000, -0.000000000000000000 ) ) ;
#215 = CARTESIAN_POINT ( 'NONE',  ( -0.2716380063857779525, -7.500000000000000000, -20.98166737383438019 ) ) ;
#216 = DIRECTION ( 'NONE',  ( 0.000000000000000000, 0.000000000000000000, -1.000000000000000000 ) ) ;
#217 = DIRECTION ( 'NONE',  ( 0.000000000000000000, -1.000000000000000000, -0.000000000000000000 ) ) ;
#218 = CIRCLE ( 'NONE', #748, 14.98829748894759817 ) ;
#219 = DIRECTION ( 'NONE',  ( 0.000000000000000000, 1.000000000000000000, 0.000000000000000000 ) ) ;
#220 = VECTOR ( 'NONE', #461, 1000.000000000000000 ) ;
#221 = CARTESIAN_POINT ( 'NONE',  ( 1.206306102401587532, -11.90084534375105285, -14.91937287694082492 ) ) ;
#222 = VERTEX_POINT ( 'NONE', #2370 ) ;
#223 = VECTOR ( 'NONE', #142, 999.9999999999998863 ) ;
#224 = AXIS2_PLACEMENT_3D ( 'NONE', #1868, #2674, #2039 ) ;
#225 = CARTESIAN_POINT ( 'NONE',  ( 12.32973132602152155, -3.000000000000000000, -15.20978683448597124 ) ) ;
#226 = EDGE_LOOP ( 'NONE', ( #1006, #238, #2351, #2143, #2414, #867 ) ) ;
#227 = CARTESIAN_POINT ( 'NONE',  ( 14.52054287890477902, -11.90084534375105285, 3.559712205795775741 ) ) ;
#228 = AXIS2_PLACEMENT_3D ( 'NONE', #1126, #916, #2009 ) ;
#229 = ORIENTED_EDGE ( 'NONE', *, *, #1858, .F. ) ;
#230 = CYLINDRICAL_SURFACE ( 'NONE', #263, 1.950000000000000400 ) ;
#231 = DIRECTION ( 'NONE',  ( -0.000000000000000000, 1.000000000000000000, -0.000000000000000000 ) ) ;
#232 = DIRECTION ( 'NONE',  ( 0.000000000000000000, 1.000000000000000000, 0.000000000000000000 ) ) ;
#233 = EDGE_CURVE ( 'NONE', #1830, #1293, #1185, .T. ) ;
#234 = ORIENTED_EDGE ( 'NONE', *, *, #2110, .F. ) ;
#235 = CARTESIAN_POINT ( 'NONE',  ( 0.000000000000000000, -17.00000000000000000, 0.000000000000000000 ) ) ;
#236 = DIRECTION ( 'NONE',  ( 0.000000000000000000, -1.000000000000000000, -0.000000000000000000 ) ) ;
#237 = CARTESIAN_POINT ( 'NONE',  ( -10.36448652708683227, -7.500000000000000000, 13.16504767789132302 ) ) ;
#238 = ORIENTED_EDGE ( 'NONE', *, *, #899, .T. ) ;
#239 = DIRECTION ( 'NONE',  ( 0.000000000000000000, 0.000000000000000000, -1.000000000000000000 ) ) ;
#240 = EDGE_LOOP ( 'NONE', ( #2174, #459, #1787, #906, #1300 ) ) ;
#241 = CARTESIAN_POINT ( 'NONE',  ( 16.10939718895425798, -6.897108997017749488, 4.671924550899643869 ) ) ;
#242 = VERTEX_POINT ( 'NONE', #2165 ) ;
#243 = CARTESIAN_POINT ( 'NONE',  ( 20.92203747646793488, -4.951552965499275594, -1.227974070895784919 ) ) ;
#244 = DIRECTION ( 'NONE',  ( -0.000000000000000000, -1.000000000000000000, -0.000000000000000000 ) ) ;
#245 = DIRECTION ( 'NONE',  ( 0.000000000000000000, -1.000000000000000000, 0.000000000000000000 ) ) ;
#246 = VERTEX_POINT ( 'NONE', #1930 ) ;
#247 = ADVANCED_FACE ( 'NONE', ( #2109 ), #1541, .F. ) ;
#248 = LINE ( 'NONE', #1085, #84 ) ;
#249 = CARTESIAN_POINT ( 'NONE',  ( -8.413885496357435656, -7.314587900702810508, 14.41827312108942394 ) ) ;
#250 = EDGE_CURVE ( 'NONE', #2483, #1767, #346, .T. ) ;
#251 = DIRECTION ( 'NONE',  ( 0.000000000000000000, 0.000000000000000000, -1.000000000000000000 ) ) ;
#252 = ORIENTED_EDGE ( 'NONE', *, *, #899, .F. ) ;
#253 = DIRECTION ( 'NONE',  ( 0.000000000000000000, 0.000000000000000000, -1.000000000000000000 ) ) ;
#254 = ORIENTED_EDGE ( 'NONE', *, *, #182, .F. ) ;
#255 = VERTEX_POINT ( 'NONE', #1318 ) ;
#256 = DIRECTION ( 'NONE',  ( 0.000000000000000000, 0.000000000000000000, 1.000000000000000000 ) ) ;
#257 = CARTESIAN_POINT ( 'NONE',  ( 17.34946453831291180, -6.691013059764422621, -1.927208861694643005 ) ) ;
#258 = CARTESIAN_POINT ( 'NONE',  ( -0.2716380063857779525, -14.49892155510437064, -16.68166736344916501 ) ) ;
#259 = ORIENTED_EDGE ( 'NONE', *, *, #2129, .F. ) ;
#260 = CARTESIAN_POINT ( 'NONE',  ( -19.62860038879227531, -6.527883349487265008, 7.593682660187763389 ) ) ;
#261 = CARTESIAN_POINT ( 'NONE',  ( -0.04299341723065352311, -4.499999999999999112, 0.01676718069505006570 ) ) ;
#262 = AXIS2_PLACEMENT_3D ( 'NONE', #1869, #2283, #2116 ) ;
#263 = AXIS2_PLACEMENT_3D ( 'NONE', #901, #1096, #2373 ) ;
#264 = CARTESIAN_POINT ( 'NONE',  ( -6.631614698215410719, -7.106337135770322000, -19.92292999692376299 ) ) ;
#265 = ORIENTED_EDGE ( 'NONE', *, *, #2052, .T. ) ;
#266 = EDGE_CURVE ( 'NONE', #362, #1697, #2638, .T. ) ;
#267 = EDGE_CURVE ( 'NONE', #2137, #1849, #1768, .T. ) ;
#268 = AXIS2_PLACEMENT_3D ( 'NONE', #2715, #1714, #815 ) ;
#269 = DIRECTION ( 'NONE',  ( -0.7768189144686035164, 0.000000000000000000, -0.6297240460104889248 ) ) ;
#270 = AXIS2_PLACEMENT_3D ( 'NONE', #1511, #2527, #1316 ) ;
#271 = ORIENTED_EDGE ( 'NONE', *, *, #977, .F. ) ;
#272 = ORIENTED_EDGE ( 'NONE', *, *, #2526, .F. ) ;
#273 = CARTESIAN_POINT ( 'NONE',  ( 4.016115117458150863, -7.500000000000003553, -17.00597160067017199 ) ) ;
#274 = PLANE ( 'NONE',  #1948 ) ;
#275 = CIRCLE ( 'NONE', #2178, 2.803301104857580217 ) ;
#276 = CARTESIAN_POINT ( 'NONE',  ( -0.04299365938289430311, -3.000000000000000000, -22.78323241319281323 ) ) ;
#277 = ORIENTED_EDGE ( 'NONE', *, *, #1388, .F. ) ;
#278 = CYLINDRICAL_SURFACE ( 'NONE', #2470, 4.300000010385215177 ) ;
#279 = CARTESIAN_POINT ( 'NONE',  ( -0.04299410458842448102, -1.000000000000000000, 0.01676821137269898093 ) ) ;
#280 = CARTESIAN_POINT ( 'NONE',  ( -6.613080467453911204, -7.301507977030869512, -19.92900805529344055 ) ) ;
#281 = VERTEX_POINT ( 'NONE', #1916 ) ;
#282 = LINE ( 'NONE', #734, #655 ) ;
#283 = EDGE_CURVE ( 'NONE', #1089, #2471, #917, .T. ) ;
#284 = ORIENTED_EDGE ( 'NONE', *, *, #799, .F. ) ;
#285 = ORIENTED_EDGE ( 'NONE', *, *, #2648, .T. ) ;
#286 = ADVANCED_FACE ( 'NONE', ( #1305 ), #2136, .T. ) ;
#287 = CARTESIAN_POINT ( 'NONE',  ( -6.613080467453912981, -7.499999999999998224, -19.92900805529343700 ) ) ;
#288 = CARTESIAN_POINT ( 'NONE',  ( 13.76634509573136889, -6.530693131733801948, 10.76655263498236081 ) ) ;
#289 = CARTESIAN_POINT ( 'NONE',  ( -0.04299410458842448102, -5.000000000000000000, 0.01676821137269898093 ) ) ;
#290 = ORIENTED_EDGE ( 'NONE', *, *, #81, .F. ) ;
#291 = CARTESIAN_POINT ( 'NONE',  ( 12.32973132602152155, -1.000000000000000000, -15.20978683448597124 ) ) ;
#292 = CARTESIAN_POINT ( 'NONE',  ( -0.2716380063857779525, -11.90084534375105285, -18.63166736344916430 ) ) ;
#293 = CARTESIAN_POINT ( 'NONE',  ( 1.889318017090288571, -5.933900588012541277, -20.89993693717373802 ) ) ;
#294 = ORIENTED_EDGE ( 'NONE', *, *, #194, .T. ) ;
#295 = CYLINDRICAL_SURFACE ( 'NONE', #2684, 3.000000000000000000 ) ;
#296 = VERTEX_POINT ( 'NONE', #59 ) ;
#297 = ORIENTED_EDGE ( 'NONE', *, *, #2556, .F. ) ;
#298 = DIRECTION ( 'NONE',  ( 0.000000000000000000, 0.000000000000000000, 1.000000000000000000 ) ) ;
#299 = FACE_OUTER_BOUND ( 'NONE', #721, .T. ) ;
#300 = EDGE_CURVE ( 'NONE', #1683, #1937, #1321, .T. ) ;
#301 = ORIENTED_EDGE ( 'NONE', *, *, #399, .F. ) ;
#302 = LINE ( 'NONE', #291, #2731 ) ;
#303 = CARTESIAN_POINT ( 'NONE',  ( -16.42708644956537611, -6.166698894319758040, 6.166339930959669147 ) ) ;
#304 = CARTESIAN_POINT ( 'NONE',  ( -10.36448652708683227, -7.500000000000000000, 13.16504767789132302 ) ) ;
#305 = VERTEX_POINT ( 'NONE', #28 ) ;
#306 = CIRCLE ( 'NONE', #1898, 17.49999964116318196 ) ;
#307 = CARTESIAN_POINT ( 'NONE',  ( 16.71680374238588485, -5.296609268041513552, 4.663769931584763384 ) ) ;
#308 = VERTEX_POINT ( 'NONE', #1045 ) ;
#309 = AXIS2_PLACEMENT_3D ( 'NONE', #2090, #1701, #2074 ) ;
#310 = CARTESIAN_POINT ( 'NONE',  ( -0.2716380063857779525, -17.00000000000000000, -16.68166736344916501 ) ) ;
#311 =( NAMED_UNIT ( * ) PLANE_ANGLE_UNIT ( ) SI_UNIT ( $, .RADIAN. ) );
#312 = CARTESIAN_POINT ( 'NONE',  ( -0.04299410458842448102, -4.000000000000016875, 0.01676821137269898093 ) ) ;
#313 = CARTESIAN_POINT ( 'NONE',  ( -7.937244321734494790, -4.518970352122857470, -15.60270020842805394 ) ) ;
#314 = AXIS2_PLACEMENT_3D ( 'NONE', #437, #1290, #251 ) ;
#315 = ORIENTED_EDGE ( 'NONE', *, *, #648, .F. ) ;
#316 = CIRCLE ( 'NONE', #543, 22.75385894699999767 ) ;
#317 = DIRECTION ( 'NONE',  ( 0.000000000000000000, 1.000000000000000000, -0.000000000000000000 ) ) ;
#318 = EDGE_CURVE ( 'NONE', #1937, #1830, #2160, .T. ) ;
#319 = DIRECTION ( 'NONE',  ( 0.000000000000000000, 0.000000000000000000, 1.000000000000000000 ) ) ;
#320 = VECTOR ( 'NONE', #780, 1000.000000000000114 ) ;
#321 = EDGE_CURVE ( 'NONE', #1078, #347, #2356, .T. ) ;
#322 = CARTESIAN_POINT ( 'NONE',  ( 0.9070683000166115395, -6.586439413751386418, -20.96750601060462316 ) ) ;
#323 = ORIENTED_EDGE ( 'NONE', *, *, #1658, .T. ) ;
#324 = DIRECTION ( 'NONE',  ( -0.000000000000000000, -1.000000000000000000, -0.000000000000000000 ) ) ;
#325 = ORIENTED_EDGE ( 'NONE', *, *, #1194, .F. ) ;
#326 = DIRECTION ( 'NONE',  ( -0.000000000000000000, -1.000000000000000000, -0.000000000000000000 ) ) ;
#327 = SURFACE_SIDE_STYLE ('',( #1837 ) ) ;
#328 = CARTESIAN_POINT ( 'NONE',  ( 13.08606436772416792, -14.49892155510438485, 4.999192027114117032 ) ) ;
#329 = DIRECTION ( 'NONE',  ( 0.000000000000000000, 0.000000000000000000, 1.000000000000000000 ) ) ;
#330 = ORIENTED_EDGE ( 'NONE', *, *, #2052, .F. ) ;
#331 = CARTESIAN_POINT ( 'NONE',  ( -0.2716380063857773974, 14.43325734948383854, -12.38166735306394806 ) ) ;
#332 = CARTESIAN_POINT ( 'NONE',  ( -16.57644960880983476, -5.512982778115935290, 5.753855989299665019 ) ) ;
#333 = ADVANCED_FACE ( 'NONE', ( #115 ), #295, .F. ) ;
#334 = DIRECTION ( 'NONE',  ( 0.000000000000000000, -1.000000000000000000, 0.000000000000000000 ) ) ;
#335 = EDGE_CURVE ( 'NONE', #690, #1919, #282, .T. ) ;
#336 = FACE_BOUND ( 'NONE', #2203, .T. ) ;
#337 = ORIENTED_EDGE ( 'NONE', *, *, #131, .F. ) ;
#338 = ORIENTED_EDGE ( 'NONE', *, *, #1194, .T. ) ;
#339 = FILL_AREA_STYLE_COLOUR ( '', #2690 ) ;
#340 = DIRECTION ( 'NONE',  ( -0.000000000000000000, -1.000000000000000000, 0.000000000000000000 ) ) ;
#341 = CARTESIAN_POINT ( 'NONE',  ( -6.221182782066410510, -5.511310223765105043, -16.35697127879627999 ) ) ;
#342 = EDGE_LOOP ( 'NONE', ( #2435, #1343, #1233, #86 ) ) ;
#343 = CARTESIAN_POINT ( 'NONE',  ( -0.2716380063857779525, -16.00000000000000711, -16.68166736344916501 ) ) ;
#344 = CARTESIAN_POINT ( 'NONE',  ( 17.45496344167128555, -5.000000917913086873, 0.2840929262838080005 ) ) ;
#345 = FACE_OUTER_BOUND ( 'NONE', #1712, .T. ) ;
#346 = CIRCLE ( 'NONE', #1897, 14.98829748894759817 ) ;
#347 = VERTEX_POINT ( 'NONE', #2224 ) ;
#348 = EDGE_CURVE ( 'NONE', #945, #242, #1815, .T. ) ;
#349 = VECTOR ( 'NONE', #1675, 1000.000000000000000 ) ;
#350 = ORIENTED_EDGE ( 'NONE', *, *, #1463, .T. ) ;
#351 = DIRECTION ( 'NONE',  ( -0.000000000000000000, -1.000000000000000000, -0.000000000000000000 ) ) ;
#352 = CARTESIAN_POINT ( 'NONE',  ( 6.996911594255078803, -4.499999999999999112, -16.00477235338644988 ) ) ;
#353 = EDGE_CURVE ( 'NONE', #66, #1933, #2004, .T. ) ;
#354 = CARTESIAN_POINT ( 'NONE',  ( -6.053985049440749222, -12.93075672608005711, 13.33701679313406707 ) ) ;
#355 = PRESENTATION_LAYER_ASSIGNMENT (  '', '', ( #484 ) ) ;
#356 = ORIENTED_EDGE ( 'NONE', *, *, #1721, .T. ) ;
#357 = B_SPLINE_CURVE_WITH_KNOTS ( 'NONE', 3,
 ( #935, #51, #1309, #1978, #1966, #1746, #1136, #2621, #2008, #2374, #2197, #64, #2171, #257, #2153, #107 ),
 .UNSPECIFIED., .F., .F.,
 ( 4, 2, 2, 2, 2, 2, 2, 4 ),
 ( 0.000000000000000000, 0.0006005103458354390166, 0.001201020691670878033, 0.001801531037506317158, 0.002402041383341756067, 0.003002551729177195192, 0.003603062075012634317, 0.004804082766683511266 ),
 .UNSPECIFIED. ) ;
#358 = TOROIDAL_SURFACE ( 'NONE', #1056, 7.303301104857576220, 3.000000000000000000 ) ;
#359 = FACE_OUTER_BOUND ( 'NONE', #983, .T. ) ;
#360 = VECTOR ( 'NONE', #731, 1000.000000000000000 ) ;
#361 = CARTESIAN_POINT ( 'NONE',  ( -4.933941409009819701, -4.590895509453825518, 16.82055824289430390 ) ) ;
#362 = VERTEX_POINT ( 'NONE', #529 ) ;
#363 = EDGE_CURVE ( 'NONE', #2600, #1293, #306, .T. ) ;
#364 = DIRECTION ( 'NONE',  ( 0.000000000000000000, -1.000000000000000000, 0.000000000000000000 ) ) ;
#365 = FACE_OUTER_BOUND ( 'NONE', #2517, .T. ) ;
#366 = LINE ( 'NONE', #1207, #1289 ) ;
#367 = EDGE_CURVE ( 'NONE', #1149, #1376, #723, .T. ) ;
#368 = ORIENTED_EDGE ( 'NONE', *, *, #2095, .F. ) ;
#369 = CARTESIAN_POINT ( 'NONE',  ( -10.36448652708683227, -16.99999999999999645, 17.46834878274890102 ) ) ;
#370 = CARTESIAN_POINT ( 'NONE',  ( -13.89743877001407846, -5.000000000000000000, 10.70808821388367882 ) ) ;
#371 = DIRECTION ( 'NONE',  ( 0.000000000000000000, 0.000000000000000000, -1.000000000000000000 ) ) ;
#372 = EDGE_LOOP ( 'NONE', ( #41, #2634, #499, #2270 ) ) ;
#373 = DIRECTION ( 'NONE',  ( 0.000000000000000000, 0.000000000000000000, -1.000000000000000000 ) ) ;
#374 = DIRECTION ( 'NONE',  ( -0.000000000000000000, -1.000000000000000000, -0.000000000000000000 ) ) ;
#375 = ORIENTED_EDGE ( 'NONE', *, *, #2064, .F. ) ;
#376 = CARTESIAN_POINT ( 'NONE',  ( -6.050526265147092353, -13.71861823434657168, 13.02424301065295786 ) ) ;
#377 = EDGE_LOOP ( 'NONE', ( #1917, #330, #1526, #272 ) ) ;
#378 = CYLINDRICAL_SURFACE ( 'NONE', #1009, 1.950000000000000400 ) ;
#379 = CARTESIAN_POINT ( 'NONE',  ( 12.32973132602152155, -3.000000000000000000, -15.20978683448597124 ) ) ;
#380 = ADVANCED_FACE ( 'NONE', ( #1798, #336 ), #1336, .T. ) ;
#381 = ADVANCED_FACE ( 'NONE', ( #749 ), #171, .T. ) ;
#382 = CYLINDRICAL_SURFACE ( 'NONE', #1186, 4.300000010385215177 ) ;
#383 = CARTESIAN_POINT ( 'NONE',  ( -6.522354733422756290, -5.638974648153232572, 16.27350964791388677 ) ) ;
#384 = VERTEX_POINT ( 'NONE', #2205 ) ;
#385 = CIRCLE ( 'NONE', #2159, 17.50000047669407977 ) ;
#386 = CARTESIAN_POINT ( 'NONE',  ( 0.000000000000000000, -4.499999999999999112, 0.000000000000000000 ) ) ;
#387 = ORIENTED_EDGE ( 'NONE', *, *, #1585, .T. ) ;
#388 = VECTOR ( 'NONE', #795, 1000.000000000000000 ) ;
#389 = DIRECTION ( 'NONE',  ( 0.000000000000000000, 0.000000000000000000, 1.000000000000000000 ) ) ;
#390 = VECTOR ( 'NONE', #214, 1000.000000000000000 ) ;
#391 = ORIENTED_EDGE ( 'NONE', *, *, #699, .F. ) ;
#392 = CARTESIAN_POINT ( 'NONE',  ( -0.2716380063857779525, -4.499999999999999112, -16.68166736344916501 ) ) ;
#393 = DIRECTION ( 'NONE',  ( 0.000000000000000000, 1.000000000000000000, -0.000000000000000000 ) ) ;
#394 = ADVANCED_FACE ( 'NONE', ( #486 ), #514, .F. ) ;
#395 = AXIS2_PLACEMENT_3D ( 'NONE', #1707, #1914, #661 ) ;
#396 = CARTESIAN_POINT ( 'NONE',  ( 17.45496344167128555, -4.499999999999999112, 0.2840929262838080005 ) ) ;
#397 = CARTESIAN_POINT ( 'NONE',  ( 3.982029883975258144, -8.170861182699717062, -15.82590130655944805 ) ) ;
#398 = CIRCLE ( 'NONE', #834, 1.950000000000000400 ) ;
#399 = EDGE_CURVE ( 'NONE', #753, #1931, #1066, .T. ) ;
#400 = EDGE_LOOP ( 'NONE', ( #2372, #160, #750, #925, #673, #1455 ) ) ;
#401 = DIRECTION ( 'NONE',  ( 0.000000000000000000, -0.7071067811865445751, -0.7071067811865504593 ) ) ;
#402 = EDGE_LOOP ( 'NONE', ( #2584, #2491, #2277, #2310 ) ) ;
#403 = EDGE_LOOP ( 'NONE', ( #637, #116, #853, #2519 ) ) ;
#404 = CARTESIAN_POINT ( 'NONE',  ( -10.34916758024696648, -17.00000000000000000, 16.10726964327363575 ) ) ;
#405 = DIRECTION ( 'NONE',  ( 0.000000000000000000, 0.000000000000000000, -1.000000000000000000 ) ) ;
#406 = DIRECTION ( 'NONE',  ( 0.000000000000000000, -1.000000000000000000, 0.000000000000000000 ) ) ;
#407 = CARTESIAN_POINT ( 'NONE',  ( -2.483515832578231830, -5.000000000000000888, -17.31222039680566382 ) ) ;
#408 = CARTESIAN_POINT ( 'NONE',  ( -0.2716380063857779525, -5.395462559700928473, -18.63166736344916430 ) ) ;
#409 = EDGE_CURVE ( 'NONE', #1683, #765, #1570, .T. ) ;
#410 = ORIENTED_EDGE ( 'NONE', *, *, #194, .F. ) ;
#411 = ADVANCED_FACE ( 'NONE', ( #1600 ), #501, .T. ) ;
#412 = EDGE_CURVE ( 'NONE', #347, #16, #2067, .T. ) ;
#413 = DIRECTION ( 'NONE',  ( 0.000000000000000000, 1.000000000000000000, 0.000000000000000000 ) ) ;
#414 = CARTESIAN_POINT ( 'NONE',  ( 15.75279881897017553, -7.905994599734953887, 4.582760294318914518 ) ) ;
#415 = ORIENTED_EDGE ( 'NONE', *, *, #2195, .T. ) ;
#416 = CARTESIAN_POINT ( 'NONE',  ( -0.04299410458842448102, -3.000000000000000000, 0.01676821137269898093 ) ) ;
#417 = CARTESIAN_POINT ( 'NONE',  ( 16.22858520919395886, -8.374800730261856785, 0.07192459348649488104 ) ) ;
#418 = CARTESIAN_POINT ( 'NONE',  ( 18.12871105907316149, 29.05176218177019365, -10.50887531931238250 ) ) ;
#419 = DIRECTION ( 'NONE',  ( 0.000000000000000000, -0.000000000000000000, -1.000000000000000000 ) ) ;
#420 = CARTESIAN_POINT ( 'NONE',  ( 16.49010131660362788, -16.99999999999999645, -1.928075640484125497 ) ) ;
#421 = CARTESIAN_POINT ( 'NONE',  ( 2.023959303479281324, -6.154619152016072015, -16.93748088838876598 ) ) ;
#422 = ORIENTED_EDGE ( 'NONE', *, *, #1208, .T. ) ;
#423 = CARTESIAN_POINT ( 'NONE',  ( 13.50903586393364719, -12.93035831488041865, 5.485546580306596809 ) ) ;
#424 = EDGE_CURVE ( 'NONE', #1339, #1538, #2017, .T. ) ;
#425 = VERTEX_POINT ( 'NONE', #1348 ) ;
#426 = DIRECTION ( 'NONE',  ( 1.000000000000000000, 0.000000000000000000, 0.000000000000000000 ) ) ;
#427 = ORIENTED_EDGE ( 'NONE', *, *, #845, .T. ) ;
#428 = DIRECTION ( 'NONE',  ( 0.000000000000000000, -1.000000000000000000, 0.000000000000000000 ) ) ;
#429 = CARTESIAN_POINT ( 'NONE',  ( -4.164292591712194458, -4.499999999999999112, 17.02455570249206218 ) ) ;
#430 = CARTESIAN_POINT ( 'NONE',  ( -10.34916758024696648, -5.395462559700928473, 11.20726964327363362 ) ) ;
#431 = AXIS2_PLACEMENT_3D ( 'NONE', #1387, #1793, #1633 ) ;
#432 = ORIENTED_EDGE ( 'NONE', *, *, #992, .F. ) ;
#433 = CARTESIAN_POINT ( 'NONE',  ( -10.34916758024696648, -5.395462559700928473, 13.15726964327363291 ) ) ;
#434 = AXIS2_PLACEMENT_3D ( 'NONE', #1322, #74, #1113 ) ;
#435 = FACE_BOUND ( 'NONE', #1962, .T. ) ;
#436 = AXIS2_PLACEMENT_3D ( 'NONE', #1545, #1125, #1563 ) ;
#437 = CARTESIAN_POINT ( 'NONE',  ( -10.36448652708683227, 14.43325734948383854, 13.16504767789132302 ) ) ;
#438 = VERTEX_POINT ( 'NONE', #2027 ) ;
#439 = AXIS2_PLACEMENT_3D ( 'NONE', #192, #581, #1857 ) ;
#440 = AXIS2_PLACEMENT_3D ( 'NONE', #1663, #628, #1691 ) ;
#441 = CARTESIAN_POINT ( 'NONE',  ( 13.97401129827190225, -11.34521021180859890, 5.872022322565603858 ) ) ;
#442 = EDGE_LOOP ( 'NONE', ( #576, #2661, #1386, #1319 ) ) ;
#443 = CARTESIAN_POINT ( 'NONE',  ( 14.78979436275282211, -4.499999999999999112, 14.88377059624120413 ) ) ;
#444 = ADVANCED_FACE ( 'NONE', ( #85 ), #103, .T. ) ;
#445 = ORIENTED_EDGE ( 'NONE', *, *, #1482, .F. ) ;
#446 = CARTESIAN_POINT ( 'NONE',  ( -0.04299341723065352311, -2.999999999999999112, 0.01676718069505006570 ) ) ;
#447 = CARTESIAN_POINT ( 'NONE',  ( -0.2716380063857777305, -16.00000000000000711, -14.73166736344916394 ) ) ;
#448 = FACE_OUTER_BOUND ( 'NONE', #973, .T. ) ;
#449 = ADVANCED_FACE ( 'NONE', ( #1925 ), #2706, .T. ) ;
#450 = B_SPLINE_CURVE_WITH_KNOTS ( 'NONE', 3,
 ( #1971, #468, #2319, #2179 ),
 .UNSPECIFIED., .F., .F.,
 ( 4, 4 ),
 ( 0.000000000000000000, 0.003003872777334320922 ),
 .UNSPECIFIED. ) ;
#451 = ORIENTED_EDGE ( 'NONE', *, *, #1877, .T. ) ;
#452 = CARTESIAN_POINT ( 'NONE',  ( -0.04299410458842234384, -4.000000000000016875, -17.48323157397489425 ) ) ;
#453 = CARTESIAN_POINT ( 'NONE',  ( -8.042400439931292055, -11.34633101139763411, 12.93151854549899760 ) ) ;
#454 = DIRECTION ( 'NONE',  ( 0.000000000000000000, 0.000000000000000000, -1.000000000000000000 ) ) ;
#455 = VERTEX_POINT ( 'NONE', #2497 ) ;
#456 = CARTESIAN_POINT ( 'NONE',  ( -0.04299410458842448102, -5.000000000000000888, 0.01676821137269898093 ) ) ;
#457 = ORIENTED_EDGE ( 'NONE', *, *, #162, .T. ) ;
#458 = DIRECTION ( 'NONE',  ( 0.000000000000000000, 1.000000000000000000, 0.000000000000000000 ) ) ;
#459 = ORIENTED_EDGE ( 'NONE', *, *, #565, .T. ) ;
#460 = DIRECTION ( 'NONE',  ( -0.000000000000000000, -1.000000000000000000, 0.000000000000000000 ) ) ;
#461 = DIRECTION ( 'NONE',  ( 8.659560562354963673E-17, -0.7071067811865450192, 0.7071067811865500152 ) ) ;
#462 = CARTESIAN_POINT ( 'NONE',  ( 16.49010131660362788, 14.43325734948383854, 2.371924572193067959 ) ) ;
#463 = VERTEX_POINT ( 'NONE', #831 ) ;
#464 = LINE ( 'NONE', #1313, #1636 ) ;
#465 = ADVANCED_FACE ( 'NONE', ( #2293, #846 ), #1476, .T. ) ;
#466 = CARTESIAN_POINT ( 'NONE',  ( 14.36290286054165577, -13.31806025628110923, -1.372230800685145580 ) ) ;
#467 = ADVANCED_BREP_SHAPE_REPRESENTATION ( 'adapter_v4_v4_top', ( #1163, #877 ), #2689 ) ;
#468 = CARTESIAN_POINT ( 'NONE',  ( -10.89189610782448625, -12.76733126400438501, 9.903561437413900492 ) ) ;
#469 = ORIENTED_EDGE ( 'NONE', *, *, #424, .F. ) ;
#470 = DIRECTION ( 'NONE',  ( -0.000000000000000000, -1.000000000000000000, -0.000000000000000000 ) ) ;
#471 = EDGE_LOOP ( 'NONE', ( #898, #277, #1803 ) ) ;
#472 = EDGE_LOOP ( 'NONE', ( #4, #1942, #1792, #1112, #1666 ) ) ;
#473 = DIRECTION ( 'NONE',  ( 0.000000000000000000, 0.000000000000000000, 1.000000000000000000 ) ) ;
#474 = LINE ( 'NONE', #889, #220 ) ;
#475 = CARTESIAN_POINT ( 'NONE',  ( 16.49010131660362788, -7.500000000000000000, 2.371924572193067959 ) ) ;
#476 = VERTEX_POINT ( 'NONE', #1693 ) ;
#477 = CARTESIAN_POINT ( 'NONE',  ( -19.57196924886525835, -7.301511274749527658, 7.738107516382539686 ) ) ;
#478 = CARTESIAN_POINT ( 'NONE',  ( -0.2716380063856758120, -7.456146828265329596, -20.98198790773657407 ) ) ;
#479 = AXIS2_PLACEMENT_3D ( 'NONE', #1057, #1072, #1895 ) ;
#480 = EDGE_CURVE ( 'NONE', #1767, #1285, #2717, .T. ) ;
#481 = CIRCLE ( 'NONE', #1325, 1.950000000000000400 ) ;
#482 = CYLINDRICAL_SURFACE ( 'NONE', #314, 4.303301104857576220 ) ;
#483 = EDGE_LOOP ( 'NONE', ( #2618, #2386, #1139, #27 ) ) ;
#484 = STYLED_ITEM ( 'NONE', ( #1812 ), #1163 ) ;
#485 = EDGE_CURVE ( 'NONE', #1825, #1800, #1654, .T. ) ;
#486 = FACE_OUTER_BOUND ( 'NONE', #599, .T. ) ;
#487 = CONICAL_SURFACE ( 'NONE', #1952, 17.49999978534759038, 0.3490658503988774974 ) ;
#488 = EDGE_LOOP ( 'NONE', ( #1350, #271, #2045, #1823, #2189 ) ) ;
#489 = VECTOR ( 'NONE', #1428, 1000.000000000000227 ) ;
#490 = ORIENTED_EDGE ( 'NONE', *, *, #1742, .F. ) ;
#491 = DIRECTION ( 'NONE',  ( 0.000000000000000000, -1.000000000000000000, -0.000000000000000000 ) ) ;
#492 = DIRECTION ( 'NONE',  ( 0.000000000000000000, 0.000000000000000000, 1.000000000000000000 ) ) ;
#493 = AXIS2_PLACEMENT_3D ( 'NONE', #1040, #1894, #2729 ) ;
#494 = DIRECTION ( 'NONE',  ( -0.9299512230877768904, 0.000000000000000000, 0.3676829105051631075 ) ) ;
#495 = EDGE_LOOP ( 'NONE', ( #1013, #1134, #1062, #2560 ) ) ;
#496 = CARTESIAN_POINT ( 'NONE',  ( -0.04299410458842448102, -4.000000000000016875, 0.01676821137269898093 ) ) ;
#497 = DIRECTION ( 'NONE',  ( 0.000000000000000000, 0.000000000000000000, -1.000000000000000000 ) ) ;
#498 = CARTESIAN_POINT ( 'NONE',  ( 1.922146157659283983, -4.499999999999999112, -17.37254572523164242 ) ) ;
#499 = ORIENTED_EDGE ( 'NONE', *, *, #2363, .T. ) ;
#500 = EDGE_CURVE ( 'NONE', #807, #463, #129, .T. ) ;
#501 = CYLINDRICAL_SURFACE ( 'NONE', #2164, 4.303301104857576220 ) ;
#502 = EDGE_CURVE ( 'NONE', #1151, #2280, #2255, .T. ) ;
#503 = VERTEX_POINT ( 'NONE', #629 ) ;
#504 = EDGE_CURVE ( 'NONE', #438, #1361, #2132, .T. ) ;
#505 = FACE_OUTER_BOUND ( 'NONE', #2221, .T. ) ;
#506 = DIRECTION ( 'NONE',  ( 0.000000000000000000, 0.000000000000000000, 1.000000000000000000 ) ) ;
#507 = CARTESIAN_POINT ( 'NONE',  ( -5.518066120219772053, -4.499999999999999112, -16.60471267181405963 ) ) ;
#508 = DIRECTION ( 'NONE',  ( 0.000000000000000000, 1.000000000000000000, 0.000000000000000000 ) ) ;
#509 = EDGE_LOOP ( 'NONE', ( #2608, #942, #1106, #1170 ) ) ;
#510 = CARTESIAN_POINT ( 'NONE',  ( -12.65206152614018897, -17.00000000000000000, 16.80996208330257957 ) ) ;
#511 = DIRECTION ( 'NONE',  ( -0.000000000000000000, 1.000000000000000000, -0.000000000000000000 ) ) ;
#512 = CARTESIAN_POINT ( 'NONE',  ( -10.36448652708683227, -14.49892155510435998, 13.16504767789132302 ) ) ;
#513 = VERTEX_POINT ( 'NONE', #805 ) ;
#514 = CYLINDRICAL_SURFACE ( 'NONE', #966, 1.950000000000000400 ) ;
#515 = ORIENTED_EDGE ( 'NONE', *, *, #2730, .F. ) ;
#516 = EDGE_CURVE ( 'NONE', #822, #1946, #1266, .T. ) ;
#517 = EDGE_LOOP ( 'NONE', ( #1100, #368, #2657, #1076, #2603 ) ) ;
#518 = CARTESIAN_POINT ( 'NONE',  ( -2.340078559645732525, -11.90084534375105285, -14.79445944279314240 ) ) ;
#519 = FACE_OUTER_BOUND ( 'NONE', #1561, .T. ) ;
#520 = CARTESIAN_POINT ( 'NONE',  ( -0.04299341723065352311, -4.499999999999999112, 0.01676718069505006570 ) ) ;
#521 = ORIENTED_EDGE ( 'NONE', *, *, #424, .T. ) ;
#522 = CARTESIAN_POINT ( 'NONE',  ( -0.04299341721756234219, -7.286066123503335490, -20.98323266721168778 ) ) ;
#523 = DIRECTION ( 'NONE',  ( 0.000000000000000000, -1.000000000000000000, 0.000000000000000000 ) ) ;
#524 = CIRCLE ( 'NONE', #1138, 22.80000001305370461 ) ;
#525 = VECTOR ( 'NONE', #2331, 1000.000000000000000 ) ;
#526 = CARTESIAN_POINT ( 'NONE',  ( -9.395089659820138550, -4.499999999999999112, -18.78584671954303786 ) ) ;
#527 = EDGE_LOOP ( 'NONE', ( #1032, #427, #1974 ) ) ;
#528 = CIRCLE ( 'NONE', #1596, 1.950000000000000400 ) ;
#529 = CARTESIAN_POINT ( 'NONE',  ( -0.2716380063857779525, -4.499999999999999112, -18.98166750385719581 ) ) ;
#530 = ORIENTED_EDGE ( 'NONE', *, *, #2648, .F. ) ;
#531 = VECTOR ( 'NONE', #189, 1000.000000000000000 ) ;
#532 = CONICAL_SURFACE ( 'NONE', #875, 4.303301104857576220, 0.5235987755982992597 ) ;
#533 = LINE ( 'NONE', #2226, #606 ) ;
#534 = CARTESIAN_POINT ( 'NONE',  ( 14.64797494126985811, -4.499999999999999112, 15.02261411785990042 ) ) ;
#535 = CARTESIAN_POINT ( 'NONE',  ( -2.483515832578232274, -5.000000000000000000, -17.31222039680566738 ) ) ;
#536 = DIRECTION ( 'NONE',  ( 0.000000000000000000, -1.000000000000000000, -0.000000000000000000 ) ) ;
#537 = EDGE_CURVE ( 'NONE', #2010, #1538, #1678, .T. ) ;
#538 = ORIENTED_EDGE ( 'NONE', *, *, #1256, .T. ) ;
#539 = AXIS2_PLACEMENT_3D ( 'NONE', #2190, #2396, #1999 ) ;
#540 = LINE ( 'NONE', #963, #572 ) ;
#541 = DIRECTION ( 'NONE',  ( 0.000000000000000000, -0.000000000000000000, -1.000000000000000000 ) ) ;
#542 = ADVANCED_FACE ( 'NONE', ( #1439 ), #2510, .F. ) ;
#543 = AXIS2_PLACEMENT_3D ( 'NONE', #654, #2142, #672 ) ;
#544 = DIRECTION ( 'NONE',  ( -0.000000000000000000, -1.000000000000000000, -0.000000000000000000 ) ) ;
#545 = DIRECTION ( 'NONE',  ( -0.000000000000000000, 1.000000000000000000, -0.000000000000000000 ) ) ;
#546 = EDGE_LOOP ( 'NONE', ( #2499, #1903 ) ) ;
#547 = EDGE_LOOP ( 'NONE', ( #259, #1972, #2402, #2236, #596, #705, #698, #1258, #1332, #737, #1410, #1279, #864, #391, #2427, #175, #170, #2357, #415, #422, #742 ) ) ;
#548 = CARTESIAN_POINT ( 'NONE',  ( 3.289237737655640093, -3.000000000000000000, -22.53841400146484730 ) ) ;
#549 = DIRECTION ( 'NONE',  ( 0.000000000000000000, 0.000000000000000000, -1.000000000000000000 ) ) ;
#550 = VERTEX_POINT ( 'NONE', #407 ) ;
#551 = CARTESIAN_POINT ( 'NONE',  ( -0.04299410458842448102, -11.90084534375105285, 0.01676821137269898093 ) ) ;
#552 = DIRECTION ( 'NONE',  ( -0.7944752572527638002, 0.000000000000000000, -0.6072965219834169925 ) ) ;
#553 = PRODUCT_DEFINITION ( 'æœ', '', #929, #203 ) ;
#554 = EDGE_CURVE ( 'NONE', #2303, #621, #204, .T. ) ;
#555 = CARTESIAN_POINT ( 'NONE',  ( 1.847698717730938744, -11.90084534375105285, -14.85180072678752161 ) ) ;
#556 = EDGE_LOOP ( 'NONE', ( #2656, #1347, #187, #284 ) ) ;
#557 = ORIENTED_EDGE ( 'NONE', *, *, #207, .T. ) ;
#558 = DIRECTION ( 'NONE',  ( 0.000000000000000000, -1.000000000000000000, -0.000000000000000000 ) ) ;
#559 = FACE_OUTER_BOUND ( 'NONE', #488, .T. ) ;
#560 = DIRECTION ( 'NONE',  ( -0.000000000000000000, -1.000000000000000000, -0.000000000000000000 ) ) ;
#561 = ORIENTED_EDGE ( 'NONE', *, *, #1638, .T. ) ;
#562 = CARTESIAN_POINT ( 'NONE',  ( -10.34916758024696648, 14.43325734948383854, 13.15726964327363291 ) ) ;
#563 = FACE_OUTER_BOUND ( 'NONE', #1739, .T. ) ;
#564 = CARTESIAN_POINT ( 'NONE',  ( 3.079490456224989625, -13.71835389094180258, -13.96669052048624415 ) ) ;
#565 = EDGE_CURVE ( 'NONE', #209, #1767, #2598, .T. ) ;
#566 = B_SPLINE_CURVE_WITH_KNOTS ( 'NONE', 3,
 ( #2086, #376, #354, #1398, #2492, #769, #792, #2240 ),
 .UNSPECIFIED., .F., .F.,
 ( 4, 2, 2, 4 ),
 ( -0.002784641026939741262, -0.0002524841365018292393, 0.002279672753936082784, 0.007343986534811901626 ),
 .UNSPECIFIED. ) ;
#567 = AXIS2_PLACEMENT_3D ( 'NONE', #2572, #1527, #2149 ) ;
#568 = ORIENTED_EDGE ( 'NONE', *, *, #1221, .F. ) ;
#569 = ADVANCED_FACE ( 'NONE', ( #2486 ), #382, .T. ) ;
#570 = TOROIDAL_SURFACE ( 'NONE', #1369, 7.300000010385216065, 3.000000000000000000 ) ;
#571 = FACE_OUTER_BOUND ( 'NONE', #886, .T. ) ;
#572 = VECTOR ( 'NONE', #2421, 1000.000000000000000 ) ;
#573 = CARTESIAN_POINT ( 'NONE',  ( 5.552729377208305728, -4.880166944756201275, -16.56537194066598317 ) ) ;
#574 = CARTESIAN_POINT ( 'NONE',  ( -6.104023617480128117, -5.662382902982240118, -16.40048205305204831 ) ) ;
#575 = CIRCLE ( 'NONE', #927, 20.99999984790673579 ) ;
#576 = ORIENTED_EDGE ( 'NONE', *, *, #2724, .F. ) ;
#577 = LINE ( 'NONE', #1831, #922 ) ;
#578 = CONICAL_SURFACE ( 'NONE', #881, 1.950000000000000400, 0.7853981633974523868 ) ;
#579 = DIRECTION ( 'NONE',  ( 0.000000000000000000, -1.000000000000000000, 0.000000000000000000 ) ) ;
#580 = AXIS2_PLACEMENT_3D ( 'NONE', #642, #236, #1042 ) ;
#581 = DIRECTION ( 'NONE',  ( -0.000000000000000000, -1.000000000000000000, -0.000000000000000000 ) ) ;
#582 = AXIS2_PLACEMENT_3D ( 'NONE', #520, #2606, #108 ) ;
#583 = ORIENTED_EDGE ( 'NONE', *, *, #1858, .T. ) ;
#584 = CARTESIAN_POINT ( 'NONE',  ( 14.21900511369879894, -10.55084159499281249, 6.034728190345843402 ) ) ;
#585 = EDGE_CURVE ( 'NONE', #1796, #1933, #2551, .T. ) ;
#586 = CARTESIAN_POINT ( 'NONE',  ( 12.89765250057878454, -4.893431367235883123, 11.79882325828060630 ) ) ;
#587 = VERTEX_POINT ( 'NONE', #1017 ) ;
#588 = LINE ( 'NONE', #2287, #2046 ) ;
#589 = ORIENTED_EDGE ( 'NONE', *, *, #2711, .F. ) ;
#590 = CARTESIAN_POINT ( 'NONE',  ( -11.34968964572912142, -9.632081376128565964, 11.07355005438239637 ) ) ;
#591 = CARTESIAN_POINT ( 'NONE',  ( -0.04299410458842448102, -4.000000000000016875, 0.01676821137269898093 ) ) ;
#592 = DIRECTION ( 'NONE',  ( 0.7944752572527638002, 0.000000000000000000, 0.6072965219834169925 ) ) ;
#593 = DIRECTION ( 'NONE',  ( 0.000000000000000000, 0.000000000000000000, -1.000000000000000000 ) ) ;
#594 = EDGE_LOOP ( 'NONE', ( #1352, #1982, #1754, #2119, #2101, #2139, #325, #766, #1, #589, #760, #2015, #2580, #669, #2685, #1810 ) ) ;
#595 = DIRECTION ( 'NONE',  ( 0.000000000000000000, -1.000000000000000000, 0.000000000000000000 ) ) ;
#596 = ORIENTED_EDGE ( 'NONE', *, *, #1591, .T. ) ;
#597 = DIRECTION ( 'NONE',  ( 0.000000000000000000, 1.000000000000000000, 0.000000000000000000 ) ) ;
#598 = EDGE_CURVE ( 'NONE', #281, #2241, #1449, .T. ) ;
#599 = EDGE_LOOP ( 'NONE', ( #933, #1370, #1021, #1131 ) ) ;
#600 = CARTESIAN_POINT ( 'NONE',  ( 16.49010131660362788, -7.656295128692543805, 0.07192459348554573750 ) ) ;
#601 = CARTESIAN_POINT ( 'NONE',  ( 12.32973132602151622, -4.499999999999999112, -15.20978683448597302 ) ) ;
#602 = EDGE_CURVE ( 'NONE', #2575, #1716, #148, .T. ) ;
#603 = DIRECTION ( 'NONE',  ( 0.000000000000000000, -1.000000000000000000, 0.000000000000000000 ) ) ;
#604 = CARTESIAN_POINT ( 'NONE',  ( -6.739731553631867378, -5.965391933933287483, 16.18517765174816958 ) ) ;
#605 = ORIENTED_EDGE ( 'NONE', *, *, #2363, .F. ) ;
#606 = VECTOR ( 'NONE', #326, 1000.000000000000000 ) ;
#607 = CARTESIAN_POINT ( 'NONE',  ( -0.04299410458842234384, -4.000000000000016875, -17.48323157397489425 ) ) ;
#608 = B_SPLINE_CURVE_WITH_KNOTS ( 'NONE', 3,
 ( #741, #1115, #313, #1156, #1967, #2391, #1342, #2188, #986, #341, #574, #135, #1444, #1620, #2469, #1181, #1607, #1434 ),
 .UNSPECIFIED., .F., .F.,
 ( 4, 2, 2, 2, 2, 2, 2, 2, 4 ),
 ( 0.000000000000000000, 0.0005875931426581790760, 0.001175186285316358152, 0.001762779427974537228, 0.002350372570632716304, 0.002937965713290895380, 0.003525558855949074456, 0.004113151998607253099, 0.004700745141265432608 ),
 .UNSPECIFIED. ) ;
#609 = ORIENTED_EDGE ( 'NONE', *, *, #500, .T. ) ;
#610 = VECTOR ( 'NONE', #2235, 1000.000000000000000 ) ;
#611 = AXIS2_PLACEMENT_3D ( 'NONE', #1502, #1920, #2588 ) ;
#612 = CARTESIAN_POINT ( 'NONE',  ( -0.04299365938289430311, -1.000000000000000000, -22.78323241319281323 ) ) ;
#613 = EDGE_CURVE ( 'NONE', #2241, #1149, #1944, .T. ) ;
#614 = CARTESIAN_POINT ( 'NONE',  ( 18.12871105907316149, -2.999999999999999112, -10.50887531931238428 ) ) ;
#615 = AXIS2_PLACEMENT_3D ( 'NONE', #312, #695, #1588 ) ;
#616 = DIRECTION ( 'NONE',  ( 0.000000000000000000, 0.000000000000000000, -1.000000000000000000 ) ) ;
#617 = EDGE_CURVE ( 'NONE', #1151, #308, #1101, .T. ) ;
#618 = CARTESIAN_POINT ( 'NONE',  ( -10.34916758024696648, -16.00000000000000711, 13.15726964327363291 ) ) ;
#619 = AXIS2_PLACEMENT_3D ( 'NONE', #1762, #2177, #1970 ) ;
#620 = CIRCLE ( 'NONE', #1019, 2.299999978706575465 ) ;
#621 = VERTEX_POINT ( 'NONE', #858 ) ;
#622 = DIRECTION ( 'NONE',  ( 0.000000000000000000, 0.000000000000000000, -1.000000000000000000 ) ) ;
#623 = ORIENTED_EDGE ( 'NONE', *, *, #862, .F. ) ;
#624 = CARTESIAN_POINT ( 'NONE',  ( 16.45378615154634261, -6.166554495136420400, 13.01145503716195151 ) ) ;
#625 = ORIENTED_EDGE ( 'NONE', *, *, #2724, .T. ) ;
#626 = DIRECTION ( 'NONE',  ( 0.000000000000000000, 1.000000000000000000, -0.000000000000000000 ) ) ;
#627 = DIRECTION ( 'NONE',  ( -0.000000000000000000, -1.000000000000000000, -0.000000000000000000 ) ) ;
#628 = DIRECTION ( 'NONE',  ( 0.000000000000000000, -1.000000000000000000, 0.000000000000000000 ) ) ;
#629 = CARTESIAN_POINT ( 'NONE',  ( -10.36448652708683227, -11.90084534375105285, 10.36174657303374325 ) ) ;
#630 = CARTESIAN_POINT ( 'NONE',  ( -8.037851240339065839, -10.77986808279031905, 13.17494221652978403 ) ) ;
#631 = ADVANCED_FACE ( 'NONE', ( #700 ), #570, .F. ) ;
#632 = CARTESIAN_POINT ( 'NONE',  ( 1.991164746426549170, -5.577031894065326512, -17.15338610929178031 ) ) ;
#633 = ORIENTED_EDGE ( 'NONE', *, *, #759, .T. ) ;
#634 = CARTESIAN_POINT ( 'NONE',  ( -9.360575604932604321, -4.902881488136826782, 18.84514150455178694 ) ) ;
#635 = ORIENTED_EDGE ( 'NONE', *, *, #2158, .F. ) ;
#636 = CARTESIAN_POINT ( 'NONE',  ( 16.54642839963623757, -6.527883350745653068, 12.89297517877768051 ) ) ;
#637 = ORIENTED_EDGE ( 'NONE', *, *, #1022, .F. ) ;
#638 = CARTESIAN_POINT ( 'NONE',  ( -12.03580272202254875, -7.311213637495050044, 11.57914787528273237 ) ) ;
#639 = DIRECTION ( 'NONE',  ( 7.106722449263911514E-15, 0.000000000000000000, -1.000000000000000000 ) ) ;
#640 = CARTESIAN_POINT ( 'NONE',  ( 16.49010131660362788, -17.00000000000000000, 2.371924572193067959 ) ) ;
#641 = DIRECTION ( 'NONE',  ( 0.000000000000000000, 0.000000000000000000, -1.000000000000000000 ) ) ;
#642 = CARTESIAN_POINT ( 'NONE',  ( -10.34916758024696648, 14.43325734948383854, 13.15726964327363291 ) ) ;
#643 = CARTESIAN_POINT ( 'NONE',  ( -0.04299341723065352311, -4.499999999999999112, 0.01676718069505006570 ) ) ;
#644 = ORIENTED_EDGE ( 'NONE', *, *, #1797, .T. ) ;
#645 = ADVANCED_FACE ( 'NONE', ( #1549 ), #868, .F. ) ;
#646 = DIRECTION ( 'NONE',  ( 0.000000000000000000, 0.000000000000000000, 1.000000000000000000 ) ) ;
#647 = ORIENTED_EDGE ( 'NONE', *, *, #1591, .F. ) ;
#648 = EDGE_CURVE ( 'NONE', #425, #587, #1969, .T. ) ;
#649 = CARTESIAN_POINT ( 'NONE',  ( -10.36448652708683227, -11.90084534375105285, 13.16504767789132302 ) ) ;
#650 = CIRCLE ( 'NONE', #1854, 14.98829748894759817 ) ;
#651 = ORIENTED_EDGE ( 'NONE', *, *, #1842, .T. ) ;
#652 = CIRCLE ( 'NONE', #2034, 2.950000000000001066 ) ;
#653 = CARTESIAN_POINT ( 'NONE',  ( -0.2716380063857779525, -4.499999999999999112, -16.68166736344916501 ) ) ;
#654 = CARTESIAN_POINT ( 'NONE',  ( 0.000000000000000000, -1.000000000000000000, 0.000000000000000000 ) ) ;
#655 = VECTOR ( 'NONE', #1002, 1000.000000000000000 ) ;
#656 = ORIENTED_EDGE ( 'NONE', *, *, #904, .F. ) ;
#657 = CARTESIAN_POINT ( 'NONE',  ( -0.2716380063857779525, 14.43325734948383854, -16.68166736344916501 ) ) ;
#658 = CIRCLE ( 'NONE', #1278, 14.98829748894759817 ) ;
#659 = CARTESIAN_POINT ( 'NONE',  ( -1.925332779884737056, -11.34633107549841213, -15.05764980110760476 ) ) ;
#660 =( GEOMETRIC_REPRESENTATION_CONTEXT ( 3 ) GLOBAL_UNCERTAINTY_ASSIGNED_CONTEXT ( ( #2065 ) ) GLOBAL_UNIT_ASSIGNED_CONTEXT ( ( #1630, #311, #1354 ) ) REPRESENTATION_CONTEXT ( 'NONE', 'WORKASPACE' ) );
#661 = DIRECTION ( 'NONE',  ( 0.000000000000000000, 0.000000000000000000, 1.000000000000000000 ) ) ;
#662 = ORIENTED_EDGE ( 'NONE', *, *, #2433, .T. ) ;
#663 = CIRCLE ( 'NONE', #1506, 22.80000001305370461 ) ;
#664 = AXIS2_PLACEMENT_3D ( 'NONE', #1003, #2512, #593 ) ;
#665 = CARTESIAN_POINT ( 'NONE',  ( -11.20399410507097748, -5.965676960646939975, 17.81195647892502265 ) ) ;
#666 = VERTEX_POINT ( 'NONE', #2200 ) ;
#667 = AXIS2_PLACEMENT_3D ( 'NONE', #1265, #2533, #2349 ) ;
#668 = EDGE_CURVE ( 'NONE', #913, #1548, #302, .T. ) ;
#669 = ORIENTED_EDGE ( 'NONE', *, *, #42, .F. ) ;
#670 = FACE_OUTER_BOUND ( 'NONE', #402, .T. ) ;
#671 = DIRECTION ( 'NONE',  ( 0.000000000000000000, 0.000000000000000000, -1.000000000000000000 ) ) ;
#672 = DIRECTION ( 'NONE',  ( 0.000000000000000000, 0.000000000000000000, 1.000000000000000000 ) ) ;
#673 = ORIENTED_EDGE ( 'NONE', *, *, #1886, .T. ) ;
#674 = CARTESIAN_POINT ( 'NONE',  ( 14.94529021279291925, -11.90084534375105285, 0.03663875573817762521 ) ) ;
#675 = CARTESIAN_POINT ( 'NONE',  ( -8.142786016952086925, -9.059900721419950287, 13.84098005438430867 ) ) ;
#676 = CARTESIAN_POINT ( 'NONE',  ( -0.3305105659850045008, -7.499999999999999112, -20.98126433421736792 ) ) ;
#677 = ORIENTED_EDGE ( 'NONE', *, *, #759, .F. ) ;
#678 = DIRECTION ( 'NONE',  ( 0.000000000000000000, 0.000000000000000000, -1.000000000000000000 ) ) ;
#679 = ORIENTED_EDGE ( 'NONE', *, *, #668, .T. ) ;
#680 = ORIENTED_EDGE ( 'NONE', *, *, #1481, .T. ) ;
#681 = CARTESIAN_POINT ( 'NONE',  ( -0.04299410458842448102, -5.000000000000000000, 0.01676821137269898093 ) ) ;
#682 = CARTESIAN_POINT ( 'NONE',  ( -0.04299410458842448102, -4.000000000000016875, 0.01676821137269898093 ) ) ;
#683 = CARTESIAN_POINT ( 'NONE',  ( -16.31714034138747493, -17.00000000000000000, 6.451217477220977159 ) ) ;
#684 = ADVANCED_FACE ( 'NONE', ( #55 ), #278, .T. ) ;
#685 = ORIENTED_EDGE ( 'NONE', *, *, #300, .F. ) ;
#686 = DIRECTION ( 'NONE',  ( 0.000000000000000000, -1.000000000000000000, -0.000000000000000000 ) ) ;
#687 = CYLINDRICAL_SURFACE ( 'NONE', #2127, 20.99999984790673579 ) ;
#688 = EDGE_CURVE ( 'NONE', #587, #2453, #1274, .T. ) ;
#689 = DIRECTION ( 'NONE',  ( 0.000000000000000000, 0.000000000000000000, -1.000000000000000000 ) ) ;
#690 = VERTEX_POINT ( 'NONE', #2408 ) ;
#691 = CARTESIAN_POINT ( 'NONE',  ( -12.51343567752020292, -7.177627934089404249, 16.91324146424495467 ) ) ;
#692 = VERTEX_POINT ( 'NONE', #452 ) ;
#693 = VERTEX_POINT ( 'NONE', #510 ) ;
#694 = CARTESIAN_POINT ( 'NONE',  ( -0.04299341723065352311, 14.43325734948383854, -20.98323266721168778 ) ) ;
#695 = DIRECTION ( 'NONE',  ( 0.000000000000000000, 1.000000000000000000, 0.000000000000000000 ) ) ;
#696 = DIRECTION ( 'NONE',  ( 0.000000000000000000, -1.000000000000000000, 0.000000000000000000 ) ) ;
#697 = AXIS2_PLACEMENT_3D ( 'NONE', #1231, #2481, #2275 ) ;
#698 = ORIENTED_EDGE ( 'NONE', *, *, #1781, .T. ) ;
#699 = EDGE_CURVE ( 'NONE', #1484, #347, #2641, .T. ) ;
#700 = FACE_OUTER_BOUND ( 'NONE', #1046, .T. ) ;
#701 = CARTESIAN_POINT ( 'NONE',  ( -12.49043114148933142, -5.000000000000000000, 12.31763277722541972 ) ) ;
#702 = EDGE_CURVE ( 'NONE', #2626, #296, #248, .T. ) ;
#703 = CIRCLE ( 'NONE', #1049, 14.98829748894759817 ) ;
#704 = CARTESIAN_POINT ( 'NONE',  ( 5.647309851314292750, -4.499999999999999112, -20.20636459827117548 ) ) ;
#705 = ORIENTED_EDGE ( 'NONE', *, *, #1557, .T. ) ;
#706 = AXIS2_PLACEMENT_3D ( 'NONE', #855, #1503, #2347 ) ;
#707 = CARTESIAN_POINT ( 'NONE',  ( -10.36448652708683227, -14.49892155510435998, 13.16504767789132302 ) ) ;
#708 = AXIS2_PLACEMENT_3D ( 'NONE', #69, #1479, #689 ) ;
#709 = ORIENTED_EDGE ( 'NONE', *, *, #1844, .T. ) ;
#710 = VECTOR ( 'NONE', #2291, 1000.000000000000000 ) ;
#711 = B_SPLINE_CURVE_WITH_KNOTS ( 'NONE', 3,
 ( #120, #1367, #2198, #936 ),
 .UNSPECIFIED., .F., .F.,
 ( 4, 4 ),
 ( 0.000000000000000000, 0.003003872777334321356 ),
 .UNSPECIFIED. ) ;
#712 = DIRECTION ( 'NONE',  ( 0.000000000000000000, 0.000000000000000000, -1.000000000000000000 ) ) ;
#713 = DIRECTION ( 'NONE',  ( 0.000000000000000000, -1.000000000000000000, 0.000000000000000000 ) ) ;
#714 = CARTESIAN_POINT ( 'NONE',  ( 13.21663852485781732, -5.236295946686654545, 11.43830355541884636 ) ) ;
#715 = CIRCLE ( 'NONE', #1957, 4.303301104857576220 ) ;
#716 = CARTESIAN_POINT ( 'NONE',  ( -0.2716380063857779525, -7.500000000000000000, -23.98166737383437663 ) ) ;
#717 = ORIENTED_EDGE ( 'NONE', *, *, #585, .F. ) ;
#718 = DIRECTION ( 'NONE',  ( 0.000000000000000000, 1.000000000000000000, 0.000000000000000000 ) ) ;
#719 = CARTESIAN_POINT ( 'NONE',  ( 0.000000000000000000, -3.000000000000000000, 0.000000000000000000 ) ) ;
#720 = DIRECTION ( 'NONE',  ( 0.000000000000000000, 0.000000000000000000, -1.000000000000000000 ) ) ;
#721 = EDGE_LOOP ( 'NONE', ( #2336, #1127, #1540, #1157, #2124 ) ) ;
#722 = EDGE_CURVE ( 'NONE', #2447, #1416, #958, .T. ) ;
#723 = LINE ( 'NONE', #1132, #388 ) ;
#724 = ORIENTED_EDGE ( 'NONE', *, *, #987, .F. ) ;
#725 = ORIENTED_EDGE ( 'NONE', *, *, #2013, .F. ) ;
#726 = CARTESIAN_POINT ( 'NONE',  ( -3.002443331783182678, -13.63320435481629112, -14.03818505747185341 ) ) ;
#727 = DIRECTION ( 'NONE',  ( -0.000000000000000000, -1.000000000000000000, -0.000000000000000000 ) ) ;
#728 = FACE_OUTER_BOUND ( 'NONE', #1565, .T. ) ;
#729 = ORIENTED_EDGE ( 'NONE', *, *, #2016, .F. ) ;
#730 = CARTESIAN_POINT ( 'NONE',  ( -0.04299341723065352311, -2.999999999999999112, -20.98323266721168778 ) ) ;
#731 = DIRECTION ( 'NONE',  ( 0.000000000000000000, 1.000000000000000000, 0.000000000000000000 ) ) ;
#732 = CARTESIAN_POINT ( 'NONE',  ( 16.14775474154061641, -16.99999999999999645, 6.658275077175897394 ) ) ;
#733 = VERTEX_POINT ( 'NONE', #37 ) ;
#734 = CARTESIAN_POINT ( 'NONE',  ( -10.34916758024696648, 14.43325734948383854, 15.45726953221215361 ) ) ;
#735 = EDGE_CURVE ( 'NONE', #1512, #1024, #464, .T. ) ;
#736 = EDGE_LOOP ( 'NONE', ( #1783, #2085, #2597, #2703, #679 ) ) ;
#737 = ORIENTED_EDGE ( 'NONE', *, *, #613, .F. ) ;
#738 = EDGE_CURVE ( 'NONE', #822, #1149, #2254, .T. ) ;
#739 = DIRECTION ( 'NONE',  ( 0.000000000000000000, 0.000000000000000000, -1.000000000000000000 ) ) ;
#740 = DIRECTION ( 'NONE',  ( 0.000000000000000000, 0.000000000000000000, -1.000000000000000000 ) ) ;
#741 = CARTESIAN_POINT ( 'NONE',  ( -8.286412681473507291, -4.499999999999999112, -15.42007368634322440 ) ) ;
#742 = ORIENTED_EDGE ( 'NONE', *, *, #1448, .T. ) ;
#743 = CARTESIAN_POINT ( 'NONE',  ( 16.49010131660362788, -7.343345726311700794, -1.928075640484125275 ) ) ;
#744 = DIRECTION ( 'NONE',  ( 0.000000000000000000, 1.000000000000000000, -0.000000000000000000 ) ) ;
#745 = CIRCLE ( 'NONE', #1589, 1.949999999999999067 ) ;
#746 = AXIS2_PLACEMENT_3D ( 'NONE', #9, #2077, #179 ) ;
#747 = DIRECTION ( 'NONE',  ( 0.000000000000000000, 0.000000000000000000, -1.000000000000000000 ) ) ;
#748 = AXIS2_PLACEMENT_3D ( 'NONE', #551, #1400, #2243 ) ;
#749 = FACE_OUTER_BOUND ( 'NONE', #1799, .T. ) ;
#750 = ORIENTED_EDGE ( 'NONE', *, *, #367, .T. ) ;
#751 = CIRCLE ( 'NONE', #268, 20.99999984790673579 ) ;
#752 = AXIS2_PLACEMENT_3D ( 'NONE', #101, #924, #2042 ) ;
#753 = VERTEX_POINT ( 'NONE', #522 ) ;
#754 = SURFACE_STYLE_USAGE ( .BOTH. , #327 ) ;
#755 = CARTESIAN_POINT ( 'NONE',  ( 4.016115117458150863, 29.05176218177019365, -17.00597160067017199 ) ) ;
#756 = CARTESIAN_POINT ( 'NONE',  ( -4.063887633803156874, -11.34521014619742552, -14.63222005182492147 ) ) ;
#757 = CIRCLE ( 'NONE', #1060, 17.49999964116318196 ) ;
#758 = ADVANCED_FACE ( 'NONE', ( #97 ), #1411, .T. ) ;
#759 = EDGE_CURVE ( 'NONE', #2571, #1317, #1201, .T. ) ;
#760 = ORIENTED_EDGE ( 'NONE', *, *, #602, .T. ) ;
#761 = AXIS2_PLACEMENT_3D ( 'NONE', #716, #2419, #329 ) ;
#762 = CYLINDRICAL_SURFACE ( 'NONE', #2511, 4.300000212677193900 ) ;
#763 = CARTESIAN_POINT ( 'NONE',  ( -16.80999791975639823, -4.893431409113524921, 5.031221197298790138 ) ) ;
#764 = DIRECTION ( 'NONE',  ( 0.000000000000000000, -1.000000000000000000, -0.000000000000000000 ) ) ;
#765 = VERTEX_POINT ( 'NONE', #369 ) ;
#766 = ORIENTED_EDGE ( 'NONE', *, *, #940, .F. ) ;
#767 = DIRECTION ( 'NONE',  ( -0.000000000000000000, -1.000000000000000000, 0.000000000000000000 ) ) ;
#768 = CARTESIAN_POINT ( 'NONE',  ( -0.2716380063857779525, -16.99999999999999645, -20.98166737383438019 ) ) ;
#769 = CARTESIAN_POINT ( 'NONE',  ( -6.454118508099027984, -8.171354015384588720, 15.05281927797862629 ) ) ;
#770 = ORIENTED_EDGE ( 'NONE', *, *, #904, .T. ) ;
#771 = FACE_OUTER_BOUND ( 'NONE', #517, .T. ) ;
#772 = EDGE_CURVE ( 'NONE', #2131, #2628, #481, .T. ) ;
#773 = DIRECTION ( 'NONE',  ( 0.000000000000000000, 0.000000000000000000, -1.000000000000000000 ) ) ;
#774 = EDGE_CURVE ( 'NONE', #2288, #776, #938, .T. ) ;
#775 = CARTESIAN_POINT ( 'NONE',  ( 3.698185862182030270, -10.55084133004634594, -15.00401870060666276 ) ) ;
#776 = VERTEX_POINT ( 'NONE', #2673 ) ;
#777 = CARTESIAN_POINT ( 'NONE',  ( -0.003196238861989383201, -11.90084534375105285, 0.02243745806999658532 ) ) ;
#778 = CARTESIAN_POINT ( 'NONE',  ( -10.36448652708683227, -11.90084534375105285, 13.16504767789132302 ) ) ;
#779 = CARTESIAN_POINT ( 'NONE',  ( 4.118345998781562045, -6.705633138991585085, -16.98131972450768501 ) ) ;
#780 = DIRECTION ( 'NONE',  ( 8.659560562354968603E-17, -0.7071067811865445751, 0.7071067811865504593 ) ) ;
#781 = ORIENTED_EDGE ( 'NONE', *, *, #598, .T. ) ;
#782 = CARTESIAN_POINT ( 'NONE',  ( -0.04376758391336358495, -17.00000000000000000, 0.01441692954455370962 ) ) ;
#783 = DIRECTION ( 'NONE',  ( 0.000000000000000000, 0.000000000000000000, 1.000000000000000000 ) ) ;
#784 = DIRECTION ( 'NONE',  ( 0.000000000000000000, -1.000000000000000000, 0.000000000000000000 ) ) ;
#785 = EDGE_CURVE ( 'NONE', #988, #246, #980, .T. ) ;
#786 = AXIS2_PLACEMENT_3D ( 'NONE', #456, #413, #1109 ) ;
#787 = ORIENTED_EDGE ( 'NONE', *, *, #1404, .F. ) ;
#788 = AXIS2_PLACEMENT_3D ( 'NONE', #897, #2585, #253 ) ;
#789 = CARTESIAN_POINT ( 'NONE',  ( 16.14775474154061641, -5.000000000000000000, 6.658275077175894729 ) ) ;
#790 = CIRCLE ( 'NONE', #1682, 2.803301104857580217 ) ;
#791 = LINE ( 'NONE', #535, #2514 ) ;
#792 = CARTESIAN_POINT ( 'NONE',  ( -6.738272954835894168, -6.585737744374523750, 15.55989936611103452 ) ) ;
#793 = CARTESIAN_POINT ( 'NONE',  ( -10.39304307103851777, -11.90084534375105285, 10.85768828345506520 ) ) ;
#794 = CARTESIAN_POINT ( 'NONE',  ( -13.55186783627055469, -6.585737989732205477, 10.21117905493126088 ) ) ;
#795 = DIRECTION ( 'NONE',  ( 0.000000000000000000, -1.000000000000000000, -0.000000000000000000 ) ) ;
#796 = FACE_OUTER_BOUND ( 'NONE', #1425, .T. ) ;
#797 = CIRCLE ( 'NONE', #835, 2.950000000000001066 ) ;
#798 = VERTEX_POINT ( 'NONE', #730 ) ;
#799 = EDGE_CURVE ( 'NONE', #2280, #1863, #577, .T. ) ;
#800 = DIRECTION ( 'NONE',  ( 6.793118197936342395E-17, 0.8320502943378443872, -0.5547001962252280372 ) ) ;
#801 = CARTESIAN_POINT ( 'NONE',  ( 16.49010131660362788, -7.656295128692543805, 0.07192459348554573750 ) ) ;
#802 = VERTEX_POINT ( 'NONE', #951 ) ;
#803 = CARTESIAN_POINT ( 'NONE',  ( -10.91712438713401490, -10.77996756811595880, 10.91665437193488941 ) ) ;
#804 = CARTESIAN_POINT ( 'NONE',  ( -5.518066120219772053, -17.00000000000000000, -16.60471267181405963 ) ) ;
#805 = CARTESIAN_POINT ( 'NONE',  ( 16.49010131660362788, -11.90084534375105285, 4.321924572193066361 ) ) ;
#806 = DIRECTION ( 'NONE',  ( -0.000000000000000000, 1.000000000000000000, -0.000000000000000000 ) ) ;
#807 = VERTEX_POINT ( 'NONE', #2054 ) ;
#808 = EDGE_CURVE ( 'NONE', #144, #1380, #540, .T. ) ;
#809 = CARTESIAN_POINT ( 'NONE',  ( 16.49010131660362788, -17.00000000000000000, 5.321924572193069025 ) ) ;
#810 = ORIENTED_EDGE ( 'NONE', *, *, #920, .T. ) ;
#811 = CARTESIAN_POINT ( 'NONE',  ( 16.62916152619377286, -7.105257722097608308, 12.78550836802795665 ) ) ;
#812 = EDGE_CURVE ( 'NONE', #2537, #1933, #989, .T. ) ;
#813 = ORIENTED_EDGE ( 'NONE', *, *, #940, .T. ) ;
#814 = DIRECTION ( 'NONE',  ( 0.000000000000000000, -1.000000000000000000, 0.000000000000000000 ) ) ;
#815 = DIRECTION ( 'NONE',  ( 0.000000000000000000, 0.000000000000000000, -1.000000000000000000 ) ) ;
#816 = DIRECTION ( 'NONE',  ( 0.000000000000000000, 0.000000000000000000, 1.000000000000000000 ) ) ;
#817 = CARTESIAN_POINT ( 'NONE',  ( -0.04299365938289709255, -3.000000000000000000, 0.01676759986089272625 ) ) ;
#818 = LINE ( 'NONE', #2308, #1148 ) ;
#819 = ORIENTED_EDGE ( 'NONE', *, *, #300, .T. ) ;
#820 = CIRCLE ( 'NONE', #35, 17.49999916630100572 ) ;
#821 = DIRECTION ( 'NONE',  ( 0.000000000000000000, 1.000000000000000000, 0.000000000000000000 ) ) ;
#822 = VERTEX_POINT ( 'NONE', #2215 ) ;
#823 = PRODUCT_CONTEXT ( 'NONE', #1351, 'mechanical' ) ;
#824 = AXIS2_PLACEMENT_3D ( 'NONE', #1729, #713, #1124 ) ;
#825 = DIRECTION ( 'NONE',  ( 0.000000000000000000, 0.000000000000000000, 1.000000000000000000 ) ) ;
#826 = CARTESIAN_POINT ( 'NONE',  ( 16.49010131660362788, -11.90084534375105285, 0.07192459348649271611 ) ) ;
#827 = CARTESIAN_POINT ( 'NONE',  ( -6.087255450844242688, -14.49892155510435998, 12.69208391660183644 ) ) ;
#828 = EDGE_CURVE ( 'NONE', #1497, #2280, #1547, .T. ) ;
#829 = AXIS2_PLACEMENT_3D ( 'NONE', #1069, #627, #1281 ) ;
#830 = CIRCLE ( 'NONE', #752, 1.950000000000000400 ) ;
#831 = CARTESIAN_POINT ( 'NONE',  ( -8.105370656244783589, -11.90084534375105285, 12.65192337292471692 ) ) ;
#832 = CARTESIAN_POINT ( 'NONE',  ( -2.081707592378287952, -10.77986816864207853, -15.24425829898752127 ) ) ;
#833 = EDGE_CURVE ( 'NONE', #2591, #2575, #1171, .T. ) ;
#834 = AXIS2_PLACEMENT_3D ( 'NONE', #1611, #1118, #497 ) ;
#835 = AXIS2_PLACEMENT_3D ( 'NONE', #640, #1922, #1703 ) ;
#836 = CARTESIAN_POINT ( 'NONE',  ( 6.811173039204874158, -4.500000020729972405, -16.08638504248219547 ) ) ;
#837 = ORIENTED_EDGE ( 'NONE', *, *, #197, .T. ) ;
#838 = CARTESIAN_POINT ( 'NONE',  ( -12.29361845728978508, -6.925736312839995357, 17.07360123566370547 ) ) ;
#839 = ORIENTED_EDGE ( 'NONE', *, *, #114, .T. ) ;
#840 = DIRECTION ( 'NONE',  ( 0.000000000000000000, 0.000000000000000000, 1.000000000000000000 ) ) ;
#841 = VERTEX_POINT ( 'NONE', #2436 ) ;
#842 = CARTESIAN_POINT ( 'NONE',  ( 16.64098679318094653, -7.499999999999998224, 12.76999414294571089 ) ) ;
#843 = DIRECTION ( 'NONE',  ( -0.000000000000000000, -1.000000000000000000, -0.000000000000000000 ) ) ;
#844 = LINE ( 'NONE', #430, #2698 ) ;
#845 = EDGE_CURVE ( 'NONE', #16, #255, #2024, .T. ) ;
#846 = FACE_OUTER_BOUND ( 'NONE', #226, .T. ) ;
#847 = CARTESIAN_POINT ( 'NONE',  ( 16.49010131660362788, -11.90084534375105285, 2.371924572193067959 ) ) ;
#848 = ADVANCED_FACE ( 'NONE', ( #1817 ), #762, .T. ) ;
#849 = ORIENTED_EDGE ( 'NONE', *, *, #47, .T. ) ;
#850 = CARTESIAN_POINT ( 'NONE',  ( -7.214699817998836195, -4.499999999999999112, 19.75420928734260073 ) ) ;
#851 = ORIENTED_EDGE ( 'NONE', *, *, #1299, .F. ) ;
#852 = CARTESIAN_POINT ( 'NONE',  ( 16.17903870507661779, -5.512811138290856228, 13.35336966921147628 ) ) ;
#853 = ORIENTED_EDGE ( 'NONE', *, *, #2343, .T. ) ;
#854 = CARTESIAN_POINT ( 'NONE',  ( 20.94165483509988235, -6.060952222657062904, 0.9691859660090612616 ) ) ;
#855 = CARTESIAN_POINT ( 'NONE',  ( 0.000000000000000000, -17.00000000000000000, 0.000000000000000000 ) ) ;
#856 = CARTESIAN_POINT ( 'NONE',  ( -0.2912850700604331378, -7.470780013599779501, -20.98177398101648805 ) ) ;
#857 = ORIENTED_EDGE ( 'NONE', *, *, #2013, .T. ) ;
#858 = CARTESIAN_POINT ( 'NONE',  ( -4.566663073987246690, -16.99999999999999645, -16.88845169067883134 ) ) ;
#859 = FACE_OUTER_BOUND ( 'NONE', #1067, .T. ) ;
#860 = CARTESIAN_POINT ( 'NONE',  ( -7.715482981304326415, -5.113681353861618817, -19.53214474419901237 ) ) ;
#861 = ORIENTED_EDGE ( 'NONE', *, *, #81, .T. ) ;
#862 = EDGE_CURVE ( 'NONE', #476, #2623, #218, .T. ) ;
#863 = CARTESIAN_POINT ( 'NONE',  ( -12.65206152614018542, -7.424101737000076362, 16.80996208330257957 ) ) ;
#864 = ORIENTED_EDGE ( 'NONE', *, *, #321, .T. ) ;
#865 = CARTESIAN_POINT ( 'NONE',  ( 16.25783360389495869, -5.663824840275816896, 13.25667556101835665 ) ) ;
#866 = AXIS2_PLACEMENT_3D ( 'NONE', #1033, #364, #2265 ) ;
#867 = ORIENTED_EDGE ( 'NONE', *, *, #688, .F. ) ;
#868 = CONICAL_SURFACE ( 'NONE', #1228, 17.49999978534759038, 0.5880026035475662827 ) ;
#869 = CARTESIAN_POINT ( 'NONE',  ( 20.82419830363580360, -4.596483741101178744, -2.415835408999058131 ) ) ;
#870 = CARTESIAN_POINT ( 'NONE',  ( 14.93055954572066746, -11.90084534375105285, 0.6814130026019323827 ) ) ;
#871 = LINE ( 'NONE', #1731, #2350 ) ;
#872 = VECTOR ( 'NONE', #1487, 1000.000000000000000 ) ;
#873 = ORIENTED_EDGE ( 'NONE', *, *, #7, .T. ) ;
#874 = CARTESIAN_POINT ( 'NONE',  ( 13.95509505365975045, -14.49892155510438485, -1.101365665587129561 ) ) ;
#875 = AXIS2_PLACEMENT_3D ( 'NONE', #1028, #244, #671 ) ;
#876 = CARTESIAN_POINT ( 'NONE',  ( 13.95509505365975045, -14.49892155510438485, -1.101365665587129561 ) ) ;
#877 = AXIS2_PLACEMENT_3D ( 'NONE', #1036, #1470, #426 ) ;
#878 = CIRCLE ( 'NONE', #2437, 20.99999984790673579 ) ;
#879 = DIRECTION ( 'NONE',  ( 0.000000000000000000, -1.000000000000000000, 0.000000000000000000 ) ) ;
#880 = ORIENTED_EDGE ( 'NONE', *, *, #1368, .F. ) ;
#881 = AXIS2_PLACEMENT_3D ( 'NONE', #618, #784, #2487 ) ;
#882 = CIRCLE ( 'NONE', #932, 17.49999916630100572 ) ;
#883 = DIRECTION ( 'NONE',  ( 0.000000000000000000, -1.000000000000000000, 0.000000000000000000 ) ) ;
#884 = EDGE_CURVE ( 'NONE', #2383, #1395, #1374, .T. ) ;
#885 = ORIENTED_EDGE ( 'NONE', *, *, #735, .T. ) ;
#886 = EDGE_LOOP ( 'NONE', ( #1094, #837, #623, #196, #122, #1229 ) ) ;
#887 = ADVANCED_FACE ( 'NONE', ( #771 ), #2459, .F. ) ;
#888 = CYLINDRICAL_SURFACE ( 'NONE', #132, 1.949999999999999067 ) ;
#889 = CARTESIAN_POINT ( 'NONE',  ( -0.2716380063857777305, -16.00000000000000711, -14.73166736344916394 ) ) ;
#890 = LINE ( 'NONE', #418, #1426 ) ;
#891 = VERTEX_POINT ( 'NONE', #842 ) ;
#892 = PRODUCT ( 'adapter_v4_v4_top', 'adapter_v4_v4_top', '', ( #823 ) ) ;
#893 = CARTESIAN_POINT ( 'NONE',  ( -19.97444004806971307, -5.109824181982028257, 6.632219308965796145 ) ) ;
#894 = CARTESIAN_POINT ( 'NONE',  ( 14.98740820601214274, -11.52821874181223194, -1.663055357272529955 ) ) ;
#895 = CARTESIAN_POINT ( 'NONE',  ( -8.182473998385450642, -4.801847453995780945, -19.34250949994707014 ) ) ;
#896 = ORIENTED_EDGE ( 'NONE', *, *, #2080, .T. ) ;
#897 = CARTESIAN_POINT ( 'NONE',  ( -10.36448652708683227, -7.500000000000000000, 13.16504767789132302 ) ) ;
#898 = ORIENTED_EDGE ( 'NONE', *, *, #1743, .F. ) ;
#899 = EDGE_CURVE ( 'NONE', #1800, #765, #174, .T. ) ;
#900 = ORIENTED_EDGE ( 'NONE', *, *, #828, .T. ) ;
#901 = CARTESIAN_POINT ( 'NONE',  ( -10.34916758024696648, -5.395462559700928473, 13.15726964327363291 ) ) ;
#902 = CARTESIAN_POINT ( 'NONE',  ( 14.94529021279291925, -11.90084534375105285, 0.03663875573817762521 ) ) ;
#903 = DIRECTION ( 'NONE',  ( 0.000000000000000000, 0.000000000000000000, -1.000000000000000000 ) ) ;
#904 = EDGE_CURVE ( 'NONE', #2672, #2241, #1218, .T. ) ;
#905 = EDGE_CURVE ( 'NONE', #513, #2320, #200, .T. ) ;
#906 = ORIENTED_EDGE ( 'NONE', *, *, #1943, .F. ) ;
#907 = CARTESIAN_POINT ( 'NONE',  ( -20.12647104567940914, -4.801122736414725090, 6.155749099565017701 ) ) ;
#908 = DIRECTION ( 'NONE',  ( 0.000000000000000000, 0.000000000000000000, -1.000000000000000000 ) ) ;
#909 = DIRECTION ( 'NONE',  ( 0.000000000000000000, 1.000000000000000000, 0.000000000000000000 ) ) ;
#910 = ORIENTED_EDGE ( 'NONE', *, *, #772, .T. ) ;
#911 = DIRECTION ( 'NONE',  ( 0.000000000000000000, 0.000000000000000000, -1.000000000000000000 ) ) ;
#912 = ORIENTED_EDGE ( 'NONE', *, *, #1763, .F. ) ;
#913 = VERTEX_POINT ( 'NONE', #2113 ) ;
#914 = CARTESIAN_POINT ( 'NONE',  ( -0.2716380063857779525, -7.500000000000000000, -16.68166736344916501 ) ) ;
#915 = CARTESIAN_POINT ( 'NONE',  ( -0.04299410458842448102, -5.000000000000000888, 0.01676821137269898093 ) ) ;
#916 = DIRECTION ( 'NONE',  ( -0.000000000000000000, -1.000000000000000000, -0.000000000000000000 ) ) ;
#917 = CIRCLE ( 'NONE', #2468, 20.99999984790673579 ) ;
#918 = ORIENTED_EDGE ( 'NONE', *, *, #2110, .T. ) ;
#919 = CARTESIAN_POINT ( 'NONE',  ( -19.83369845301455214, -5.512811136272483203, 7.041529546824377483 ) ) ;
#920 = EDGE_CURVE ( 'NONE', #1825, #2345, #1859, .T. ) ;
#921 = PLANE ( 'NONE',  #96 ) ;
#922 = VECTOR ( 'NONE', #1578, 1000.000000000000000 ) ;
#923 = EDGE_CURVE ( 'NONE', #1416, #1381, #658, .T. ) ;
#924 = DIRECTION ( 'NONE',  ( -0.000000000000000000, -1.000000000000000000, -0.000000000000000000 ) ) ;
#925 = ORIENTED_EDGE ( 'NONE', *, *, #2526, .T. ) ;
#926 = CIRCLE ( 'NONE', #99, 17.50000044103110497 ) ;
#927 = AXIS2_PLACEMENT_3D ( 'NONE', #1992, #2390, #492 ) ;
#928 = DIRECTION ( 'NONE',  ( 0.6072965219834169925, 0.000000000000000000, -0.7944752572527638002 ) ) ;
#929 = PRODUCT_DEFINITION_FORMATION_WITH_SPECIFIED_SOURCE ( 'ä»', '', #892, .NOT_KNOWN. ) ;
#930 = AXIS2_PLACEMENT_3D ( 'NONE', #1581, #334, #1130 ) ;
#931 = ORIENTED_EDGE ( 'NONE', *, *, #2413, .T. ) ;
#932 = AXIS2_PLACEMENT_3D ( 'NONE', #261, #1508, #2353 ) ;
#933 = ORIENTED_EDGE ( 'NONE', *, *, #1402, .F. ) ;
#934 = FACE_OUTER_BOUND ( 'NONE', #442, .T. ) ;
#935 = CARTESIAN_POINT ( 'NONE',  ( 16.74517379141326501, -4.499999999999999112, -4.923617980467532185 ) ) ;
#936 = CARTESIAN_POINT ( 'NONE',  ( -7.567330178227958726, -11.90084534375105285, 12.97953906748674591 ) ) ;
#937 = ORIENTED_EDGE ( 'NONE', *, *, #100, .T. ) ;
#938 = LINE ( 'NONE', #782, #2120 ) ;
#939 = CARTESIAN_POINT ( 'NONE',  ( -17.09582340494335639, -4.518974093013094162, 3.952347572868106340 ) ) ;
#940 = EDGE_CURVE ( 'NONE', #1024, #776, #2289, .T. ) ;
#941 = DIRECTION ( 'NONE',  ( 0.000000000000000000, -1.000000000000000000, 0.000000000000000000 ) ) ;
#942 = ORIENTED_EDGE ( 'NONE', *, *, #1742, .T. ) ;
#943 = EDGE_CURVE ( 'NONE', #222, #2155, #1472, .T. ) ;
#944 = DIRECTION ( 'NONE',  ( 0.000000000000000000, 0.000000000000000000, -1.000000000000000000 ) ) ;
#945 = VERTEX_POINT ( 'NONE', #404 ) ;
#946 = ORIENTED_EDGE ( 'NONE', *, *, #2212, .F. ) ;
#947 = DIRECTION ( 'NONE',  ( 0.000000000000000000, 1.000000000000000000, 0.000000000000000000 ) ) ;
#948 = CARTESIAN_POINT ( 'NONE',  ( 13.47750066664589674, -5.667502862407239661, 11.12794187222461950 ) ) ;
#949 = DIRECTION ( 'NONE',  ( -0.3676829105051631075, 0.000000000000000000, -0.9299512230877768904 ) ) ;
#950 = EDGE_LOOP ( 'NONE', ( #2298, #1445, #2701, #2185, #1517, #1741, #1176, #1899, #1963, #605 ) ) ;
#951 = CARTESIAN_POINT ( 'NONE',  ( 1.922146084030138757, -5.000000000000000888, -17.37254507369528866 ) ) ;
#952 = CARTESIAN_POINT ( 'NONE',  ( -16.31714034138747138, -7.301324635613700487, 6.451217477220977159 ) ) ;
#953 = CARTESIAN_POINT ( 'NONE',  ( -0.04299427105211930944, -4.499999999999999112, 0.01676667531877798489 ) ) ;
#954 = ORIENTED_EDGE ( 'NONE', *, *, #884, .T. ) ;
#955 = CARTESIAN_POINT ( 'NONE',  ( -1.845835862939762206, -7.499999999999999112, 2.414752709707580269 ) ) ;
#956 = ORIENTED_EDGE ( 'NONE', *, *, #267, .F. ) ;
#957 = EDGE_CURVE ( 'NONE', #1548, #1317, #1230, .T. ) ;
#958 = B_SPLINE_CURVE_WITH_KNOTS ( 'NONE', 3,
 ( #874, #1735, #2365, #674 ),
 .UNSPECIFIED., .F., .F.,
 ( 4, 4 ),
 ( 0.000000000000000000, 0.003004253736974757828 ),
 .UNSPECIFIED. ) ;
#959 = ORIENTED_EDGE ( 'NONE', *, *, #409, .F. ) ;
#960 = DIRECTION ( 'NONE',  ( -0.9299512230877770014, 0.000000000000000000, 0.3676829105051631630 ) ) ;
#961 = FACE_OUTER_BOUND ( 'NONE', #1720, .T. ) ;
#962 = ORIENTED_EDGE ( 'NONE', *, *, #699, .T. ) ;
#963 = CARTESIAN_POINT ( 'NONE',  ( 6.530751592969875396, 11.93006832105404413, -19.91069834965956531 ) ) ;
#964 = CARTESIAN_POINT ( 'NONE',  ( -17.17927557814978812, -4.499999999999999112, 3.566111742331343759 ) ) ;
#965 = AXIS2_PLACEMENT_3D ( 'NONE', #2286, #1193, #195 ) ;
#966 = AXIS2_PLACEMENT_3D ( 'NONE', #2182, #1393, #1121 ) ;
#967 = DIRECTION ( 'NONE',  ( 0.000000000000000000, -1.000000000000000000, 0.000000000000000000 ) ) ;
#968 = VECTOR ( 'NONE', #1622, 1000.000000000000000 ) ;
#969 = ORIENTED_EDGE ( 'NONE', *, *, #1763, .T. ) ;
#970 = AXIS2_PLACEMENT_3D ( 'NONE', #1082, #2521, #6 ) ;
#971 = ADVANCED_FACE ( 'NONE', ( #188 ), #1373, .F. ) ;
#972 = VECTOR ( 'NONE', #985, 1000.000000000000000 ) ;
#973 = EDGE_LOOP ( 'NONE', ( #946, #2061, #2330, #2151 ) ) ;
#974 = DIRECTION ( 'NONE',  ( -0.000000000000000000, -1.000000000000000000, -0.000000000000000000 ) ) ;
#975 = CARTESIAN_POINT ( 'NONE',  ( 12.39703194451210244, -4.595163225260244566, 12.32666357881677044 ) ) ;
#976 = DIRECTION ( 'NONE',  ( 0.000000000000000000, 0.000000000000000000, -1.000000000000000000 ) ) ;
#977 = EDGE_CURVE ( 'NONE', #455, #362, #2258, .T. ) ;
#978 = ORIENTED_EDGE ( 'NONE', *, *, #1552, .F. ) ;
#979 = CIRCLE ( 'NONE', #1510, 17.49999879585891449 ) ;
#980 = LINE ( 'NONE', #331, #1415 ) ;
#981 = DIRECTION ( 'NONE',  ( 0.000000000000000000, 1.000000000000000000, -0.000000000000000000 ) ) ;
#982 = CARTESIAN_POINT ( 'NONE',  ( 20.74712601268366541, -4.499999999999999112, 2.978342386895646676 ) ) ;
#983 = EDGE_LOOP ( 'NONE', ( #1306, #54, #1405, #2478 ) ) ;
#984 = FILL_AREA_STYLE ('',( #339 ) ) ;
#985 = DIRECTION ( 'NONE',  ( 0.000000000000000000, 1.000000000000000000, 0.000000000000000000 ) ) ;
#986 = CARTESIAN_POINT ( 'NONE',  ( -6.480807899590112164, -5.234801698167636630, -16.25664304033854179 ) ) ;
#987 = EDGE_CURVE ( 'NONE', #1529, #1860, #1628, .T. ) ;
#988 = VERTEX_POINT ( 'NONE', #1250 ) ;
#989 = LINE ( 'NONE', #1841, #2337 ) ;
#990 = LINE ( 'NONE', #1447, #710 ) ;
#991 = ADVANCED_FACE ( 'NONE', ( #2714 ), #378, .F. ) ;
#992 = EDGE_CURVE ( 'NONE', #1395, #2383, #528, .T. ) ;
#993 = DIRECTION ( 'NONE',  ( -0.000000000000000000, -1.000000000000000000, -0.000000000000000000 ) ) ;
#994 = VERTEX_POINT ( 'NONE', #2505 ) ;
#995 = DIRECTION ( 'NONE',  ( 0.000000000000000000, 0.000000000000000000, -1.000000000000000000 ) ) ;
#996 = CARTESIAN_POINT ( 'NONE',  ( 4.661924502112286817, -5.642391211478622992, -16.83931496375790360 ) ) ;
#997 = CARTESIAN_POINT ( 'NONE',  ( -3.311353523034927804, -14.49892155510437064, -13.64026478122574915 ) ) ;
#998 = VERTEX_POINT ( 'NONE', #2103 ) ;
#999 = DIRECTION ( 'NONE',  ( -0.000000000000000000, -1.000000000000000000, -0.000000000000000000 ) ) ;
#1000 = CARTESIAN_POINT ( 'NONE',  ( 13.86032244578428063, -7.499999999999999112, 10.64445559210821735 ) ) ;
#1001 = ADVANCED_FACE ( 'NONE', ( #1892 ), #1687, .F. ) ;
#1002 = DIRECTION ( 'NONE',  ( 0.000000000000000000, -1.000000000000000000, -0.000000000000000000 ) ) ;
#1003 = CARTESIAN_POINT ( 'NONE',  ( -0.2716380063857779525, -16.00000000000000711, -16.68166736344916501 ) ) ;
#1004 = AXIS2_PLACEMENT_3D ( 'NONE', #777, #1420, #1247 ) ;
#1005 = AXIS2_PLACEMENT_3D ( 'NONE', #1490, #2534, #641 ) ;
#1006 = ORIENTED_EDGE ( 'NONE', *, *, #2593, .T. ) ;
#1007 = VECTOR ( 'NONE', #2639, 1000.000000000000000 ) ;
#1008 = DIRECTION ( 'NONE',  ( 0.000000000000000000, -0.000000000000000000, -1.000000000000000000 ) ) ;
#1009 = AXIS2_PLACEMENT_3D ( 'NONE', #2484, #814, #1220 ) ;
#1010 = CARTESIAN_POINT ( 'NONE',  ( 4.036975691819558953, -7.097452953571183443, -17.00103397904649327 ) ) ;
#1011 = CARTESIAN_POINT ( 'NONE',  ( -4.194039645810868855, -10.55084150570591639, -14.89595407311932007 ) ) ;
#1012 = AXIS2_PLACEMENT_3D ( 'NONE', #1264, #33, #1251 ) ;
#1013 = ORIENTED_EDGE ( 'NONE', *, *, #2076, .F. ) ;
#1014 = CARTESIAN_POINT ( 'NONE',  ( -0.2716380063857779525, -16.00000000000000711, -16.68166736344916501 ) ) ;
#1015 = CONICAL_SURFACE ( 'NONE', #1553, 4.300000212677193900, 0.5235987755983001479 ) ;
#1016 = PLANE ( 'NONE',  #1198 ) ;
#1017 = CARTESIAN_POINT ( 'NONE',  ( -13.89743867848583569, -16.99999999999999645, 10.70808827753616121 ) ) ;
#1018 = LINE ( 'NONE', #1203, #1419 ) ;
#1019 = AXIS2_PLACEMENT_3D ( 'NONE', #2522, #2590, #2406 ) ;
#1020 = ADVANCED_FACE ( 'NONE', ( #2170 ), #1726, .F. ) ;
#1021 = ORIENTED_EDGE ( 'NONE', *, *, #992, .T. ) ;
#1022 = EDGE_CURVE ( 'NONE', #2528, #1849, #1756, .T. ) ;
#1023 = CARTESIAN_POINT ( 'NONE',  ( -0.04299341723065352311, -4.499999999999999112, 0.01676718069505006570 ) ) ;
#1024 = VERTEX_POINT ( 'NONE', #287 ) ;
#1025 =( NAMED_UNIT ( * ) SI_UNIT ( $, .STERADIAN. ) SOLID_ANGLE_UNIT ( ) );
#1026 = ORIENTED_EDGE ( 'NONE', *, *, #2579, .F. ) ;
#1027 = DIRECTION ( 'NONE',  ( 0.000000000000000000, 0.000000000000000000, -1.000000000000000000 ) ) ;
#1028 = CARTESIAN_POINT ( 'NONE',  ( -10.36448652708683227, -14.49892155510435998, 13.16504767789132302 ) ) ;
#1029 = DIRECTION ( 'NONE',  ( 0.000000000000000000, 0.000000000000000000, 1.000000000000000000 ) ) ;
#1030 = DIRECTION ( 'NONE',  ( 0.000000000000000000, 0.000000000000000000, 1.000000000000000000 ) ) ;
#1031 = CARTESIAN_POINT ( 'NONE',  ( -6.399300293522651728, -5.489099715932039381, 16.32225716827102602 ) ) ;
#1032 = ORIENTED_EDGE ( 'NONE', *, *, #2697, .F. ) ;
#1033 = CARTESIAN_POINT ( 'NONE',  ( -0.2716380063857779525, -16.99999999999999645, -16.68166736344916501 ) ) ;
#1034 = ADVANCED_FACE ( 'NONE', ( #2604 ), #2562, .T. ) ;
#1035 = ORIENTED_EDGE ( 'NONE', *, *, #2489, .F. ) ;
#1036 = CARTESIAN_POINT ( 'NONE',  ( 0.000000000000000000, 0.000000000000000000, 0.000000000000000000 ) ) ;
#1037 = ORIENTED_EDGE ( 'NONE', *, *, #1435, .T. ) ;
#1038 = CARTESIAN_POINT ( 'NONE',  ( -11.54217489488633319, -9.049651699168057561, 11.17937690240190562 ) ) ;
#1039 = CARTESIAN_POINT ( 'NONE',  ( -19.57196924886525480, -17.00000000000000000, 7.738107516382538797 ) ) ;
#1040 = CARTESIAN_POINT ( 'NONE',  ( 0.000000000000000000, -4.499999999999999112, 0.000000000000000000 ) ) ;
#1041 = CARTESIAN_POINT ( 'NONE',  ( -4.566663073987246690, 14.43325734948383854, -16.88845169067883134 ) ) ;
#1042 = DIRECTION ( 'NONE',  ( 0.000000000000000000, 0.000000000000000000, -1.000000000000000000 ) ) ;
#1043 = VERTEX_POINT ( 'NONE', #19 ) ;
#1044 = CIRCLE ( 'NONE', #866, 4.300000010385215177 ) ;
#1045 = CARTESIAN_POINT ( 'NONE',  ( 3.289237737655640093, -3.000000000000000000, -22.53841400146484730 ) ) ;
#1046 = EDGE_LOOP ( 'NONE', ( #1035, #254, #1190 ) ) ;
#1047 = VECTOR ( 'NONE', #1378, 1000.000000000000000 ) ;
#1048 = EDGE_CURVE ( 'NONE', #666, #2471, #1152, .T. ) ;
#1049 = AXIS2_PLACEMENT_3D ( 'NONE', #1153, #351, #146 ) ;
#1050 = ORIENTED_EDGE ( 'NONE', *, *, #1521, .T. ) ;
#1051 = CARTESIAN_POINT ( 'NONE',  ( 17.13628366667505531, -5.881645253194300871, 0.1368195359597337291 ) ) ;
#1052 = CARTESIAN_POINT ( 'NONE',  ( 17.35827529884191378, -7.500000000000003553, -1.839521232466941436 ) ) ;
#1053 = DIRECTION ( 'NONE',  ( 0.000000000000000000, 0.000000000000000000, -1.000000000000000000 ) ) ;
#1054 = AXIS2_PLACEMENT_3D ( 'NONE', #682, #2187, #298 ) ;
#1055 = EDGE_CURVE ( 'NONE', #2573, #2626, #1639, .T. ) ;
#1056 = AXIS2_PLACEMENT_3D ( 'NONE', #304, #941, #1173 ) ;
#1057 = CARTESIAN_POINT ( 'NONE',  ( -0.2716380063857779525, -11.90084534375105285, -16.68166736344916501 ) ) ;
#1058 = B_SPLINE_CURVE_WITH_KNOTS ( 'NONE', 3,
 ( #1515, #241, #414, #2341, #1711, #1668, #1699, #227 ),
 .UNSPECIFIED., .F., .F.,
 ( 4, 2, 2, 4 ),
 ( 0.0009501011411240669301, 0.004171048961003899838, 0.005781522870943816075, 0.007391996780883734047 ),
 .UNSPECIFIED. ) ;
#1059 = CARTESIAN_POINT ( 'NONE',  ( -2.546462840132105221, -5.576617649086363926, -17.09141249823379027 ) ) ;
#1060 = AXIS2_PLACEMENT_3D ( 'NONE', #153, #1401, #773 ) ;
#1061 = DIRECTION ( 'NONE',  ( 0.000000000000000000, 1.000000000000000000, -0.000000000000000000 ) ) ;
#1062 = ORIENTED_EDGE ( 'NONE', *, *, #1829, .F. ) ;
#1063 = CARTESIAN_POINT ( 'NONE',  ( -10.77162802401723773, -5.655865822719918334, 18.07714781141270777 ) ) ;
#1064 = ORIENTED_EDGE ( 'NONE', *, *, #1404, .T. ) ;
#1065 = CARTESIAN_POINT ( 'NONE',  ( 15.57097230195506121, -4.801122737652389283, 14.06088506586534947 ) ) ;
#1066 = B_SPLINE_CURVE_WITH_KNOTS ( 'NONE', 3,
 ( #1973, #1987, #71, #2599 ),
 .UNSPECIFIED., .F., .F.,
 ( 4, 4 ),
 ( 0.007043270907928177865, 0.007326666286563025821 ),
 .UNSPECIFIED. ) ;
#1067 = EDGE_LOOP ( 'NONE', ( #677, #873, #2057, #2708 ) ) ;
#1068 = CARTESIAN_POINT ( 'NONE',  ( 20.63689886706185561, -4.499999999999999112, -3.635909744813410338 ) ) ;
#1069 = CARTESIAN_POINT ( 'NONE',  ( 16.49010131660362788, -14.49892155510438485, 2.371924572193067959 ) ) ;
#1070 = FACE_OUTER_BOUND ( 'NONE', #2488, .T. ) ;
#1071 = VERTEX_POINT ( 'NONE', #1745 ) ;
#1072 = DIRECTION ( 'NONE',  ( 0.000000000000000000, 1.000000000000000000, 0.000000000000000000 ) ) ;
#1073 = EDGE_CURVE ( 'NONE', #2407, #222, #1099, .T. ) ;
#1074 = CARTESIAN_POINT ( 'NONE',  ( -0.04299365938289709255, -3.000000000000000000, 0.01676759986089272625 ) ) ;
#1075 = DIRECTION ( 'NONE',  ( 0.000000000000000000, 0.000000000000000000, -1.000000000000000000 ) ) ;
#1076 = ORIENTED_EDGE ( 'NONE', *, *, #1980, .F. ) ;
#1077 = CARTESIAN_POINT ( 'NONE',  ( 13.08606436772416792, -14.49892155510438485, 4.999192027114117032 ) ) ;
#1078 = VERTEX_POINT ( 'NONE', #1771 ) ;
#1079 = CARTESIAN_POINT ( 'NONE',  ( 16.39587582784048081, -5.992018272998393513, 13.08488538629254272 ) ) ;
#1080 = VERTEX_POINT ( 'NONE', #273 ) ;
#1081 = DIRECTION ( 'NONE',  ( 0.000000000000000000, 0.000000000000000000, 1.000000000000000000 ) ) ;
#1082 = CARTESIAN_POINT ( 'NONE',  ( -0.04299341723065352311, -4.499999999999999112, 0.01676718069505006570 ) ) ;
#1083 = CARTESIAN_POINT ( 'NONE',  ( -0.2716380063857779525, -16.00000000000000711, -18.63166736344916430 ) ) ;
#1084 = ORIENTED_EDGE ( 'NONE', *, *, #2489, .T. ) ;
#1085 = CARTESIAN_POINT ( 'NONE',  ( -7.138917530642729936, 29.05176218177019365, 16.01357449859128579 ) ) ;
#1086 = CYLINDRICAL_SURFACE ( 'NONE', #580, 2.299999888938520698 ) ;
#1087 = ADVANCED_FACE ( 'NONE', ( #2346 ), #230, .F. ) ;
#1088 = DIRECTION ( 'NONE',  ( 0.000000000000000000, -1.000000000000000000, 0.000000000000000000 ) ) ;
#1089 = VERTEX_POINT ( 'NONE', #1296 ) ;
#1090 = ADVANCED_FACE ( 'NONE', ( #670 ), #2140, .T. ) ;
#1091 = CARTESIAN_POINT ( 'NONE',  ( -12.62377369782981518, -7.354610569900735584, 16.83121991030467512 ) ) ;
#1092 = EDGE_LOOP ( 'NONE', ( #2369, #709, #1199, #561, #1261, #2501 ) ) ;
#1093 = CONICAL_SURFACE ( 'NONE', #786, 17.49999978534759038, 0.3490658503988774974 ) ;
#1094 = ORIENTED_EDGE ( 'NONE', *, *, #923, .F. ) ;
#1095 = VECTOR ( 'NONE', #2581, 1000.000000000000000 ) ;
#1096 = DIRECTION ( 'NONE',  ( 0.000000000000000000, -1.000000000000000000, 0.000000000000000000 ) ) ;
#1097 = FACE_OUTER_BOUND ( 'NONE', #1621, .T. ) ;
#1098 = DIRECTION ( 'NONE',  ( -0.000000000000000000, -1.000000000000000000, -0.000000000000000000 ) ) ;
#1099 = CIRCLE ( 'NONE', #2040, 20.99999984790673579 ) ;
#1100 = ORIENTED_EDGE ( 'NONE', *, *, #335, .F. ) ;
#1101 = LINE ( 'NONE', #1996, #1722 ) ;
#1102 = AXIS2_PLACEMENT_3D ( 'NONE', #1297, #1881, #405 ) ;
#1103 = CARTESIAN_POINT ( 'NONE',  ( -1.700776523954403263, -11.90084534375105285, -14.87956754837821904 ) ) ;
#1104 = CONICAL_SURFACE ( 'NONE', #664, 1.950000000000000400, 0.7853981633974518317 ) ;
#1105 = FACE_OUTER_BOUND ( 'NONE', #2586, .T. ) ;
#1106 = ORIENTED_EDGE ( 'NONE', *, *, #1315, .T. ) ;
#1107 = ADVANCED_FACE ( 'NONE', ( #1518 ), #888, .F. ) ;
#1108 = CIRCLE ( 'NONE', #1462, 20.99999984790673579 ) ;
#1109 = DIRECTION ( 'NONE',  ( 0.000000000000000000, 0.000000000000000000, 1.000000000000000000 ) ) ;
#1110 = ORIENTED_EDGE ( 'NONE', *, *, #1689, .T. ) ;
#1111 = EDGE_CURVE ( 'NONE', #222, #798, #2167, .T. ) ;
#1112 = ORIENTED_EDGE ( 'NONE', *, *, #1669, .F. ) ;
#1113 = DIRECTION ( 'NONE',  ( 0.000000000000000000, 0.000000000000000000, -1.000000000000000000 ) ) ;
#1114 = DIRECTION ( 'NONE',  ( 0.000000000000000000, 1.000000000000000000, 0.000000000000000000 ) ) ;
#1115 = CARTESIAN_POINT ( 'NONE',  ( -8.111188000319270230, -4.500000000000000000, -15.51364531202459673 ) ) ;
#1116 = ORIENTED_EDGE ( 'NONE', *, *, #2660, .T. ) ;
#1117 = CARTESIAN_POINT ( 'NONE',  ( -20.22993865467500285, -4.651563300203516604, 5.806448919187845448 ) ) ;
#1118 = DIRECTION ( 'NONE',  ( 0.000000000000000000, -1.000000000000000000, 0.000000000000000000 ) ) ;
#1119 = DIRECTION ( 'NONE',  ( 0.000000000000000000, 0.000000000000000000, 1.000000000000000000 ) ) ;
#1120 = ORIENTED_EDGE ( 'NONE', *, *, #774, .T. ) ;
#1121 = DIRECTION ( 'NONE',  ( 0.000000000000000000, 0.000000000000000000, -1.000000000000000000 ) ) ;
#1122 = ORIENTED_EDGE ( 'NONE', *, *, #2616, .F. ) ;
#1123 = ADVANCED_FACE ( 'NONE', ( #2152 ), #1530, .T. ) ;
#1124 = DIRECTION ( 'NONE',  ( 0.000000000000000000, -0.000000000000000000, -1.000000000000000000 ) ) ;
#1125 = DIRECTION ( 'NONE',  ( 0.000000000000000000, 1.000000000000000000, 0.000000000000000000 ) ) ;
#1126 = CARTESIAN_POINT ( 'NONE',  ( -10.34916758024696648, -11.90084534375105285, 13.15726964327363291 ) ) ;
#1127 = ORIENTED_EDGE ( 'NONE', *, *, #1669, .T. ) ;
#1128 = CARTESIAN_POINT ( 'NONE',  ( -19.71542822557432117, -5.992018271052025113, 7.365742905484713887 ) ) ;
#1129 = CARTESIAN_POINT ( 'NONE',  ( -16.95629115292384981, -4.652180085423148981, 4.513791518282091353 ) ) ;
#1130 = DIRECTION ( 'NONE',  ( 0.000000000000000000, 0.000000000000000000, -1.000000000000000000 ) ) ;
#1131 = ORIENTED_EDGE ( 'NONE', *, *, #1877, .F. ) ;
#1132 = CARTESIAN_POINT ( 'NONE',  ( 17.35827529884191378, 29.05176218177019365, -1.839521232466941436 ) ) ;
#1133 = ORIENTED_EDGE ( 'NONE', *, *, #2080, .F. ) ;
#1134 = ORIENTED_EDGE ( 'NONE', *, *, #2616, .T. ) ;
#1135 = FACE_OUTER_BOUND ( 'NONE', #372, .T. ) ;
#1136 = CARTESIAN_POINT ( 'NONE',  ( 17.11687059467011451, -4.879643600032538941, -3.420966494972347061 ) ) ;
#1137 = EDGE_CURVE ( 'NONE', #798, #753, #2389, .T. ) ;
#1138 = AXIS2_PLACEMENT_3D ( 'NONE', #1604, #2454, #1990 ) ;
#1139 = ORIENTED_EDGE ( 'NONE', *, *, #2076, .T. ) ;
#1140 = CARTESIAN_POINT ( 'NONE',  ( -19.79146525613124297, -5.663824838267763617, 7.158895401346755172 ) ) ;
#1141 = CARTESIAN_POINT ( 'NONE',  ( -16.32435457735501672, -7.105976250172434838, 6.433056806767029734 ) ) ;
#1142 = EDGE_CURVE ( 'NONE', #1860, #384, #703, .T. ) ;
#1143 = AXIS2_PLACEMENT_3D ( 'NONE', #1594, #317, #1158 ) ;
#1144 = DIRECTION ( 'NONE',  ( 0.000000000000000000, 0.000000000000000000, -1.000000000000000000 ) ) ;
#1145 = ORIENTED_EDGE ( 'NONE', *, *, #1608, .F. ) ;
#1146 = TOROIDAL_SURFACE ( 'NONE', #1454, 7.300000212677193900, 3.000000000000000000 ) ;
#1147 = CARTESIAN_POINT ( 'NONE',  ( -10.36448652708683227, 14.43325734948383854, 17.46834878274890102 ) ) ;
#1148 = VECTOR ( 'NONE', #2094, 1000.000000000000000 ) ;
#1149 = VERTEX_POINT ( 'NONE', #2007 ) ;
#1150 = CIRCLE ( 'NONE', #2044, 4.303301104857576220 ) ;
#1151 = VERTEX_POINT ( 'NONE', #106 ) ;
#1152 = B_SPLINE_CURVE_WITH_KNOTS ( 'NONE', 3,
 ( #2125, #50, #1934, #854, #1965, #1340, #1977, #243, #1949, #869, #32, #1068 ),
 .UNSPECIFIED., .F., .F.,
 ( 4, 2, 2, 2, 2, 4 ),
 ( -1.470671445211797524E-05, 0.001844531837087767323, 0.003703770388627651653, 0.004633389664397594143, 0.005563008940167536200, 0.007422247491707421180 ),
 .UNSPECIFIED. ) ;
#1153 = CARTESIAN_POINT ( 'NONE',  ( -0.04299410458842448102, -11.90084534375105285, 0.01676821137269898093 ) ) ;
#1154 = FACE_OUTER_BOUND ( 'NONE', #2194, .T. ) ;
#1155 = AXIS2_PLACEMENT_3D ( 'NONE', #2172, #1590, #2228 ) ;
#1156 = CARTESIAN_POINT ( 'NONE',  ( -7.592068713157196669, -4.593935275103476101, -15.77241963228556365 ) ) ;
#1157 = ORIENTED_EDGE ( 'NONE', *, *, #480, .T. ) ;
#1158 = DIRECTION ( 'NONE',  ( 0.000000000000000000, 0.000000000000000000, 1.000000000000000000 ) ) ;
#1159 = CARTESIAN_POINT ( 'NONE',  ( -10.34916758024696648, -4.499999999999999112, 13.15726964327363291 ) ) ;
#1160 = EDGE_CURVE ( 'NONE', #807, #503, #790, .T. ) ;
#1161 = DIRECTION ( 'NONE',  ( -0.000000000000000000, -1.000000000000000000, -0.000000000000000000 ) ) ;
#1162 = ORIENTED_EDGE ( 'NONE', *, *, #735, .F. ) ;
#1163 = MANIFOLD_SOLID_BREP ( 'µ¹½Ç5', #1940 ) ;
#1164 = CARTESIAN_POINT ( 'NONE',  ( 16.60237427847240355, -5.593360171751474041, 4.671924550899643869 ) ) ;
#1165 = ORIENTED_EDGE ( 'NONE', *, *, #1353, .T. ) ;
#1166 = VERTEX_POINT ( 'NONE', #2669 ) ;
#1167 = CYLINDRICAL_SURFACE ( 'NONE', #2602, 20.95439393397514749 ) ;
#1168 = CARTESIAN_POINT ( 'NONE',  ( 4.179978538163043211, -6.511150236176248995, -16.96625819833551674 ) ) ;
#1169 = CARTESIAN_POINT ( 'NONE',  ( -0.2716380063857779525, 14.43325734948383854, -16.68166736344916501 ) ) ;
#1170 = ORIENTED_EDGE ( 'NONE', *, *, #2047, .F. ) ;
#1171 = LINE ( 'NONE', #1804, #2554 ) ;
#1172 = CARTESIAN_POINT ( 'NONE',  ( -16.53406869261758416, -5.667502900612908512, 5.873936290878351230 ) ) ;
#1173 = DIRECTION ( 'NONE',  ( 0.000000000000000000, 0.000000000000000000, -1.000000000000000000 ) ) ;
#1174 = ADVANCED_FACE ( 'NONE', ( #1135 ), #1167, .T. ) ;
#1175 = CARTESIAN_POINT ( 'NONE',  ( -0.02394629698951136754, -4.499999999999999112, 0.03132693794928833458 ) ) ;
#1176 = ORIENTED_EDGE ( 'NONE', *, *, #1886, .F. ) ;
#1177 = ADVANCED_FACE ( 'NONE', ( #1605 ), #1146, .F. ) ;
#1178 = CARTESIAN_POINT ( 'NONE',  ( -10.34916758024696648, -11.90084534375105285, 11.20726964327363362 ) ) ;
#1179 = CARTESIAN_POINT ( 'NONE',  ( -0.04299341723065352311, -16.99999999999999645, 0.01676718069505006570 ) ) ;
#1180 = CARTESIAN_POINT ( 'NONE',  ( 13.94298349809838378, -12.76732461257624074, 4.470993785556954592 ) ) ;
#1181 = CARTESIAN_POINT ( 'NONE',  ( -5.536637314923161135, -7.104927676598063790, -16.59862794136249065 ) ) ;
#1182 = EDGE_LOOP ( 'NONE', ( #297, #1765, #451, #954 ) ) ;
#1183 = DIRECTION ( 'NONE',  ( 0.000000000000000000, -1.000000000000000000, 0.000000000000000000 ) ) ;
#1184 = CYLINDRICAL_SURFACE ( 'NONE', #224, 2.300000140408032578 ) ;
#1185 = CIRCLE ( 'NONE', #2726, 7.303301104857576220 ) ;
#1186 = AXIS2_PLACEMENT_3D ( 'NONE', #1704, #1223, #1912 ) ;
#1187 = FACE_OUTER_BOUND ( 'NONE', #2023, .T. ) ;
#1188 = VECTOR ( 'NONE', #2271, 1000.000000000000000 ) ;
#1189 = EDGE_CURVE ( 'NONE', #455, #1659, #1418, .T. ) ;
#1190 = ORIENTED_EDGE ( 'NONE', *, *, #2294, .F. ) ;
#1191 = VECTOR ( 'NONE', #1893, 1000.000000000000000 ) ;
#1192 = AXIS2_PLACEMENT_3D ( 'NONE', #2658, #1408, #2276 ) ;
#1193 = DIRECTION ( 'NONE',  ( 0.000000000000000000, -1.000000000000000000, 0.000000000000000000 ) ) ;
#1194 = EDGE_CURVE ( 'NONE', #776, #2010, #2475, .T. ) ;
#1195 = CARTESIAN_POINT ( 'NONE',  ( 16.49010131660362788, -17.00000000000000000, -0.5780754278069331065 ) ) ;
#1196 = CARTESIAN_POINT ( 'NONE',  ( 16.14775474154061641, -5.000000000000000000, 6.658275077175894729 ) ) ;
#1197 = CARTESIAN_POINT ( 'NONE',  ( -17.17927557814978812, -4.499999999999999112, 3.566111742331343759 ) ) ;
#1198 = AXIS2_PLACEMENT_3D ( 'NONE', #2460, #1634, #2282 ) ;
#1199 = ORIENTED_EDGE ( 'NONE', *, *, #1277, .T. ) ;
#1200 = CIRCLE ( 'NONE', #88, 4.300000212677193900 ) ;
#1201 = LINE ( 'NONE', #2230, #1188 ) ;
#1202 = FACE_OUTER_BOUND ( 'NONE', #736, .T. ) ;
#1203 = CARTESIAN_POINT ( 'NONE',  ( 16.49010131660362788, -16.00000000000000711, 0.4219245721930691140 ) ) ;
#1204 = ORIENTED_EDGE ( 'NONE', *, *, #2380, .F. ) ;
#1205 = LINE ( 'NONE', #607, #1677 ) ;
#1206 = CARTESIAN_POINT ( 'NONE',  ( 13.11726104283614802, -5.112251356004462011, 11.55300850632490217 ) ) ;
#1207 = CARTESIAN_POINT ( 'NONE',  ( -8.367462603140699784, -4.499999999999999112, -15.66612880069872382 ) ) ;
#1208 = EDGE_CURVE ( 'NONE', #2600, #2229, #2417, .T. ) ;
#1209 = VERTEX_POINT ( 'NONE', #534 ) ;
#1210 = DIRECTION ( 'NONE',  ( 0.000000000000000000, 0.000000000000000000, 1.000000000000000000 ) ) ;
#1211 = CARTESIAN_POINT ( 'NONE',  ( -12.12367203171339547, -11.34575116818284179, 9.226105850398694130 ) ) ;
#1212 = DIRECTION ( 'NONE',  ( 0.000000000000000000, -1.000000000000000000, 0.000000000000000000 ) ) ;
#1213 = ORIENTED_EDGE ( 'NONE', *, *, #1776, .T. ) ;
#1214 = CARTESIAN_POINT ( 'NONE',  ( -0.2716380063857779525, -7.500000000000000000, -16.68166736344916501 ) ) ;
#1215 = CARTESIAN_POINT ( 'NONE',  ( 3.324721059635790343, -26.18432283476154865, -22.50964963866799451 ) ) ;
#1216 = ORIENTED_EDGE ( 'NONE', *, *, #1975, .F. ) ;
#1217 = CARTESIAN_POINT ( 'NONE',  ( -4.595797851829717118, -6.585430785755218785, -16.28330195844887385 ) ) ;
#1218 = B_SPLINE_CURVE_WITH_KNOTS ( 'NONE', 3,
 ( #600, #1458, #1051, #1671 ),
 .UNSPECIFIED., .F., .F.,
 ( 4, 4 ),
 ( 0.004564249503550372664, 0.007388348192449207923 ),
 .UNSPECIFIED. ) ;
#1219 = ORIENTED_EDGE ( 'NONE', *, *, #1276, .T. ) ;
#1220 = DIRECTION ( 'NONE',  ( 0.000000000000000000, 0.000000000000000000, -1.000000000000000000 ) ) ;
#1221 = EDGE_CURVE ( 'NONE', #144, #2407, #2259, .T. ) ;
#1222 = FACE_BOUND ( 'NONE', #156, .T. ) ;
#1223 = DIRECTION ( 'NONE',  ( 0.000000000000000000, -1.000000000000000000, -0.000000000000000000 ) ) ;
#1224 = EDGE_CURVE ( 'NONE', #1716, #1304, #1407, .T. ) ;
#1225 = B_SPLINE_CURVE_WITH_KNOTS ( 'NONE', 3,
 ( #1260, #443, #2541, #2502, #2530, #1065, #1918, #1878, #2358, #852, #865, #1079, #624, #636, #17, #811, #198, #1888 ),
 .UNSPECIFIED., .F., .F.,
 ( 4, 2, 2, 2, 2, 2, 2, 2, 4 ),
 ( 0.000000000000000000, 0.0005870424719188301532, 0.001174084943837660306, 0.001761127415756490351, 0.002348169887675320613, 0.002935212359594150874, 0.003522254831512980702, 0.004109297303431811398, 0.004696339775350641225 ),
 .UNSPECIFIED. ) ;
#1226 = FACE_OUTER_BOUND ( 'NONE', #2256, .T. ) ;
#1227 = AXIS2_PLACEMENT_3D ( 'NONE', #2678, #821, #2048 ) ;
#1228 = AXIS2_PLACEMENT_3D ( 'NONE', #496, #718, #1566 ) ;
#1229 = ORIENTED_EDGE ( 'NONE', *, *, #2451, .F. ) ;
#1230 = CIRCLE ( 'NONE', #2213, 22.80000001305370461 ) ;
#1231 = CARTESIAN_POINT ( 'NONE',  ( -0.2716380063857779525, -7.500000000000000000, -16.68166736344916501 ) ) ;
#1232 = AXIS2_PLACEMENT_3D ( 'NONE', #2210, #1757, #740 ) ;
#1233 = ORIENTED_EDGE ( 'NONE', *, *, #2413, .F. ) ;
#1234 = CARTESIAN_POINT ( 'NONE',  ( -4.500280348332371005, -8.170861463617754339, -15.70975688359056655 ) ) ;
#1235 = VERTEX_POINT ( 'NONE', #1195 ) ;
#1236 = CARTESIAN_POINT ( 'NONE',  ( -12.40655188164233280, -5.577031863477819762, 12.10372155498424718 ) ) ;
#1237 = LINE ( 'NONE', #1688, #1191 ) ;
#1238 = CIRCLE ( 'NONE', #1556, 1.949999999999998623 ) ;
#1239 = LINE ( 'NONE', #2716, #2300 ) ;
#1240 = VECTOR ( 'NONE', #1595, 1000.000000000000114 ) ;
#1241 = DIRECTION ( 'NONE',  ( -0.000000000000000000, -1.000000000000000000, -0.000000000000000000 ) ) ;
#1242 = FACE_OUTER_BOUND ( 'NONE', #527, .T. ) ;
#1243 = PRODUCT_RELATED_PRODUCT_CATEGORY ( 'part', '', ( #892 ) ) ;
#1244 = ADVANCED_FACE ( 'NONE', ( #1618 ), #2620, .T. ) ;
#1245 = B_SPLINE_CURVE_WITH_KNOTS ( 'NONE', 3,
 ( #1619, #1838, #1010, #779, #1168, #158, #2033, #996, #134, #2431, #1397, #573, #1421, #2227, #1813, #1646, #836, #352 ),
 .UNSPECIFIED., .F., .F.,
 ( 4, 2, 2, 2, 2, 2, 2, 2, 4 ),
 ( 3.576224061345498009E-18, 0.0006005177226979373662, 0.001201035445395871046, 0.001801553168093804943, 0.002402070890791738623, 0.003002588613489672303, 0.003603106336187606416, 0.004203624058885540096, 0.004804141781583473776 ),
 .UNSPECIFIED. ) ;
#1246 = ORIENTED_EDGE ( 'NONE', *, *, #2380, .T. ) ;
#1247 = DIRECTION ( 'NONE',  ( 0.000000000000000000, -0.000000000000000000, 1.000000000000000000 ) ) ;
#1248 = ORIENTED_EDGE ( 'NONE', *, *, #613, .T. ) ;
#1249 = ORIENTED_EDGE ( 'NONE', *, *, #1613, .F. ) ;
#1250 = CARTESIAN_POINT ( 'NONE',  ( -0.2716380063857773974, -14.49892155510437064, -12.38166735306394806 ) ) ;
#1251 = DIRECTION ( 'NONE',  ( 0.000000000000000000, -0.000000000000000000, -1.000000000000000000 ) ) ;
#1252 = DIRECTION ( 'NONE',  ( 0.000000000000000000, 0.000000000000000000, -1.000000000000000000 ) ) ;
#1253 = CARTESIAN_POINT ( 'NONE',  ( 16.49010131660362788, 14.43325734948383854, -1.928075640484125497 ) ) ;
#1254 = DIRECTION ( 'NONE',  ( 0.000000000000000000, 0.000000000000000000, 1.000000000000000000 ) ) ;
#1255 = ORIENTED_EDGE ( 'NONE', *, *, #2218, .F. ) ;
#1256 = EDGE_CURVE ( 'NONE', #1436, #209, #1392, .T. ) ;
#1257 = DIRECTION ( 'NONE',  ( 0.000000000000000000, 0.000000000000000000, -1.000000000000000000 ) ) ;
#1258 = ORIENTED_EDGE ( 'NONE', *, *, #1478, .T. ) ;
#1259 = ADVANCED_FACE ( 'NONE', ( #934 ), #532, .T. ) ;
#1260 = CARTESIAN_POINT ( 'NONE',  ( 14.64797494126985811, -4.499999999999999112, 15.02261411785990042 ) ) ;
#1261 = ORIENTED_EDGE ( 'NONE', *, *, #233, .T. ) ;
#1262 = B_SPLINE_CURVE_WITH_KNOTS ( 'NONE', 3,
 ( #789, #1681, #1645, #584, #441, #423, #1709, #1077 ),
 .UNSPECIFIED., .F., .F.,
 ( 4, 2, 2, 4 ),
 ( 2.132408642865996922E-07, 0.005064195324603129600, 0.007596186366472554123, 0.01012817740834197691 ),
 .UNSPECIFIED. ) ;
#1263 = DIRECTION ( 'NONE',  ( 0.000000000000000000, 1.000000000000000000, 0.000000000000000000 ) ) ;
#1264 = CARTESIAN_POINT ( 'NONE',  ( 0.000000000000000000, -4.499999999999999112, 0.000000000000000000 ) ) ;
#1265 = CARTESIAN_POINT ( 'NONE',  ( -10.34916758024696648, -11.90084534375105285, 13.15726964327363291 ) ) ;
#1266 = LINE ( 'NONE', #1253, #525 ) ;
#1267 = CARTESIAN_POINT ( 'NONE',  ( -0.3305105659850045008, -17.00000000000000000, -20.98126433421736792 ) ) ;
#1268 = CARTESIAN_POINT ( 'NONE',  ( 16.49010131660362788, -16.00000000000000711, 0.4219245721930691140 ) ) ;
#1269 = EDGE_LOOP ( 'NONE', ( #931, #323 ) ) ;
#1270 = AXIS2_PLACEMENT_3D ( 'NONE', #225, #208, #269 ) ;
#1271 = ADVANCED_FACE ( 'NONE', ( #2305 ), #2091, .T. ) ;
#1272 = DIRECTION ( 'NONE',  ( 0.000000000000000000, 1.000000000000000000, 0.000000000000000000 ) ) ;
#1273 = ORIENTED_EDGE ( 'NONE', *, *, #702, .T. ) ;
#1274 = CIRCLE ( 'NONE', #2036, 17.49999978534759038 ) ;
#1275 = SHAPE_DEFINITION_REPRESENTATION ( #2377, #467 ) ;
#1276 = EDGE_CURVE ( 'NONE', #2643, #1586, #136, .T. ) ;
#1277 = EDGE_CURVE ( 'NONE', #1209, #2155, #43, .T. ) ;
#1278 = AXIS2_PLACEMENT_3D ( 'NONE', #2304, #1662, #1437 ) ;
#1279 = ORIENTED_EDGE ( 'NONE', *, *, #117, .T. ) ;
#1280 = DIRECTION ( 'NONE',  ( 0.000000000000000000, 0.000000000000000000, -1.000000000000000000 ) ) ;
#1281 = DIRECTION ( 'NONE',  ( 8.068480884547504010E-16, 0.000000000000000000, 1.000000000000000000 ) ) ;
#1282 = DIRECTION ( 'NONE',  ( 0.000000000000000000, -1.000000000000000000, 0.000000000000000000 ) ) ;
#1283 = AXIS2_PLACEMENT_3D ( 'NONE', #1504, #232, #2128 ) ;
#1284 = AXIS2_PLACEMENT_3D ( 'NONE', #2455, #558, #2049 ) ;
#1285 = VERTEX_POINT ( 'NONE', #1935 ) ;
#1286 = CONICAL_SURFACE ( 'NONE', #181, 1.950000000000000400, 0.7853981633974518317 ) ;
#1287 = CARTESIAN_POINT ( 'NONE',  ( -10.36448652708683227, 14.43325734948383854, 8.861746573033746799 ) ) ;
#1288 = DIRECTION ( 'NONE',  ( 0.000000000000000000, 0.000000000000000000, 1.000000000000000000 ) ) ;
#1289 = VECTOR ( 'NONE', #172, 1000.000000000000227 ) ;
#1290 = DIRECTION ( 'NONE',  ( 0.000000000000000000, -1.000000000000000000, -0.000000000000000000 ) ) ;
#1291 = ORIENTED_EDGE ( 'NONE', *, *, #1743, .T. ) ;
#1292 = DIRECTION ( 'NONE',  ( -0.000000000000000000, 1.000000000000000000, -0.000000000000000000 ) ) ;
#1293 = VERTEX_POINT ( 'NONE', #429 ) ;
#1294 = DIRECTION ( 'NONE',  ( 0.000000000000000000, -1.000000000000000000, 0.000000000000000000 ) ) ;
#1295 = ORIENTED_EDGE ( 'NONE', *, *, #617, .T. ) ;
#1296 = CARTESIAN_POINT ( 'NONE',  ( 18.12871105907316149, -4.499999999999999112, -10.50887531931238250 ) ) ;
#1297 = CARTESIAN_POINT ( 'NONE',  ( -0.04299341723065352311, -4.499999999999999112, 0.01676718069505006570 ) ) ;
#1298 = CYLINDRICAL_SURFACE ( 'NONE', #1865, 4.300000212677193900 ) ;
#1299 = EDGE_CURVE ( 'NONE', #438, #144, #2104, .T. ) ;
#1300 = ORIENTED_EDGE ( 'NONE', *, *, #1612, .F. ) ;
#1301 = DIRECTION ( 'NONE',  ( 0.000000000000000000, 1.000000000000000000, 0.000000000000000000 ) ) ;
#1302 = CARTESIAN_POINT ( 'NONE',  ( -2.483515832578231830, -5.000000000000000888, -17.31222039680566382 ) ) ;
#1303 = DIRECTION ( 'NONE',  ( 0.000000000000000000, 0.000000000000000000, 1.000000000000000000 ) ) ;
#1304 = VERTEX_POINT ( 'NONE', #1039 ) ;
#1305 = FACE_OUTER_BOUND ( 'NONE', #1686, .T. ) ;
#1306 = ORIENTED_EDGE ( 'NONE', *, *, #100, .F. ) ;
#1307 = ORIENTED_EDGE ( 'NONE', *, *, #1924, .T. ) ;
#1308 = DIRECTION ( 'NONE',  ( 0.000000000000000000, -1.000000000000000000, 0.000000000000000000 ) ) ;
#1309 = CARTESIAN_POINT ( 'NONE',  ( 16.85551266812239746, -4.518377274421627732, -4.536168154373132921 ) ) ;
#1310 = CYLINDRICAL_SURFACE ( 'NONE', #1283, 22.75385894699999767 ) ;
#1311 = ORIENTED_EDGE ( 'NONE', *, *, #812, .F. ) ;
#1312 = EDGE_CURVE ( 'NONE', #2573, #2712, #1237, .T. ) ;
#1313 = CARTESIAN_POINT ( 'NONE',  ( -6.613080467453912981, -7.499999999999999112, -19.92900805529344055 ) ) ;
#1314 = CARTESIAN_POINT ( 'NONE',  ( 14.77749410178164702, -12.12712597655332480, -1.579106844470806292 ) ) ;
#1315 = EDGE_CURVE ( 'NONE', #998, #2453, #2532, .T. ) ;
#1316 = DIRECTION ( 'NONE',  ( 0.000000000000000000, 0.000000000000000000, -1.000000000000000000 ) ) ;
#1317 = VERTEX_POINT ( 'NONE', #612 ) ;
#1318 = CARTESIAN_POINT ( 'NONE',  ( 16.49010131660362788, -11.90084534375105285, 4.671924550899643869 ) ) ;
#1319 = ORIENTED_EDGE ( 'NONE', *, *, #1624, .F. ) ;
#1320 = ORIENTED_EDGE ( 'NONE', *, *, #1055, .T. ) ;
#1321 = CIRCLE ( 'NONE', #788, 4.303301104857576220 ) ;
#1322 = CARTESIAN_POINT ( 'NONE',  ( -10.36448652708683227, 14.43325734948383854, 13.16504767789132302 ) ) ;
#1323 = PLANE ( 'NONE',  #436 ) ;
#1324 = CARTESIAN_POINT ( 'NONE',  ( -10.34916758024696648, -11.90084534375105285, 15.10726964327363397 ) ) ;
#1325 = AXIS2_PLACEMENT_3D ( 'NONE', #2624, #152, #1210 ) ;
#1326 = ORIENTED_EDGE ( 'NONE', *, *, #321, .F. ) ;
#1327 = DIRECTION ( 'NONE',  ( -0.7768189144686035164, 0.000000000000000000, -0.6297240460104889248 ) ) ;
#1328 = VECTOR ( 'NONE', #2032, 1000.000000000000000 ) ;
#1329 = DIRECTION ( 'NONE',  ( 0.000000000000000000, -1.000000000000000000, 0.000000000000000000 ) ) ;
#1330 = CIRCLE ( 'NONE', #270, 2.950000000000001066 ) ;
#1331 = CARTESIAN_POINT ( 'NONE',  ( -6.759014804044539915, -6.531570557330168114, -19.88048770219977612 ) ) ;
#1332 = ORIENTED_EDGE ( 'NONE', *, *, #367, .F. ) ;
#1333 = AXIS2_PLACEMENT_3D ( 'NONE', #2133, #2318, #2549 ) ;
#1334 = EDGE_CURVE ( 'NONE', #802, #1697, #2544, .T. ) ;
#1335 = VECTOR ( 'NONE', #1499, 1000.000000000000000 ) ;
#1336 = PLANE ( 'NONE',  #2384 ) ;
#1337 = VERTEX_POINT ( 'NONE', #826 ) ;
#1338 = EDGE_CURVE ( 'NONE', #693, #1304, #751, .T. ) ;
#1339 = VERTEX_POINT ( 'NONE', #215 ) ;
#1340 = CARTESIAN_POINT ( 'NONE',  ( 20.95509298045774926, -5.312568126544296554, -0.3771418656239837741 ) ) ;
#1341 = CARTESIAN_POINT ( 'NONE',  ( 13.86032244578427530, -7.301324631266631116, 10.64445559210821557 ) ) ;
#1342 = CARTESIAN_POINT ( 'NONE',  ( -6.927640727786895880, -4.891552697253390924, -16.07293365045555689 ) ) ;
#1343 = ORIENTED_EDGE ( 'NONE', *, *, #2212, .T. ) ;
#1344 = DIRECTION ( 'NONE',  ( 0.000000000000000000, 1.000000000000000000, 0.000000000000000000 ) ) ;
#1345 = CARTESIAN_POINT ( 'NONE',  ( -0.2716380063857779525, -14.49892155510437064, -16.68166736344916501 ) ) ;
#1346 = CARTESIAN_POINT ( 'NONE',  ( 2.390619342280077220, -5.632473278495015556, -20.84834720720740009 ) ) ;
#1347 = ORIENTED_EDGE ( 'NONE', *, *, #1552, .T. ) ;
#1348 = CARTESIAN_POINT ( 'NONE',  ( -13.89743877001407846, -5.000000000000000000, 10.70808821388367882 ) ) ;
#1349 = EDGE_CURVE ( 'NONE', #1586, #1361, #2557, .T. ) ;
#1350 = ORIENTED_EDGE ( 'NONE', *, *, #2595, .F. ) ;
#1351 = APPLICATION_CONTEXT ( 'automotive_design' ) ;
#1352 = ORIENTED_EDGE ( 'NONE', *, *, #943, .F. ) ;
#1353 = EDGE_CURVE ( 'NONE', #83, #2447, #2041, .T. ) ;
#1354 =( NAMED_UNIT ( * ) SI_UNIT ( $, .STERADIAN. ) SOLID_ANGLE_UNIT ( ) );
#1355 = DIRECTION ( 'NONE',  ( 0.3128612903717789551, 0.000000000000000000, 0.9497988276403088737 ) ) ;
#1356 = CARTESIAN_POINT ( 'NONE',  ( 16.64098679318094653, -4.499999999999999112, 12.76999414294571089 ) ) ;
#1357 = ORIENTED_EDGE ( 'NONE', *, *, #1613, .T. ) ;
#1358 = CARTESIAN_POINT ( 'NONE',  ( -13.89743867848583569, 14.43325734948383854, 10.70808827753616121 ) ) ;
#1359 = DIRECTION ( 'NONE',  ( 0.000000000000000000, 0.000000000000000000, 1.000000000000000000 ) ) ;
#1360 = DIRECTION ( 'NONE',  ( 1.048097943332034264E-14, 0.000000000000000000, 1.000000000000000000 ) ) ;
#1361 = VERTEX_POINT ( 'NONE', #1672 ) ;
#1362 = CARTESIAN_POINT ( 'NONE',  ( -10.36448652708683227, 14.43325734948383854, 13.16504767789132302 ) ) ;
#1363 = ORIENTED_EDGE ( 'NONE', *, *, #2060, .T. ) ;
#1364 = ORIENTED_EDGE ( 'NONE', *, *, #117, .F. ) ;
#1365 = CARTESIAN_POINT ( 'NONE',  ( -0.04376758391336358495, -4.499999999999999112, 0.01441692954455371309 ) ) ;
#1366 = AXIS2_PLACEMENT_3D ( 'NONE', #386, #595, #1008 ) ;
#1367 = CARTESIAN_POINT ( 'NONE',  ( -6.577363702165939685, -13.63320849123582512, 12.80745913418462578 ) ) ;
#1368 = EDGE_CURVE ( 'NONE', #1484, #1796, #1519, .T. ) ;
#1369 = AXIS2_PLACEMENT_3D ( 'NONE', #2568, #67, #2378 ) ;
#1370 = ORIENTED_EDGE ( 'NONE', *, *, #2556, .T. ) ;
#1371 = DIRECTION ( 'NONE',  ( -0.7944752572527638002, 0.000000000000000000, -0.6072965219834169925 ) ) ;
#1372 = CARTESIAN_POINT ( 'NONE',  ( -7.944469335578179946E-05, -17.00000000000000000, -0.0002009331618174438393 ) ) ;
#1373 = CONICAL_SURFACE ( 'NONE', #1500, 1.949999999999999067, 0.7853981633974523868 ) ;
#1374 = CIRCLE ( 'NONE', #2601, 1.950000000000000400 ) ;
#1375 = CARTESIAN_POINT ( 'NONE',  ( -19.57196924886525480, -7.499999999999998224, 7.738107516382538797 ) ) ;
#1376 = VERTEX_POINT ( 'NONE', #1052 ) ;
#1377 = CIRCLE ( 'NONE', #2434, 1.950000000000000400 ) ;
#1378 = DIRECTION ( 'NONE',  ( 0.000000000000000000, -1.000000000000000000, -0.000000000000000000 ) ) ;
#1379 = AXIS2_PLACEMENT_3D ( 'NONE', #1848, #960, #2679 ) ;
#1380 = VERTEX_POINT ( 'NONE', #2361 ) ;
#1381 = VERTEX_POINT ( 'NONE', #870 ) ;
#1382 = DIRECTION ( 'NONE',  ( -1.776356839400250465E-15, 0.000000000000000000, 1.000000000000000000 ) ) ;
#1383 = CARTESIAN_POINT ( 'NONE',  ( 11.97853706803721963, -4.499999987972548077, 12.73574021150438540 ) ) ;
#1384 = AXIS2_PLACEMENT_3D ( 'NONE', #2072, #2269, #1648 ) ;
#1385 = CARTESIAN_POINT ( 'NONE',  ( 1.206306102401587532, -11.90084534375105285, -14.91937287694082492 ) ) ;
#1386 = ORIENTED_EDGE ( 'NONE', *, *, #1776, .F. ) ;
#1387 = CARTESIAN_POINT ( 'NONE',  ( 0.000000000000000000, -4.499999999999999112, 0.000000000000000000 ) ) ;
#1388 = EDGE_CURVE ( 'NONE', #1381, #2672, #173, .T. ) ;
#1389 = PLANE ( 'NONE',  #1737 ) ;
#1390 = ADVANCED_FACE ( 'NONE', ( #1702, #1921 ), #20, .T. ) ;
#1391 = CARTESIAN_POINT ( 'NONE',  ( -0.04299410458842448102, -5.000000000000000888, 0.01676821137269898093 ) ) ;
#1392 = B_SPLINE_CURVE_WITH_KNOTS ( 'NONE', 3,
 ( #1789, #726, #1574, #518 ),
 .UNSPECIFIED., .F., .F.,
 ( 4, 4 ),
 ( 0.000000000000000000, 0.003004253712870695765 ),
 .UNSPECIFIED. ) ;
#1393 = DIRECTION ( 'NONE',  ( 0.000000000000000000, -1.000000000000000000, 0.000000000000000000 ) ) ;
#1394 = VERTEX_POINT ( 'NONE', #2563 ) ;
#1395 = VERTEX_POINT ( 'NONE', #447 ) ;
#1396 = DIRECTION ( 'NONE',  ( 0.000000000000000000, -1.000000000000000000, 0.000000000000000000 ) ) ;
#1397 = CARTESIAN_POINT ( 'NONE',  ( 5.226183833782027222, -5.093845730394990667, -16.67200817158524728 ) ) ;
#1398 = CARTESIAN_POINT ( 'NONE',  ( -6.120486385838150412, -11.34575106975720793, 13.93864910399369172 ) ) ;
#1399 = ORIENTED_EDGE ( 'NONE', *, *, #2290, .T. ) ;
#1400 = DIRECTION ( 'NONE',  ( -0.000000000000000000, -1.000000000000000000, -0.000000000000000000 ) ) ;
#1401 = DIRECTION ( 'NONE',  ( 0.000000000000000000, -1.000000000000000000, 0.000000000000000000 ) ) ;
#1402 = EDGE_CURVE ( 'NONE', #2628, #2131, #1377, .T. ) ;
#1403 = CARTESIAN_POINT ( 'NONE',  ( -10.36448652708683227, -14.49892155510435998, 8.861746573033746799 ) ) ;
#1404 = EDGE_CURVE ( 'NONE', #2591, #1394, #1550, .T. ) ;
#1405 = ORIENTED_EDGE ( 'NONE', *, *, #2730, .T. ) ;
#1406 = ORIENTED_EDGE ( 'NONE', *, *, #833, .T. ) ;
#1407 = LINE ( 'NONE', #133, #2734 ) ;
#1408 = DIRECTION ( 'NONE',  ( 0.000000000000000000, -1.000000000000000000, -0.000000000000000000 ) ) ;
#1409 = DIRECTION ( 'NONE',  ( 0.000000000000000000, 0.000000000000000000, 1.000000000000000000 ) ) ;
#1410 = ORIENTED_EDGE ( 'NONE', *, *, #598, .F. ) ;
#1411 = PLANE ( 'NONE',  #431 ) ;
#1412 = PLANE ( 'NONE',  #1424 ) ;
#1413 = AXIS2_PLACEMENT_3D ( 'NONE', #707, #324, #1583 ) ;
#1414 = CYLINDRICAL_SURFACE ( 'NONE', #2515, 2.299999978706575465 ) ;
#1415 = VECTOR ( 'NONE', #110, 1000.000000000000000 ) ;
#1416 = VERTEX_POINT ( 'NONE', #902 ) ;
#1417 = EDGE_CURVE ( 'NONE', #1512, #2288, #2589, .T. ) ;
#1418 = CIRCLE ( 'NONE', #2079, 17.49999916630100572 ) ;
#1419 = VECTOR ( 'NONE', #1637, 1000.000000000000114 ) ;
#1420 = DIRECTION ( 'NONE',  ( 0.000000000000000000, 1.000000000000000000, 0.000000000000000000 ) ) ;
#1421 = CARTESIAN_POINT ( 'NONE',  ( 5.722636008168159982, -4.791129933423984966, -16.50722912701883160 ) ) ;
#1422 = ADVANCED_FACE ( 'NONE', ( #519 ), #274, .T. ) ;
#1423 = CARTESIAN_POINT ( 'NONE',  ( -10.34916758024696648, -16.00000000000000711, 15.10726964327363397 ) ) ;
#1424 = AXIS2_PLACEMENT_3D ( 'NONE', #379, #2496, #2473 ) ;
#1425 = EDGE_LOOP ( 'NONE', ( #1122, #956, #849, #184 ) ) ;
#1426 = VECTOR ( 'NONE', #2115, 1000.000000000000000 ) ;
#1427 = CARTESIAN_POINT ( 'NONE',  ( 17.06594063029428909, -5.781089004302141454, -1.899784954496009926 ) ) ;
#1428 = DIRECTION ( 'NONE',  ( -0.7768189144686036274, 0.000000000000000000, -0.6297240460104888138 ) ) ;
#1429 = LINE ( 'NONE', #1884, #223 ) ;
#1430 = ORIENTED_EDGE ( 'NONE', *, *, #1208, .F. ) ;
#1431 = ADVANCED_FACE ( 'NONE', ( #1154 ), #2647, .F. ) ;
#1432 = CARTESIAN_POINT ( 'NONE',  ( -0.04299365938289709255, -3.000000000000000000, 22.81676761291459599 ) ) ;
#1433 = ORIENTED_EDGE ( 'NONE', *, *, #363, .T. ) ;
#1434 = CARTESIAN_POINT ( 'NONE',  ( -5.518066120219772053, -7.499999999999998224, -16.60471267181405963 ) ) ;
#1435 = EDGE_CURVE ( 'NONE', #692, #2229, #2297, .T. ) ;
#1436 = VERTEX_POINT ( 'NONE', #2405 ) ;
#1437 = DIRECTION ( 'NONE',  ( 0.000000000000000000, 0.000000000000000000, -1.000000000000000000 ) ) ;
#1438 = CARTESIAN_POINT ( 'NONE',  ( -13.12675996797614530, -8.171354211794502831, 9.814748426218402599 ) ) ;
#1439 = FACE_OUTER_BOUND ( 'NONE', #403, .T. ) ;
#1440 = CARTESIAN_POINT ( 'NONE',  ( 4.016115117458148198, -5.000000000000000000, -17.00597160067017199 ) ) ;
#1441 = ORIENTED_EDGE ( 'NONE', *, *, #2464, .F. ) ;
#1442 = DIRECTION ( 'NONE',  ( -0.000000000000000000, -1.000000000000000000, -0.000000000000000000 ) ) ;
#1443 = ORIENTED_EDGE ( 'NONE', *, *, #2642, .T. ) ;
#1444 = CARTESIAN_POINT ( 'NONE',  ( -5.807993717128122846, -6.165397153867181679, -16.50656220674995822 ) ) ;
#1445 = ORIENTED_EDGE ( 'NONE', *, *, #943, .T. ) ;
#1446 = CARTESIAN_POINT ( 'NONE',  ( -10.36448652708683227, -14.49892155510435998, 13.16504767789132302 ) ) ;
#1447 = CARTESIAN_POINT ( 'NONE',  ( -0.3305105659850045008, -4.499999999999999112, -20.98126433421736792 ) ) ;
#1448 = EDGE_CURVE ( 'NONE', #2229, #692, #1902, .T. ) ;
#1449 = LINE ( 'NONE', #396, #2550 ) ;
#1450 = LINE ( 'NONE', #982, #1734 ) ;
#1451 = AXIS2_PLACEMENT_3D ( 'NONE', #1534, #1301, #2144 ) ;
#1452 = EDGE_LOOP ( 'NONE', ( #102, #2263, #445, #72 ) ) ;
#1453 = CARTESIAN_POINT ( 'NONE',  ( 16.49010131660362788, -16.00000000000000711, 2.371924572193067959 ) ) ;
#1454 = AXIS2_PLACEMENT_3D ( 'NONE', #1991, #2444, #2209 ) ;
#1455 = ORIENTED_EDGE ( 'NONE', *, *, #2367, .F. ) ;
#1456 = CIRCLE ( 'NONE', #708, 2.950000000000001066 ) ;
#1457 = ORIENTED_EDGE ( 'NONE', *, *, #1874, .F. ) ;
#1458 = CARTESIAN_POINT ( 'NONE',  ( 16.81373972820422580, -6.767110848912179399, 0.07192459348648959361 ) ) ;
#1459 = DIRECTION ( 'NONE',  ( 0.000000000000000000, -1.000000000000000000, -0.000000000000000000 ) ) ;
#1460 = AXIS2_PLACEMENT_3D ( 'NONE', #2063, #981, #783 ) ;
#1461 = CARTESIAN_POINT ( 'NONE',  ( 16.49010131660362788, -16.00000000000000711, 4.321924572193066361 ) ) ;
#1462 = AXIS2_PLACEMENT_3D ( 'NONE', #1932, #1294, #210 ) ;
#1463 = EDGE_CURVE ( 'NONE', #1395, #2096, #474, .T. ) ;
#1464 = DIRECTION ( 'NONE',  ( -0.000000000000000000, -1.000000000000000000, 0.000000000000000000 ) ) ;
#1465 = CARTESIAN_POINT ( 'NONE',  ( -5.650577692863476997, -4.879839871754435343, 16.59488453044172829 ) ) ;
#1466 = ADVANCED_FACE ( 'NONE', ( #1097, #1950 ), #1323, .T. ) ;
#1467 = ORIENTED_EDGE ( 'NONE', *, *, #2064, .T. ) ;
#1468 = DIRECTION ( 'NONE',  ( 0.000000000000000000, -1.000000000000000000, 0.000000000000000000 ) ) ;
#1469 = EDGE_LOOP ( 'NONE', ( #1457, #900, #1835, #1255 ) ) ;
#1470 = DIRECTION ( 'NONE',  ( 0.000000000000000000, 0.000000000000000000, 1.000000000000000000 ) ) ;
#1471 = ORIENTED_EDGE ( 'NONE', *, *, #845, .F. ) ;
#1472 = LINE ( 'NONE', #2327, #87 ) ;
#1473 = CARTESIAN_POINT ( 'NONE',  ( 15.18991072202956794, -11.21094414498983483, 0.4687523089963419043 ) ) ;
#1474 = FACE_OUTER_BOUND ( 'NONE', #1522, .T. ) ;
#1475 = B_SPLINE_CURVE_WITH_KNOTS ( 'NONE', 3,
 ( #1795, #704, #1782, #82, #1554, #2398, #1615, #1346, #293, #322, #2191, #2614 ),
 .UNSPECIFIED., .F., .F.,
 ( 4, 2, 2, 2, 2, 4 ),
 ( 0.000000000000000000, 0.001760817726982044033, 0.002641226590473066699, 0.003521635453964089800, 0.005282453180946133399, 0.007043270907928177865 ),
 .UNSPECIFIED. ) ;
#1476 = PLANE ( 'NONE',  #1592 ) ;
#1477 = DIRECTION ( 'NONE',  ( 0.000000000000000000, -1.000000000000000000, -0.000000000000000000 ) ) ;
#1478 = EDGE_CURVE ( 'NONE', #118, #1376, #357, .T. ) ;
#1479 = DIRECTION ( 'NONE',  ( -0.000000000000000000, 1.000000000000000000, -0.000000000000000000 ) ) ;
#1480 = ORIENTED_EDGE ( 'NONE', *, *, #537, .T. ) ;
#1481 = EDGE_CURVE ( 'NONE', #798, #438, #575, .T. ) ;
#1482 = EDGE_CURVE ( 'NONE', #66, #199, #1580, .T. ) ;
#1483 = CARTESIAN_POINT ( 'NONE',  ( -8.315752788951698449, -4.606789521267663723, 19.32086143417738811 ) ) ;
#1484 = VERTEX_POINT ( 'NONE', #1196 ) ;
#1485 = CARTESIAN_POINT ( 'NONE',  ( -9.023483946967907343, -4.499999999999999112, 15.03678048713707227 ) ) ;
#1486 = ORIENTED_EDGE ( 'NONE', *, *, #987, .T. ) ;
#1487 = DIRECTION ( 'NONE',  ( 0.000000000000000000, -1.000000000000000000, 0.000000000000000000 ) ) ;
#1488 = CARTESIAN_POINT ( 'NONE',  ( 1.922146157659283983, -5.000000000000000000, -17.37254572523164242 ) ) ;
#1489 = CARTESIAN_POINT ( 'NONE',  ( -0.3305105659850045008, -7.499999999999999112, -20.98126433421736792 ) ) ;
#1490 = CARTESIAN_POINT ( 'NONE',  ( -0.04299410458842448102, -11.90084534375105285, 0.01676821137269898093 ) ) ;
#1491 = DIRECTION ( 'NONE',  ( 0.000000000000000000, -1.000000000000000000, -0.000000000000000000 ) ) ;
#1492 = DIRECTION ( 'NONE',  ( -0.000000000000000000, -1.000000000000000000, -0.000000000000000000 ) ) ;
#1493 = ORIENTED_EDGE ( 'NONE', *, *, #2579, .T. ) ;
#1494 = AXIS2_PLACEMENT_3D ( 'NONE', #1214, #2722, #995 ) ;
#1495 = DIRECTION ( 'NONE',  ( 0.000000000000000000, 0.000000000000000000, -1.000000000000000000 ) ) ;
#1496 = EDGE_CURVE ( 'NONE', #1071, #2388, #1642, .T. ) ;
#1497 = VERTEX_POINT ( 'NONE', #1432 ) ;
#1498 = VECTOR ( 'NONE', #1807, 1000.000000000000000 ) ;
#1499 = DIRECTION ( 'NONE',  ( 0.000000000000000000, 0.8320502943378443872, 0.5547001962252280372 ) ) ;
#1500 = AXIS2_PLACEMENT_3D ( 'NONE', #2281, #428, #1027 ) ;
#1501 = ORIENTED_EDGE ( 'NONE', *, *, #11, .T. ) ;
#1502 = CARTESIAN_POINT ( 'NONE',  ( -0.04299365938289709255, -3.000000000000000000, 0.01676759986089272625 ) ) ;
#1503 = DIRECTION ( 'NONE',  ( 0.000000000000000000, -1.000000000000000000, 0.000000000000000000 ) ) ;
#1504 = CARTESIAN_POINT ( 'NONE',  ( 0.000000000000000000, -26.18432283476154865, 0.000000000000000000 ) ) ;
#1505 = ORIENTED_EDGE ( 'NONE', *, *, #409, .T. ) ;
#1506 = AXIS2_PLACEMENT_3D ( 'NONE', #1696, #1061, #1303 ) ;
#1507 = CARTESIAN_POINT ( 'NONE',  ( -0.04299410458842448102, -5.000000000000000000, 0.01676821137269898093 ) ) ;
#1508 = DIRECTION ( 'NONE',  ( 0.000000000000000000, -1.000000000000000000, 0.000000000000000000 ) ) ;
#1509 = AXIS2_PLACEMENT_3D ( 'NONE', #21, #2545, #1053 ) ;
#1510 = AXIS2_PLACEMENT_3D ( 'NONE', #289, #508, #93 ) ;
#1511 = CARTESIAN_POINT ( 'NONE',  ( 16.49010131660362788, -17.00000000000000000, 2.371924572193067959 ) ) ;
#1512 = VERTEX_POINT ( 'NONE', #2268 ) ;
#1513 = CARTESIAN_POINT ( 'NONE',  ( -8.584117100011035006, -4.668938881280863207, 19.20349321252425057 ) ) ;
#1514 = ORIENTED_EDGE ( 'NONE', *, *, #808, .T. ) ;
#1515 = CARTESIAN_POINT ( 'NONE',  ( 16.49010131660362788, -5.890282169259831946, 4.671924550899643869 ) ) ;
#1516 = ADVANCED_FACE ( 'NONE', ( #559 ), #1827, .F. ) ;
#1517 = ORIENTED_EDGE ( 'NONE', *, *, #2464, .T. ) ;
#1518 = FACE_OUTER_BOUND ( 'NONE', #1656, .T. ) ;
#1519 = LINE ( 'NONE', #1907, #2387 ) ;
#1520 = DIRECTION ( 'NONE',  ( 0.000000000000000000, -1.000000000000000000, 0.000000000000000000 ) ) ;
#1521 = EDGE_CURVE ( 'NONE', #2623, #83, #2559, .T. ) ;
#1522 = EDGE_LOOP ( 'NONE', ( #857, #1700, #1728, #880, #557, #1165 ) ) ;
#1523 = CARTESIAN_POINT ( 'NONE',  ( -19.68236243166796129, -6.166554493483078936, 7.453220188858241002 ) ) ;
#1524 = DIRECTION ( 'NONE',  ( 0.000000000000000000, 0.000000000000000000, -1.000000000000000000 ) ) ;
#1525 = CARTESIAN_POINT ( 'NONE',  ( 1.922146084030138757, -5.000000000000000888, -17.37254507369528866 ) ) ;
#1526 = ORIENTED_EDGE ( 'NONE', *, *, #1048, .F. ) ;
#1527 = DIRECTION ( 'NONE',  ( 0.000000000000000000, -1.000000000000000000, 0.000000000000000000 ) ) ;
#1528 = ORIENTED_EDGE ( 'NONE', *, *, #2664, .F. ) ;
#1529 = VERTEX_POINT ( 'NONE', #169 ) ;
#1530 = CYLINDRICAL_SURFACE ( 'NONE', #434, 4.303301104857576220 ) ;
#1531 = DIRECTION ( 'NONE',  ( -0.9497988276403089847, 0.000000000000000000, 0.3128612903717790106 ) ) ;
#1532 = LINE ( 'NONE', #1356, #143 ) ;
#1533 = EDGE_LOOP ( 'NONE', ( #918, #2073, #410, #469, #1986, #647, #1307 ) ) ;
#1534 = CARTESIAN_POINT ( 'NONE',  ( -0.04299410458842448102, -5.000000000000000000, 0.01676821137269898093 ) ) ;
#1535 = EDGE_CURVE ( 'NONE', #1337, #255, #2339, .T. ) ;
#1536 = CYLINDRICAL_SURFACE ( 'NONE', #2564, 22.80000001305370461 ) ;
#1537 = CARTESIAN_POINT ( 'NONE',  ( 1.898741746158313370, -9.049651802729602679, -15.89123770769369770 ) ) ;
#1538 = VERTEX_POINT ( 'NONE', #768 ) ;
#1539 = CARTESIAN_POINT ( 'NONE',  ( -0.2716380063857779525, -4.499999999999999112, -16.68166736344916501 ) ) ;
#1540 = ORIENTED_EDGE ( 'NONE', *, *, #250, .T. ) ;
#1541 = CONICAL_SURFACE ( 'NONE', #213, 17.49999978534759038, 0.3490658503988774974 ) ;
#1542 = ORIENTED_EDGE ( 'NONE', *, *, #722, .F. ) ;
#1543 = VECTOR ( 'NONE', #2317, 1000.000000000000000 ) ;
#1544 = DIRECTION ( 'NONE',  ( 0.000000000000000000, 0.000000000000000000, 1.000000000000000000 ) ) ;
#1545 = CARTESIAN_POINT ( 'NONE',  ( -0.003196238861989383201, -11.90084534375105285, 0.02243745806999658532 ) ) ;
#1546 = DIRECTION ( 'NONE',  ( 0.000000000000000000, 0.000000000000000000, -1.000000000000000000 ) ) ;
#1547 = CIRCLE ( 'NONE', #1143, 22.80000001305370461 ) ;
#1548 = VERTEX_POINT ( 'NONE', #147 ) ;
#1549 = FACE_OUTER_BOUND ( 'NONE', #212, .T. ) ;
#1550 = CIRCLE ( 'NONE', #1232, 17.49999964116318196 ) ;
#1551 = FACE_OUTER_BOUND ( 'NONE', #1953, .T. ) ;
#1552 = EDGE_CURVE ( 'NONE', #1151, #913, #1862, .T. ) ;
#1553 = AXIS2_PLACEMENT_3D ( 'NONE', #1598, #1161, #1144 ) ;
#1554 = CARTESIAN_POINT ( 'NONE',  ( 3.974479210693412590, -4.911663331700131252, -20.59718947012301626 ) ) ;
#1555 = ORIENTED_EDGE ( 'NONE', *, *, #2697, .T. ) ;
#1556 = AXIS2_PLACEMENT_3D ( 'NONE', #847, #1750, #1288 ) ;
#1557 = EDGE_CURVE ( 'NONE', #1080, #2643, #1245, .T. ) ;
#1558 = CONICAL_SURFACE ( 'NONE', #52, 4.300000010385215177, 0.5235987755983005920 ) ;
#1559 = CARTESIAN_POINT ( 'NONE',  ( 16.83358615550510251, -5.000001953616365569, 4.646131701610939579 ) ) ;
#1560 = ORIENTED_EDGE ( 'NONE', *, *, #2660, .F. ) ;
#1561 = EDGE_LOOP ( 'NONE', ( #2420, #885, #813, #113 ) ) ;
#1562 = DIRECTION ( 'NONE',  ( -0.000000000000000000, -1.000000000000000000, 0.000000000000000000 ) ) ;
#1563 = DIRECTION ( 'NONE',  ( 0.000000000000000000, -0.000000000000000000, 1.000000000000000000 ) ) ;
#1564 = LINE ( 'NONE', #1993, #2003 ) ;
#1565 = EDGE_LOOP ( 'NONE', ( #2002, #651, #2458, #2207, #70 ) ) ;
#1566 = DIRECTION ( 'NONE',  ( 0.000000000000000000, 0.000000000000000000, 1.000000000000000000 ) ) ;
#1567 = LINE ( 'NONE', #1372, #1240 ) ;
#1568 = LINE ( 'NONE', #2452, #45 ) ;
#1569 = ORIENTED_EDGE ( 'NONE', *, *, #1435, .F. ) ;
#1570 = LINE ( 'NONE', #1147, #610 ) ;
#1571 = ORIENTED_EDGE ( 'NONE', *, *, #738, .F. ) ;
#1572 = ADVANCED_FACE ( 'NONE', ( #365 ), #2239, .F. ) ;
#1573 = CYLINDRICAL_SURFACE ( 'NONE', #2333, 20.99999984790673579 ) ;
#1574 = CARTESIAN_POINT ( 'NONE',  ( -2.678240745571331516, -12.76732461300129806, -14.42287063758039700 ) ) ;
#1575 = CARTESIAN_POINT ( 'NONE',  ( 13.84848077402613953, -7.105976241066241705, 10.66000004575960425 ) ) ;
#1576 = CARTESIAN_POINT ( 'NONE',  ( -7.944469335578179946E-05, -4.499999999999999112, -0.0002009331618174438393 ) ) ;
#1577 = ORIENTED_EDGE ( 'NONE', *, *, #2123, .F. ) ;
#1578 = DIRECTION ( 'NONE',  ( 0.000000000000000000, 1.000000000000000000, 0.000000000000000000 ) ) ;
#1579 = LINE ( 'NONE', #2625, #360 ) ;
#1580 = B_SPLINE_CURVE_WITH_KNOTS ( 'NONE', 3,
 ( #92, #1341, #1575, #2418, #288, #1772, #2605, #948, #1801, #714, #1206, #586, #2670, #2467, #975, #2456, #1383, #2482 ),
 .UNSPECIFIED., .F., .F.,
 ( 4, 2, 2, 2, 2, 2, 2, 2, 4 ),
 ( 8.673617379884034509E-19, 0.0005875706727599621466, 0.001175141345519923426, 0.001762712018279884597, 0.002350282691039845984, 0.002937853363799807372, 0.003525424036559768326, 0.004112994709319729714, 0.004700565382079691101 ),
 .UNSPECIFIED. ) ;
#1581 = CARTESIAN_POINT ( 'NONE',  ( -10.34916758024696648, -4.499999999999999112, 13.15726964327363291 ) ) ;
#1582 = ORIENTED_EDGE ( 'NONE', *, *, #884, .F. ) ;
#1583 = DIRECTION ( 'NONE',  ( 0.000000000000000000, 0.000000000000000000, -1.000000000000000000 ) ) ;
#1584 = ORIENTED_EDGE ( 'NONE', *, *, #502, .T. ) ;
#1585 = EDGE_CURVE ( 'NONE', #550, #455, #791, .T. ) ;
#1586 = VERTEX_POINT ( 'NONE', #119 ) ;
#1587 = CARTESIAN_POINT ( 'NONE',  ( -0.04299341723065352311, -4.499999999999999112, 0.01676718069505006570 ) ) ;
#1588 = DIRECTION ( 'NONE',  ( 0.000000000000000000, 0.000000000000000000, 1.000000000000000000 ) ) ;
#1589 = AXIS2_PLACEMENT_3D ( 'NONE', #1453, #2069, #622 ) ;
#1590 = DIRECTION ( 'NONE',  ( 0.000000000000000000, -1.000000000000000000, 0.000000000000000000 ) ) ;
#1591 = EDGE_CURVE ( 'NONE', #151, #1080, #2645, .T. ) ;
#1592 = AXIS2_PLACEMENT_3D ( 'NONE', #235, #2524, #419 ) ;
#1593 = ORIENTED_EDGE ( 'NONE', *, *, #905, .F. ) ;
#1594 = CARTESIAN_POINT ( 'NONE',  ( -0.04299365938289709255, -3.000000000000000000, 0.01676759986089272625 ) ) ;
#1595 = DIRECTION ( 'NONE',  ( 0.9299512230877768904, 0.000000000000000000, -0.3676829105051631075 ) ) ;
#1596 = AXIS2_PLACEMENT_3D ( 'NONE', #1014, #2704, #2495 ) ;
#1597 = VECTOR ( 'NONE', #727, 1000.000000000000000 ) ;
#1598 = CARTESIAN_POINT ( 'NONE',  ( 16.49010131660362788, -14.49892155510438485, 2.371924572193067959 ) ) ;
#1599 = CIRCLE ( 'NONE', #2219, 17.49999964116318552 ) ;
#1600 = FACE_OUTER_BOUND ( 'NONE', #36, .T. ) ;
#1601 = AXIS2_PLACEMENT_3D ( 'NONE', #279, #2231, #1359 ) ;
#1602 = ORIENTED_EDGE ( 'NONE', *, *, #828, .F. ) ;
#1603 = AXIS2_PLACEMENT_3D ( 'NONE', #475, #696, #903 ) ;
#1604 = CARTESIAN_POINT ( 'NONE',  ( -0.04299365938289709255, -3.000000000000000000, 0.01676759986089272625 ) ) ;
#1605 = FACE_OUTER_BOUND ( 'NONE', #377, .T. ) ;
#1606 = DIRECTION ( 'NONE',  ( 0.000000000000000000, -1.000000000000000000, -0.000000000000000000 ) ) ;
#1607 = CARTESIAN_POINT ( 'NONE',  ( -5.518065692496795016, -7.301329216540558775, -16.60471137362346994 ) ) ;
#1608 = EDGE_CURVE ( 'NONE', #308, #1548, #2445, .T. ) ;
#1609 = VERTEX_POINT ( 'NONE', #676 ) ;
#1610 = DIRECTION ( 'NONE',  ( 0.000000000000000000, -1.000000000000000000, -0.000000000000000000 ) ) ;
#1611 = CARTESIAN_POINT ( 'NONE',  ( -10.34916758024696648, -16.00000000000000711, 13.15726964327363291 ) ) ;
#1612 = EDGE_CURVE ( 'NONE', #305, #2148, #2082, .T. ) ;
#1613 = EDGE_CURVE ( 'NONE', #2096, #1809, #1456, .T. ) ;
#1614 = B_SPLINE_CURVE_WITH_KNOTS ( 'NONE', 3,
 ( #38, #453, #630, #2117, #675, #205, #249, #1939, #12, #1956 ),
 .UNSPECIFIED., .F., .F.,
 ( 4, 2, 2, 2, 4 ),
 ( 2.220606342186525703E-07, 0.001847253824448108397, 0.003694285588261998418, 0.005541317352075888006, 0.007388349115889777594 ),
 .UNSPECIFIED. ) ;
#1615 = CARTESIAN_POINT ( 'NONE',  ( 3.170082258102177697, -5.243505757403537970, -20.73763011926341449 ) ) ;
#1616 = EDGE_LOOP ( 'NONE', ( #2108, #2547, #609, #130, #1320 ) ) ;
#1617 = ORIENTED_EDGE ( 'NONE', *, *, #2344, .T. ) ;
#1618 = FACE_OUTER_BOUND ( 'NONE', #594, .T. ) ;
#1619 = CARTESIAN_POINT ( 'NONE',  ( 4.016115117458150863, -7.500000000000003553, -17.00597160067017199 ) ) ;
#1620 = CARTESIAN_POINT ( 'NONE',  ( -5.665511604425118364, -6.527018777721821152, -16.55558725196052094 ) ) ;
#1621 = EDGE_LOOP ( 'NONE', ( #2183, #1915, #625, #2180, #128, #104 ) ) ;
#1622 = DIRECTION ( 'NONE',  ( 0.000000000000000000, -1.000000000000000000, -0.000000000000000000 ) ) ;
#1623 = FACE_OUTER_BOUND ( 'NONE', #1755, .T. ) ;
#1624 = EDGE_CURVE ( 'NONE', #384, #1043, #450, .T. ) ;
#1625 = CARTESIAN_POINT ( 'NONE',  ( 3.265342998836734623, -12.93035822104526922, -14.21769559086808776 ) ) ;
#1626 = ADVANCED_FACE ( 'NONE', ( #1105 ), #1738, .F. ) ;
#1627 = EDGE_LOOP ( 'NONE', ( #962, #2680, #1555, #1661, #1050, #2323 ) ) ;
#1628 = B_SPLINE_CURVE_WITH_KNOTS ( 'NONE', 3,
 ( #2314, #1236, #2686, #638, #1867, #1038, #590, #803, #1880, #793 ),
 .UNSPECIFIED., .F., .F.,
 ( 4, 2, 2, 2, 4 ),
 ( 2.134969021511191856E-07, 0.001848159303267465437, 0.003696105109632779728, 0.005544050915998094235, 0.007391996722363408309 ),
 .UNSPECIFIED. ) ;
#1629 = DIRECTION ( 'NONE',  ( -0.000000000000000000, -1.000000000000000000, -0.000000000000000000 ) ) ;
#1630 =( LENGTH_UNIT ( ) NAMED_UNIT ( * ) SI_UNIT ( .MILLI., .METRE. ) );
#1631 = DIRECTION ( 'NONE',  ( 0.000000000000000000, 0.000000000000000000, 1.000000000000000000 ) ) ;
#1632 = DIRECTION ( 'NONE',  ( 0.000000000000000000, -1.000000000000000000, -0.000000000000000000 ) ) ;
#1633 = DIRECTION ( 'NONE',  ( 0.000000000000000000, -0.000000000000000000, -1.000000000000000000 ) ) ;
#1634 = DIRECTION ( 'NONE',  ( 0.000000000000000000, -1.000000000000000000, 0.000000000000000000 ) ) ;
#1635 = AXIS2_PLACEMENT_3D ( 'NONE', #1847, #1629, #2301 ) ;
#1636 = VECTOR ( 'NONE', #138, 1000.000000000000227 ) ;
#1637 = DIRECTION ( 'NONE',  ( 0.000000000000000000, -0.7071067811865445751, -0.7071067811865504593 ) ) ;
#1638 = EDGE_CURVE ( 'NONE', #2155, #1830, #878, .T. ) ;
#1639 = CIRCLE ( 'NONE', #2295, 17.49999904494836045 ) ;
#1640 = AXIS2_PLACEMENT_3D ( 'NONE', #1576, #949, #494 ) ;
#1641 = ORIENTED_EDGE ( 'NONE', *, *, #283, .T. ) ;
#1642 = CIRCLE ( 'NONE', #1998, 19.49999978534759748 ) ;
#1643 = EDGE_CURVE ( 'NONE', #1317, #733, #663, .T. ) ;
#1644 = AXIS2_PLACEMENT_3D ( 'NONE', #1834, #806, #371 ) ;
#1645 = CARTESIAN_POINT ( 'NONE',  ( 14.98713702566957373, -8.170861628600748716, 6.442198037835469293 ) ) ;
#1646 = CARTESIAN_POINT ( 'NONE',  ( 6.626247619260867694, -4.518356627397336567, -16.16379013893387651 ) ) ;
#1647 = VERTEX_POINT ( 'NONE', #1268 ) ;
#1648 = DIRECTION ( 'NONE',  ( 0.000000000000000000, 0.000000000000000000, -1.000000000000000000 ) ) ;
#1649 = AXIS2_PLACEMENT_3D ( 'NONE', #2687, #2092, #163 ) ;
#1650 = ORIENTED_EDGE ( 'NONE', *, *, #2664, .T. ) ;
#1651 = CIRCLE ( 'NONE', #582, 17.49999916630100572 ) ;
#1652 = DIRECTION ( 'NONE',  ( 0.000000000000000000, -1.000000000000000000, -0.000000000000000000 ) ) ;
#1653 = CARTESIAN_POINT ( 'NONE',  ( -11.55503580274567987, -12.93075677483810715, 9.018653005131943345 ) ) ;
#1654 = LINE ( 'NONE', #1287, #1543 ) ;
#1655 = CARTESIAN_POINT ( 'NONE',  ( -10.39304307103851777, -11.90084534375105285, 10.85768828345506520 ) ) ;
#1656 = EDGE_LOOP ( 'NONE', ( #530, #1679, #839, #2553 ) ) ;
#1657 = FACE_BOUND ( 'NONE', #2393, .T. ) ;
#1658 = EDGE_CURVE ( 'NONE', #95, #1235, #1330, .T. ) ;
#1659 = VERTEX_POINT ( 'NONE', #2335 ) ;
#1660 = CARTESIAN_POINT ( 'NONE',  ( -0.04299410458842448102, -5.000000000000000000, 0.01676821137269898093 ) ) ;
#1661 = ORIENTED_EDGE ( 'NONE', *, *, #862, .T. ) ;
#1662 = DIRECTION ( 'NONE',  ( -0.000000000000000000, -1.000000000000000000, -0.000000000000000000 ) ) ;
#1663 = CARTESIAN_POINT ( 'NONE',  ( 0.000000000000000000, -4.499999999999999112, 0.000000000000000000 ) ) ;
#1664 = DIRECTION ( 'NONE',  ( 0.000000000000000000, 1.000000000000000000, 0.000000000000000000 ) ) ;
#1665 = CARTESIAN_POINT ( 'NONE',  ( -5.971809983274998679, -5.091252683702680137, 16.48273543667436059 ) ) ;
#1666 = ORIENTED_EDGE ( 'NONE', *, *, #1334, .T. ) ;
#1667 = DIRECTION ( 'NONE',  ( 0.000000000000000000, 1.000000000000000000, 0.000000000000000000 ) ) ;
#1668 = CARTESIAN_POINT ( 'NONE',  ( 14.79159114336841441, -10.92543405252656008, 3.936098128835287646 ) ) ;
#1669 = EDGE_CURVE ( 'NONE', #802, #2483, #1751, .T. ) ;
#1670 = ORIENTED_EDGE ( 'NONE', *, *, #1349, .T. ) ;
#1671 = CARTESIAN_POINT ( 'NONE',  ( 17.45496344167128555, -5.000000917913086873, 0.2840929262838080005 ) ) ;
#1672 = CARTESIAN_POINT ( 'NONE',  ( 6.495267432735189139, -4.499999999999999112, -19.93946339198291184 ) ) ;
#1673 = CARTESIAN_POINT ( 'NONE',  ( -0.04299341723065352311, -16.99999999999999645, 0.01676718069505006570 ) ) ;
#1674 = ADVANCED_FACE ( 'NONE', ( #13 ), #482, .T. ) ;
#1675 = DIRECTION ( 'NONE',  ( 0.000000000000000000, -1.000000000000000000, -0.000000000000000000 ) ) ;
#1676 = CARTESIAN_POINT ( 'NONE',  ( 21.33474150810149084, -1.000000000000000000, -7.909923999044048415 ) ) ;
#1677 = VECTOR ( 'NONE', #800, 1000.000000000000000 ) ;
#1678 = CIRCLE ( 'NONE', #262, 4.300000010385215177 ) ;
#1679 = ORIENTED_EDGE ( 'NONE', *, *, #905, .T. ) ;
#1680 = AXIS2_PLACEMENT_3D ( 'NONE', #446, #460, #256 ) ;
#1681 = CARTESIAN_POINT ( 'NONE',  ( 15.54382950395732976, -6.585431008158764143, 6.610040281220030955 ) ) ;
#1682 = AXIS2_PLACEMENT_3D ( 'NONE', #778, #947, #506 ) ;
#1683 = VERTEX_POINT ( 'NONE', #2354 ) ;
#1684 = APPLICATION_PROTOCOL_DEFINITION ( 'draft international standard', 'automotive_design', 1998, #2633 ) ;
#1685 = AXIS2_PLACEMENT_3D ( 'NONE', #237, #1088, #1075 ) ;
#1686 = EDGE_LOOP ( 'NONE', ( #978, #1295, #2667, #1840 ) ) ;
#1687 = CYLINDRICAL_SURFACE ( 'NONE', #178, 17.49999978534759038 ) ;
#1688 = CARTESIAN_POINT ( 'NONE',  ( -9.023483946967907343, -5.000000000000000000, 15.03678048713707227 ) ) ;
#1689 = EDGE_CURVE ( 'NONE', #296, #1683, #2173, .T. ) ;
#1690 = CONICAL_SURFACE ( 'NONE', #2394, 17.49999978534759038, 0.5880026035475662827 ) ;
#1691 = DIRECTION ( 'NONE',  ( 0.000000000000000000, 0.000000000000000000, -1.000000000000000000 ) ) ;
#1692 = VECTOR ( 'NONE', #1909, 1000.000000000000000 ) ;
#1693 = CARTESIAN_POINT ( 'NONE',  ( 14.52054287890477902, -11.90084534375105285, 3.559712205795775741 ) ) ;
#1694 = EDGE_CURVE ( 'NONE', #1024, #841, #2242, .T. ) ;
#1695 = DIRECTION ( 'NONE',  ( 0.000000000000000000, 1.000000000000000000, 0.000000000000000000 ) ) ;
#1696 = CARTESIAN_POINT ( 'NONE',  ( -0.04299365938289709255, -1.000000000000000000, 0.01676759986089272625 ) ) ;
#1697 = VERTEX_POINT ( 'NONE', #498 ) ;
#1698 = CARTESIAN_POINT ( 'NONE',  ( -9.846837868419477502, -5.122516245219418174, 18.59539961231483218 ) ) ;
#1699 = CARTESIAN_POINT ( 'NONE',  ( 14.64923485357945054, -11.41869862727840967, 3.773105877706485867 ) ) ;
#1700 = ORIENTED_EDGE ( 'NONE', *, *, #516, .T. ) ;
#1701 = DIRECTION ( 'NONE',  ( 0.000000000000000000, -1.000000000000000000, 0.000000000000000000 ) ) ;
#1702 = FACE_BOUND ( 'NONE', #1269, .T. ) ;
#1703 = DIRECTION ( 'NONE',  ( 0.000000000000000000, 0.000000000000000000, -1.000000000000000000 ) ) ;
#1704 = CARTESIAN_POINT ( 'NONE',  ( -0.2716380063857779525, 14.43325734948383854, -16.68166736344916501 ) ) ;
#1705 = CARTESIAN_POINT ( 'NONE',  ( -2.418206493329953854, -9.059900818038364889, -15.82854109743896132 ) ) ;
#1706 = ADVANCED_FACE ( 'NONE', ( #1985 ), #487, .F. ) ;
#1707 = CARTESIAN_POINT ( 'NONE',  ( -0.04299410458842448102, -3.000000000000000000, 0.01676821137269898093 ) ) ;
#1708 = ORIENTED_EDGE ( 'NONE', *, *, #412, .F. ) ;
#1709 = CARTESIAN_POINT ( 'NONE',  ( 13.28977430381838154, -13.71835393310031748, 5.263130191468005314 ) ) ;
#1710 = ORIENTED_EDGE ( 'NONE', *, *, #2060, .F. ) ;
#1711 = CARTESIAN_POINT ( 'NONE',  ( 15.09325536482971231, -9.928411524928890231, 4.210510200031792216 ) ) ;
#1712 = EDGE_LOOP ( 'NONE', ( #2677, #73, #1542, #2513 ) ) ;
#1713 = DIRECTION ( 'NONE',  ( 0.000000000000000000, -1.000000000000000000, 0.000000000000000000 ) ) ;
#1714 = DIRECTION ( 'NONE',  ( 0.000000000000000000, -1.000000000000000000, 0.000000000000000000 ) ) ;
#1715 = FACE_OUTER_BOUND ( 'NONE', #556, .T. ) ;
#1716 = VERTEX_POINT ( 'NONE', #1375 ) ;
#1717 = DIRECTION ( 'NONE',  ( 0.000000000000000000, 0.000000000000000000, 1.000000000000000000 ) ) ;
#1718 = DIRECTION ( 'NONE',  ( 0.000000000000000000, 0.000000000000000000, -1.000000000000000000 ) ) ;
#1719 = CARTESIAN_POINT ( 'NONE',  ( -7.314397464231086943, -5.514468408687573486, -19.68465266523292456 ) ) ;
#1720 = EDGE_LOOP ( 'NONE', ( #1026, #1528, #109, #1162 ) ) ;
#1721 = EDGE_CURVE ( 'NONE', #2528, #31, #830, .T. ) ;
#1722 = VECTOR ( 'NONE', #2592, 1000.000000000000114 ) ;
#1723 = CARTESIAN_POINT ( 'NONE',  ( -12.55461434353286876, -7.232344778850911204, 16.88274461639398183 ) ) ;
#1724 = ORIENTED_EDGE ( 'NONE', *, *, #2613, .F. ) ;
#1725 = ADVANCED_FACE ( 'NONE', ( #1187 ), #358, .F. ) ;
#1726 = TOROIDAL_SURFACE ( 'NONE', #39, 7.300000010385216065, 3.000000000000000000 ) ;
#1727 = VECTOR ( 'NONE', #201, 1000.000000000000114 ) ;
#1728 = ORIENTED_EDGE ( 'NONE', *, *, #77, .F. ) ;
#1729 = CARTESIAN_POINT ( 'NONE',  ( 0.000000000000000000, -4.499999999999999112, 0.000000000000000000 ) ) ;
#1730 = CARTESIAN_POINT ( 'NONE',  ( 15.57775785893339915, -10.15836003066594451, 0.2561171090165887398 ) ) ;
#1731 = CARTESIAN_POINT ( 'NONE',  ( 16.49010131660362788, -5.395462559700928473, 0.4219245721930691140 ) ) ;
#1732 = AXIS2_PLACEMENT_3D ( 'NONE', #653, #231, #639 ) ;
#1733 = ORIENTED_EDGE ( 'NONE', *, *, #1299, .T. ) ;
#1734 = VECTOR ( 'NONE', #2296, 1000.000000000000000 ) ;
#1735 = CARTESIAN_POINT ( 'NONE',  ( 14.30048538245915779, -13.63320435456502544, -0.7346619854552826068 ) ) ;
#1736 = CARTESIAN_POINT ( 'NONE',  ( -2.538559604164522643, -7.897453877464778671, -16.23821819564907898 ) ) ;
#1737 = AXIS2_PLACEMENT_3D ( 'NONE', #719, #744, #319 ) ;
#1738 = CYLINDRICAL_SURFACE ( 'NONE', #395, 17.49999978534759038 ) ;
#1739 = EDGE_LOOP ( 'NONE', ( #1514, #1929, #1876, #1733 ) ) ;
#1740 = FACE_OUTER_BOUND ( 'NONE', #1816, .T. ) ;
#1741 = ORIENTED_EDGE ( 'NONE', *, *, #2184, .F. ) ;
#1742 = EDGE_CURVE ( 'NONE', #1716, #998, #1764, .T. ) ;
#1743 = EDGE_CURVE ( 'NONE', #2672, #1337, #1568, .T. ) ;
#1744 = ORIENTED_EDGE ( 'NONE', *, *, #10, .F. ) ;
#1745 = CARTESIAN_POINT ( 'NONE',  ( -0.04299410458842210098, -1.000000000000000000, -19.48323157397489780 ) ) ;
#1746 = CARTESIAN_POINT ( 'NONE',  ( 17.08092979312290183, -4.790592028984881345, -3.596640104089661172 ) ) ;
#1747 = DIRECTION ( 'NONE',  ( 0.000000000000000000, 0.000000000000000000, 1.000000000000000000 ) ) ;
#1748 = ORIENTED_EDGE ( 'NONE', *, *, #2593, .F. ) ;
#1749 = DIRECTION ( 'NONE',  ( 0.000000000000000000, 0.000000000000000000, -1.000000000000000000 ) ) ;
#1750 = DIRECTION ( 'NONE',  ( -0.000000000000000000, -1.000000000000000000, -0.000000000000000000 ) ) ;
#1751 = B_SPLINE_CURVE_WITH_KNOTS ( 'NONE', 3,
 ( #1525, #632, #421, #2368, #2382, #1537, #2134, #2147, #2570, #221 ),
 .UNSPECIFIED., .F., .F.,
 ( 4, 2, 2, 2, 4 ),
 ( 2.135001615540519281E-07, 0.001848159340199391921, 0.003696105180237229532, 0.005544051020275067576, 0.007391996860312907355 ),
 .UNSPECIFIED. ) ;
#1752 = ORIENTED_EDGE ( 'NONE', *, *, #2461, .F. ) ;
#1753 = CARTESIAN_POINT ( 'NONE',  ( -0.04299410458842448102, -11.90084534375105285, 0.01676821137269898093 ) ) ;
#1754 = ORIENTED_EDGE ( 'NONE', *, *, #1137, .T. ) ;
#1755 = EDGE_LOOP ( 'NONE', ( #186, #1650, #787, #1406 ) ) ;
#1756 = LINE ( 'NONE', #2404, #1947 ) ;
#1757 = DIRECTION ( 'NONE',  ( 0.000000000000000000, -1.000000000000000000, 0.000000000000000000 ) ) ;
#1758 = FACE_OUTER_BOUND ( 'NONE', #2411, .T. ) ;
#1759 = ADVANCED_FACE ( 'NONE', ( #345 ), #1015, .T. ) ;
#1760 = ORIENTED_EDGE ( 'NONE', *, *, #1496, .T. ) ;
#1761 = CARTESIAN_POINT ( 'NONE',  ( -20.42885665816038099, -4.499999999999999112, 5.062157532897574086 ) ) ;
#1762 = CARTESIAN_POINT ( 'NONE',  ( 16.49010131660362788, 14.43325734948383854, 2.371924572193067959 ) ) ;
#1763 = EDGE_CURVE ( 'NONE', #1586, #753, #1475, .T. ) ;
#1764 = LINE ( 'NONE', #2596, #2392 ) ;
#1765 = ORIENTED_EDGE ( 'NONE', *, *, #772, .F. ) ;
#1766 = DIRECTION ( 'NONE',  ( 0.000000000000000000, -0.000000000000000000, 1.000000000000000000 ) ) ;
#1767 = VERTEX_POINT ( 'NONE', #555 ) ;
#1768 = CIRCLE ( 'NONE', #567, 1.950000000000000400 ) ;
#1769 = CARTESIAN_POINT ( 'NONE',  ( 16.49010131660362788, -5.890282169259831946, 4.671924550899643869 ) ) ;
#1770 = AXIS2_PLACEMENT_3D ( 'NONE', #433, #603, #616 ) ;
#1771 = CARTESIAN_POINT ( 'NONE',  ( 16.83358615550510251, -4.499999999999999112, 4.646131701610939579 ) ) ;
#1772 = CARTESIAN_POINT ( 'NONE',  ( 13.67290024447632923, -6.166698865286470266, 10.88552878969364102 ) ) ;
#1773 = DIRECTION ( 'NONE',  ( -0.000000000000000000, -1.000000000000000000, -0.000000000000000000 ) ) ;
#1774 = AXIS2_PLACEMENT_3D ( 'NONE', #1446, #999, #825 ) ;
#1775 = VERTEX_POINT ( 'NONE', #2245 ) ;
#1776 = EDGE_CURVE ( 'NONE', #1043, #1825, #2000, .T. ) ;
#1777 = CARTESIAN_POINT ( 'NONE',  ( -20.28185432697181412, -4.594427293811916613, 5.622603863946451952 ) ) ;
#1778 = VECTOR ( 'NONE', #843, 1000.000000000000000 ) ;
#1779 = CARTESIAN_POINT ( 'NONE',  ( 0.000000000000000000, -17.00000000000000000, 0.000000000000000000 ) ) ;
#1780 = CIRCLE ( 'NONE', #2299, 2.299999978706575465 ) ;
#1781 = EDGE_CURVE ( 'NONE', #2643, #118, #1599, .T. ) ;
#1782 = CARTESIAN_POINT ( 'NONE',  ( 5.086277882211926560, -4.587573490189521763, -20.35515981138053121 ) ) ;
#1783 = ORIENTED_EDGE ( 'NONE', *, *, #957, .T. ) ;
#1784 = CIRCLE ( 'NONE', #440, 20.95439393397514749 ) ;
#1785 = CIRCLE ( 'NONE', #1603, 4.300000212677193900 ) ;
#1786 = DIRECTION ( 'NONE',  ( 0.000000000000000000, 0.000000000000000000, -1.000000000000000000 ) ) ;
#1787 = ORIENTED_EDGE ( 'NONE', *, *, #250, .F. ) ;
#1788 = ORIENTED_EDGE ( 'NONE', *, *, #833, .F. ) ;
#1789 = CARTESIAN_POINT ( 'NONE',  ( -3.311353523034927804, -14.49892155510437064, -13.64026478122574915 ) ) ;
#1790 = DIRECTION ( 'NONE',  ( 0.000000000000000000, 0.000000000000000000, 1.000000000000000000 ) ) ;
#1791 = CARTESIAN_POINT ( 'NONE',  ( -0.04299410458842448102, -5.000000000000000888, 0.01676821137269898093 ) ) ;
#1792 = ORIENTED_EDGE ( 'NONE', *, *, #1943, .T. ) ;
#1793 = DIRECTION ( 'NONE',  ( 0.000000000000000000, -1.000000000000000000, 0.000000000000000000 ) ) ;
#1794 = CARTESIAN_POINT ( 'NONE',  ( -0.2716380063857776195, -17.00000000000000000, -13.73166736344916217 ) ) ;
#1795 = CARTESIAN_POINT ( 'NONE',  ( 6.215744389428471628, -4.499999999999999112, -20.02888558192604052 ) ) ;
#1796 = VERTEX_POINT ( 'NONE', #732 ) ;
#1797 = EDGE_CURVE ( 'NONE', #690, #1166, #2607, .T. ) ;
#1798 = FACE_OUTER_BOUND ( 'NONE', #240, .T. ) ;
#1799 = EDGE_LOOP ( 'NONE', ( #1744, #2371, #2326, #1885 ) ) ;
#1800 = VERTEX_POINT ( 'NONE', #2423 ) ;
#1801 = CARTESIAN_POINT ( 'NONE',  ( 13.39645599834200773, -5.512982738244835978, 11.22616195117923255 ) ) ;
#1802 = DIRECTION ( 'NONE',  ( 0.000000000000000000, 1.000000000000000000, 0.000000000000000000 ) ) ;
#1803 = ORIENTED_EDGE ( 'NONE', *, *, #2451, .T. ) ;
#1804 = CARTESIAN_POINT ( 'NONE',  ( -20.67501798038074767, -4.499999999999999112, 4.948253847119209681 ) ) ;
#1805 = DIRECTION ( 'NONE',  ( 0.000000000000000000, 0.000000000000000000, 1.000000000000000000 ) ) ;
#1806 = DIRECTION ( 'NONE',  ( 0.000000000000000000, 0.000000000000000000, 1.000000000000000000 ) ) ;
#1807 = DIRECTION ( 'NONE',  ( -0.000000000000000000, -1.000000000000000000, -0.000000000000000000 ) ) ;
#1808 = ADVANCED_FACE ( 'NONE', ( #2026 ), #2410, .F. ) ;
#1809 = VERTEX_POINT ( 'NONE', #2440 ) ;
#1810 = ORIENTED_EDGE ( 'NONE', *, *, #1638, .F. ) ;
#1811 = ADVANCED_FACE ( 'NONE', ( #2233 ), #1286, .F. ) ;
#1812 = PRESENTATION_STYLE_ASSIGNMENT (( #754 ) ) ;
#1813 = CARTESIAN_POINT ( 'NONE',  ( 6.258174824723063523, -4.591503088441330149, -16.31064811280693050 ) ) ;
#1814 = CYLINDRICAL_SURFACE ( 'NONE', #2655, 3.000000000000000444 ) ;
#1815 = CIRCLE ( 'NONE', #2334, 2.950000000000002842 ) ;
#1816 = EDGE_LOOP ( 'NONE', ( #1724, #538, #2088, #2424, #861 ) ) ;
#1817 = FACE_OUTER_BOUND ( 'NONE', #400, .T. ) ;
#1818 = CYLINDRICAL_SURFACE ( 'NONE', #619, 2.299999978706575465 ) ;
#1819 = MECHANICAL_DESIGN_GEOMETRIC_PRESENTATION_REPRESENTATION (  '', ( #484 ), #660 ) ;
#1820 = DIRECTION ( 'NONE',  ( 0.000000000000000000, 0.000000000000000000, -1.000000000000000000 ) ) ;
#1821 = AXIS2_PLACEMENT_3D ( 'NONE', #2251, #374, #1631 ) ;
#1822 = AXIS2_PLACEMENT_3D ( 'NONE', #1159, #1329, #2217 ) ;
#1823 = ORIENTED_EDGE ( 'NONE', *, *, #1961, .F. ) ;
#1824 = CIRCLE ( 'NONE', #761, 2.999999999999999112 ) ;
#1825 = VERTEX_POINT ( 'NONE', #1403 ) ;
#1826 = DIRECTION ( 'NONE',  ( 0.000000000000000000, 0.000000000000000000, -1.000000000000000000 ) ) ;
#1827 = CYLINDRICAL_SURFACE ( 'NONE', #1192, 2.300000140408032578 ) ;
#1828 = DIRECTION ( 'NONE',  ( 0.000000000000000000, -1.000000000000000000, 0.000000000000000000 ) ) ;
#1829 = EDGE_CURVE ( 'NONE', #242, #945, #1904, .T. ) ;
#1830 = VERTEX_POINT ( 'NONE', #2476 ) ;
#1831 = CARTESIAN_POINT ( 'NONE',  ( 21.33474159240725143, -3.000000000000000000, -7.909924030303948861 ) ) ;
#1832 = DIRECTION ( 'NONE',  ( 0.000000000000000000, 1.000000000000000000, 0.000000000000000000 ) ) ;
#1833 = EDGE_CURVE ( 'NONE', #1647, #1235, #1018, .T. ) ;
#1834 = CARTESIAN_POINT ( 'NONE',  ( -10.34916758024696648, -17.00000000000000000, 13.15726964327363291 ) ) ;
#1835 = ORIENTED_EDGE ( 'NONE', *, *, #799, .T. ) ;
#1836 = CARTESIAN_POINT ( 'NONE',  ( -10.34916758024696648, -16.00000000000000711, 11.20726964327363362 ) ) ;
#1837 = SURFACE_STYLE_FILL_AREA ( #984 ) ;
#1838 = CARTESIAN_POINT ( 'NONE',  ( 4.016115117458149975, -7.296880573450942542, -17.00597160067017555 ) ) ;
#1839 = CARTESIAN_POINT ( 'NONE',  ( -3.739829590192175868, -12.93035829079964749, -14.12177700294824412 ) ) ;
#1840 = ORIENTED_EDGE ( 'NONE', *, *, #668, .F. ) ;
#1841 = CARTESIAN_POINT ( 'NONE',  ( -0.02394629698951136754, -17.00000000000000000, 0.03132693794928833458 ) ) ;
#1842 = EDGE_CURVE ( 'NONE', #988, #1436, #94, .T. ) ;
#1843 = PLANE ( 'NONE',  #1649 ) ;
#1844 = EDGE_CURVE ( 'NONE', #199, #1209, #1429, .T. ) ;
#1845 = CARTESIAN_POINT ( 'NONE',  ( -10.34916758024696648, -11.90084534375105285, 15.45726953221215361 ) ) ;
#1846 = ORIENTED_EDGE ( 'NONE', *, *, #7, .F. ) ;
#1847 = CARTESIAN_POINT ( 'NONE',  ( -10.34916758024696648, -11.90084534375105285, 13.15726964327363291 ) ) ;
#1848 = CARTESIAN_POINT ( 'NONE',  ( -1.103128176208845179, -7.499999999999999112, -2.790054602425147579 ) ) ;
#1849 = VERTEX_POINT ( 'NONE', #2676 ) ;
#1850 = CARTESIAN_POINT ( 'NONE',  ( 16.49010131660362788, -16.00000000000000711, 2.371924572193067959 ) ) ;
#1851 = EDGE_LOOP ( 'NONE', ( #1584, #1602, #1846, #1976, #90 ) ) ;
#1852 = DIRECTION ( 'NONE',  ( 0.000000000000000000, -1.000000000000000000, 0.000000000000000000 ) ) ;
#1853 = DIRECTION ( 'NONE',  ( 8.659560562354968603E-17, -0.7071067811865445751, 0.7071067811865504593 ) ) ;
#1854 = AXIS2_PLACEMENT_3D ( 'NONE', #2516, #1442, #373 ) ;
#1855 = CARTESIAN_POINT ( 'NONE',  ( 16.49010131660362788, -5.890282169259831946, 4.671924550899643869 ) ) ;
#1856 = AXIS2_PLACEMENT_3D ( 'NONE', #2106, #1464, #1030 ) ;
#1857 = DIRECTION ( 'NONE',  ( 0.000000000000000000, 0.000000000000000000, 1.000000000000000000 ) ) ;
#1858 = EDGE_CURVE ( 'NONE', #1293, #296, #2720, .T. ) ;
#1859 = CIRCLE ( 'NONE', #1774, 4.303301104857577997 ) ;
#1860 = VERTEX_POINT ( 'NONE', #1655 ) ;
#1861 = CARTESIAN_POINT ( 'NONE',  ( -0.04299410458842448102, -5.000000000000000000, 0.01676821137269898093 ) ) ;
#1862 = LINE ( 'NONE', #1215, #972 ) ;
#1863 = VERTEX_POINT ( 'NONE', #1676 ) ;
#1864 = CARTESIAN_POINT ( 'NONE',  ( -10.34916758024696648, -16.00000000000000711, 13.15726964327363291 ) ) ;
#1865 = AXIS2_PLACEMENT_3D ( 'NONE', #462, #2565, #216 ) ;
#1866 = CIRCLE ( 'NONE', #667, 2.299999888938520698 ) ;
#1867 = CARTESIAN_POINT ( 'NONE',  ( -11.88496267655921201, -7.890217277207369762, 11.43196979416932102 ) ) ;
#1868 = CARTESIAN_POINT ( 'NONE',  ( -0.2716380063857779525, 14.43325734948383854, -16.68166736344916501 ) ) ;
#1869 = CARTESIAN_POINT ( 'NONE',  ( -0.2716380063857779525, -16.99999999999999645, -16.68166736344916501 ) ) ;
#1870 = CARTESIAN_POINT ( 'NONE',  ( -4.164292591712194458, -4.499999999999999112, 17.02455570249206218 ) ) ;
#1871 = B_SPLINE_CURVE_WITH_KNOTS ( 'NONE', 3,
 ( #1440, #2284, #397, #775, #2463, #1625, #564, #2078 ),
 .UNSPECIFIED., .F., .F.,
 ( 4, 2, 2, 4 ),
 ( 2.124878188181325452E-07, 0.005064194966725236481, 0.007596186206178446275, 0.01012817744563165694 ),
 .UNSPECIFIED. ) ;
#1872 = B_SPLINE_CURVE_WITH_KNOTS ( 'NONE', 3,
 ( #1103, #659, #832, #2569, #1705, #1736, #2535, #2107, #1059, #1302 ),
 .UNSPECIFIED., .F., .F.,
 ( 4, 2, 2, 2, 4 ),
 ( 2.220606642187231152E-07, 0.001847253860491363366, 0.003694285660318508049, 0.005541317460145652948, 0.007388349259972797414 ),
 .UNSPECIFIED. ) ;
#1873 = ORIENTED_EDGE ( 'NONE', *, *, #77, .T. ) ;
#1874 = EDGE_CURVE ( 'NONE', #1497, #733, #818, .T. ) ;
#1875 = CARTESIAN_POINT ( 'NONE',  ( 4.016115117458148198, -5.000000000000000000, -17.00597160067017199 ) ) ;
#1876 = ORIENTED_EDGE ( 'NONE', *, *, #504, .F. ) ;
#1877 = EDGE_CURVE ( 'NONE', #2131, #2383, #155, .T. ) ;
#1878 = CARTESIAN_POINT ( 'NONE',  ( 15.90086920608514376, -5.109824183854826174, 13.68497907209235898 ) ) ;
#1879 = ORIENTED_EDGE ( 'NONE', *, *, #554, .F. ) ;
#1880 = CARTESIAN_POINT ( 'NONE',  ( -10.67893171125636975, -11.34760381250402439, 10.86314297386979355 ) ) ;
#1881 = DIRECTION ( 'NONE',  ( 0.000000000000000000, -1.000000000000000000, 0.000000000000000000 ) ) ;
#1882 = CARTESIAN_POINT ( 'NONE',  ( -0.04299341723065094878, -4.499999999999999112, 21.01676702860178736 ) ) ;
#1883 = CARTESIAN_POINT ( 'NONE',  ( 1.847698717730938744, -11.90084534375105285, -14.85180072678752161 ) ) ;
#1884 = CARTESIAN_POINT ( 'NONE',  ( 14.81909722723069223, -4.499999999999999112, 15.15341991470399741 ) ) ;
#1885 = ORIENTED_EDGE ( 'NONE', *, *, #920, .F. ) ;
#1886 = EDGE_CURVE ( 'NONE', #666, #994, #1450, .T. ) ;
#1887 = PLANE ( 'NONE',  #1366 ) ;
#1888 = CARTESIAN_POINT ( 'NONE',  ( 16.64098679318094653, -7.499999999999998224, 12.76999414294571089 ) ) ;
#1889 = EDGE_CURVE ( 'NONE', #255, #476, #1780, .T. ) ;
#1890 = ADVANCED_FACE ( 'NONE', ( #796 ), #578, .F. ) ;
#1891 = ORIENTED_EDGE ( 'NONE', *, *, #1073, .F. ) ;
#1892 = FACE_OUTER_BOUND ( 'NONE', #547, .T. ) ;
#1893 = DIRECTION ( 'NONE',  ( -0.000000000000000000, 1.000000000000000000, -0.000000000000000000 ) ) ;
#1894 = DIRECTION ( 'NONE',  ( 0.000000000000000000, -1.000000000000000000, 0.000000000000000000 ) ) ;
#1895 = DIRECTION ( 'NONE',  ( 0.000000000000000000, 0.000000000000000000, 1.000000000000000000 ) ) ;
#1896 = CARTESIAN_POINT ( 'NONE',  ( 15.62179321234914653, -9.734127983602983036, -1.862769515016959199 ) ) ;
#1897 = AXIS2_PLACEMENT_3D ( 'NONE', #1753, #470, #1495 ) ;
#1898 = AXIS2_PLACEMENT_3D ( 'NONE', #2401, #2617, #944 ) ;
#1899 = ORIENTED_EDGE ( 'NONE', *, *, #1048, .T. ) ;
#1900 = AXIS2_PLACEMENT_3D ( 'NONE', #392, #1852, #5 ) ;
#1901 = CARTESIAN_POINT ( 'NONE',  ( -12.65206152614018897, -7.499999999999999112, 16.80996208330257957 ) ) ;
#1902 = CIRCLE ( 'NONE', #1054, 17.49999978534759038 ) ;
#1903 = ORIENTED_EDGE ( 'NONE', *, *, #348, .T. ) ;
#1904 = CIRCLE ( 'NONE', #1644, 2.950000000000002842 ) ;
#1905 = ORIENTED_EDGE ( 'NONE', *, *, #2248, .T. ) ;
#1906 = DIRECTION ( 'NONE',  ( 0.000000000000000000, -1.000000000000000000, -0.000000000000000000 ) ) ;
#1907 = CARTESIAN_POINT ( 'NONE',  ( 16.14775474154061641, 14.43325734948383854, 6.658275077175897394 ) ) ;
#1908 = CIRCLE ( 'NONE', #1822, 2.299999888938520698 ) ;
#1909 = DIRECTION ( 'NONE',  ( 0.000000000000000000, -0.7071067811865450192, -0.7071067811865500152 ) ) ;
#1910 = ADVANCED_FACE ( 'NONE', ( #1226 ), #1104, .F. ) ;
#1911 = CIRCLE ( 'NONE', #3, 17.49999978534759038 ) ;
#1912 = DIRECTION ( 'NONE',  ( 0.000000000000000000, 0.000000000000000000, -1.000000000000000000 ) ) ;
#1913 = CARTESIAN_POINT ( 'NONE',  ( -12.65206152614018897, -7.499999999999999112, 16.80996208330257957 ) ) ;
#1914 = DIRECTION ( 'NONE',  ( 0.000000000000000000, 1.000000000000000000, 0.000000000000000000 ) ) ;
#1915 = ORIENTED_EDGE ( 'NONE', *, *, #1160, .T. ) ;
#1916 = CARTESIAN_POINT ( 'NONE',  ( 17.45496344167128555, -4.499999999999999112, 0.2840929262838080005 ) ) ;
#1917 = ORIENTED_EDGE ( 'NONE', *, *, #1478, .F. ) ;
#1918 = CARTESIAN_POINT ( 'NONE',  ( 15.68593017655148536, -4.892801157236592147, 13.93178547893184493 ) ) ;
#1919 = VERTEX_POINT ( 'NONE', #1845 ) ;
#1920 = DIRECTION ( 'NONE',  ( 0.000000000000000000, 1.000000000000000000, 0.000000000000000000 ) ) ;
#1921 = FACE_OUTER_BOUND ( 'NONE', #2214, .T. ) ;
#1922 = DIRECTION ( 'NONE',  ( -0.000000000000000000, 1.000000000000000000, -0.000000000000000000 ) ) ;
#1923 = ORIENTED_EDGE ( 'NONE', *, *, #2629, .T. ) ;
#1924 = EDGE_CURVE ( 'NONE', #151, #1285, #1871, .T. ) ;
#1925 = FACE_OUTER_BOUND ( 'NONE', #1469, .T. ) ;
#1926 = CARTESIAN_POINT ( 'NONE',  ( 16.05211818011922631, -8.538454189252920656, -1.928075640484125941 ) ) ;
#1927 = ADVANCED_FACE ( 'NONE', ( #1242 ), #1414, .F. ) ;
#1928 = CARTESIAN_POINT ( 'NONE',  ( -7.194960646008798477, -5.668941822116547513, -19.72813799292393355 ) ) ;
#1929 = ORIENTED_EDGE ( 'NONE', *, *, #2158, .T. ) ;
#1930 = CARTESIAN_POINT ( 'NONE',  ( -0.2716380063857773974, -16.99999999999999645, -12.38166735306394806 ) ) ;
#1931 = VERTEX_POINT ( 'NONE', #478 ) ;
#1932 = CARTESIAN_POINT ( 'NONE',  ( -0.04299341723065352311, -4.499999999999999112, 0.01676718069505006570 ) ) ;
#1933 = VERTEX_POINT ( 'NONE', #2525 ) ;
#1934 = CARTESIAN_POINT ( 'NONE',  ( 20.87022946326867512, -6.759436930708046631, 1.991526043750926789 ) ) ;
#1935 = CARTESIAN_POINT ( 'NONE',  ( 2.850211324555109282, -14.49892155510437064, -13.72463221921824150 ) ) ;
#1936 = CARTESIAN_POINT ( 'NONE',  ( 16.49010131660362788, -16.99999999999999645, 2.371924572193067959 ) ) ;
#1937 = VERTEX_POINT ( 'NONE', #1913 ) ;
#1938 = DIRECTION ( 'NONE',  ( 0.000000000000000000, -1.000000000000000000, -0.000000000000000000 ) ) ;
#1939 = CARTESIAN_POINT ( 'NONE',  ( -8.678624119336291187, -6.154878890839914796, 14.75249096349722855 ) ) ;
#1940 = CLOSED_SHELL ( 'NONE', ( #1259, #2665, #971, #1811, #1087, #1107, #394, #645, #1020, #1034, #1964, #1981, #1244, #1626, #2246, #1997, #2321, #684, #569, #411, #1123, #1927, #1808, #2267, #2097, #1674, #2574, #848, #887, #1516, #286, #1001, #465, #1390, #2145, #25, #2030, #449, #2232, #1422, #2479, #2266, #150, #444, #2449, #1090, #1271, #1177, #333, #631, #1725, #2693, #1572, #211, #2538, #380, #2028, #247, #1466, #127, #1706, #1431, #758, #2261, #991, #2561, #542, #1910, #2309, #1890, #2376, #1174, #2400, #381, #1759 ) ) ;
#1941 = CARTESIAN_POINT ( 'NONE',  ( -6.901926111130259223, -6.167838819249038096, -19.83167702643559949 ) ) ;
#1942 = ORIENTED_EDGE ( 'NONE', *, *, #2595, .T. ) ;
#1943 = EDGE_CURVE ( 'NONE', #2148, #2483, #2222, .T. ) ;
#1944 = CIRCLE ( 'NONE', #2292, 17.49999971196052684 ) ;
#1945 = CARTESIAN_POINT ( 'NONE',  ( 16.83358615550510251, -4.499999999999999112, 4.646131701610939579 ) ) ;
#1946 = VERTEX_POINT ( 'NONE', #420 ) ;
#1947 = VECTOR ( 'NONE', #1308, 1000.000000000000000 ) ;
#1948 = AXIS2_PLACEMENT_3D ( 'NONE', #1365, #1531, #1355 ) ;
#1949 = CARTESIAN_POINT ( 'NONE',  ( 20.90263387959168995, -4.848971892175163667, -1.522714475697349856 ) ) ;
#1950 = FACE_BOUND ( 'NONE', #2465, .T. ) ;
#1951 = CARTESIAN_POINT ( 'NONE',  ( -4.566662716567542191, -5.000000000000000888, -16.88845035498013658 ) ) ;
#1952 = AXIS2_PLACEMENT_3D ( 'NONE', #1391, #909, #1806 ) ;
#1953 = EDGE_LOOP ( 'NONE', ( #338, #1480, #294, #2696, #2649, #1120 ) ) ;
#1954 = CIRCLE ( 'NONE', #2348, 20.99999984790673579 ) ;
#1955 = DIRECTION ( 'NONE',  ( 0.000000000000000000, -1.000000000000000000, 0.000000000000000000 ) ) ;
#1956 = CARTESIAN_POINT ( 'NONE',  ( -9.023484453182142317, -5.000000000000000888, 15.03678104711890740 ) ) ;
#1957 = AXIS2_PLACEMENT_3D ( 'NONE', #2646, #1828, #976 ) ;
#1958 = CARTESIAN_POINT ( 'NONE',  ( -6.704139865699746181, -6.722366640819397610, -19.89881922572120843 ) ) ;
#1959 = ORIENTED_EDGE ( 'NONE', *, *, #1349, .F. ) ;
#1960 = CARTESIAN_POINT ( 'NONE',  ( -0.04299410458842448102, -5.000000000000000888, 0.01676821137269898093 ) ) ;
#1961 = EDGE_CURVE ( 'NONE', #305, #550, #1872, .T. ) ;
#1962 = EDGE_LOOP ( 'NONE', ( #1891, #568, #851, #2111, #2169 ) ) ;
#1963 = ORIENTED_EDGE ( 'NONE', *, *, #283, .F. ) ;
#1964 = ADVANCED_FACE ( 'NONE', ( #859 ), #1536, .T. ) ;
#1965 = CARTESIAN_POINT ( 'NONE',  ( 20.95979767604968558, -5.734363479052302814, 0.4433492501834476740 ) ) ;
#1966 = CARTESIAN_POINT ( 'NONE',  ( 16.99916534829990056, -4.645633541888783746, -3.964474118753764653 ) ) ;
#1967 = CARTESIAN_POINT ( 'NONE',  ( -7.418975333945151185, -4.650861098268325833, -15.85390179570608460 ) ) ;
#1968 = ORIENTED_EDGE ( 'NONE', *, *, #702, .F. ) ;
#1969 = LINE ( 'NONE', #1358, #1095 ) ;
#1970 = DIRECTION ( 'NONE',  ( 0.000000000000000000, 0.000000000000000000, -1.000000000000000000 ) ) ;
#1971 = CARTESIAN_POINT ( 'NONE',  ( -10.84844827824869462, -11.90084534375105285, 10.40383814076668223 ) ) ;
#1972 = ORIENTED_EDGE ( 'NONE', *, *, #2523, .T. ) ;
#1973 = CARTESIAN_POINT ( 'NONE',  ( -0.04299341721756234219, -7.286066123503335490, -20.98323266721168778 ) ) ;
#1974 = ORIENTED_EDGE ( 'NONE', *, *, #1889, .T. ) ;
#1975 = EDGE_CURVE ( 'NONE', #2712, #1166, #882, .T. ) ;
#1976 = ORIENTED_EDGE ( 'NONE', *, *, #2248, .F. ) ;
#1977 = CARTESIAN_POINT ( 'NONE',  ( 20.94817238422666605, -5.183074822503083823, -0.6561811478391100794 ) ) ;
#1978 = CARTESIAN_POINT ( 'NONE',  ( 16.95367410420764998, -4.590845751490691740, -4.154805891766922166 ) ) ;
#1979 = CYLINDRICAL_SURFACE ( 'NONE', #2518, 4.300000010385215177 ) ;
#1980 = EDGE_CURVE ( 'NONE', #463, #2573, #1614, .T. ) ;
#1981 = ADVANCED_FACE ( 'NONE', ( #2146 ), #687, .T. ) ;
#1982 = ORIENTED_EDGE ( 'NONE', *, *, #1111, .T. ) ;
#1983 = DIRECTION ( 'NONE',  ( 0.000000000000000000, 0.000000000000000000, -1.000000000000000000 ) ) ;
#1984 = LINE ( 'NONE', #701, #2087 ) ;
#1985 = FACE_OUTER_BOUND ( 'NONE', #1627, .T. ) ;
#1986 = ORIENTED_EDGE ( 'NONE', *, *, #131, .T. ) ;
#1987 = CARTESIAN_POINT ( 'NONE',  ( -0.1192519206597414116, -7.342682837125884987, -20.98323266721173752 ) ) ;
#1988 = ORIENTED_EDGE ( 'NONE', *, *, #182, .T. ) ;
#1989 = VECTOR ( 'NONE', #401, 1000.000000000000114 ) ;
#1990 = DIRECTION ( 'NONE',  ( 0.000000000000000000, 0.000000000000000000, 1.000000000000000000 ) ) ;
#1991 = CARTESIAN_POINT ( 'NONE',  ( 16.49010131660362788, -7.500000000000000000, 2.371924572193067959 ) ) ;
#1992 = CARTESIAN_POINT ( 'NONE',  ( -0.04299341723065352311, -2.999999999999999112, 0.01676718069505006570 ) ) ;
#1993 = CARTESIAN_POINT ( 'NONE',  ( -0.2716380063857777305, -5.395462559700928473, -14.73166736344916394 ) ) ;
#1994 = VECTOR ( 'NONE', #491, 1000.000000000000000 ) ;
#1995 = ORIENTED_EDGE ( 'NONE', *, *, #1256, .F. ) ;
#1996 = CARTESIAN_POINT ( 'NONE',  ( 12.32973132602152155, -3.000000000000000000, -15.20978683448597124 ) ) ;
#1997 = ADVANCED_FACE ( 'NONE', ( #56 ), #1086, .F. ) ;
#1998 = AXIS2_PLACEMENT_3D ( 'NONE', #2050, #340, #2070 ) ;
#1999 = DIRECTION ( 'NONE',  ( 5.227933610907877802E-15, 0.000000000000000000, -1.000000000000000000 ) ) ;
#2000 = CIRCLE ( 'NONE', #2342, 4.303301104857577997 ) ;
#2001 = DIRECTION ( 'NONE',  ( 0.000000000000000000, -1.000000000000000000, 0.000000000000000000 ) ) ;
#2002 = ORIENTED_EDGE ( 'NONE', *, *, #785, .F. ) ;
#2003 = VECTOR ( 'NONE', #76, 1000.000000000000000 ) ;
#2004 = LINE ( 'NONE', #2385, #1498 ) ;
#2005 = EDGE_LOOP ( 'NONE', ( #2558, #1486, #2247, #2615, #2587 ) ) ;
#2006 = ORIENTED_EDGE ( 'NONE', *, *, #2016, .T. ) ;
#2007 = CARTESIAN_POINT ( 'NONE',  ( 17.35827544478798146, -5.000000000000000888, -1.839521248035814738 ) ) ;
#2008 = CARTESIAN_POINT ( 'NONE',  ( 17.20841688169443628, -5.214923613985199324, -2.926098547744507172 ) ) ;
#2009 = DIRECTION ( 'NONE',  ( 0.000000000000000000, 0.000000000000000000, 1.000000000000000000 ) ) ;
#2010 = VERTEX_POINT ( 'NONE', #1267 ) ;
#2011 = CARTESIAN_POINT ( 'NONE',  ( 16.77640790552095851, -6.562111475702339547, -1.928075640484125497 ) ) ;
#2012 = FACE_OUTER_BOUND ( 'NONE', #471, .T. ) ;
#2013 = EDGE_CURVE ( 'NONE', #2447, #822, #2102, .T. ) ;
#2014 = CARTESIAN_POINT ( 'NONE',  ( 16.49010131660362788, 14.43325734948383854, 2.371924572193067959 ) ) ;
#2015 = ORIENTED_EDGE ( 'NONE', *, *, #1224, .T. ) ;
#2016 = EDGE_CURVE ( 'NONE', #1775, #513, #1238, .T. ) ;
#2017 = LINE ( 'NONE', #2426, #1047 ) ;
#2018 = ORIENTED_EDGE ( 'NONE', *, *, #722, .T. ) ;
#2019 = EDGE_LOOP ( 'NONE', ( #1441, #2099, #46, #1311 ) ) ;
#2020 = DIRECTION ( 'NONE',  ( 0.000000000000000000, -1.000000000000000000, 0.000000000000000000 ) ) ;
#2021 = DIRECTION ( 'NONE',  ( -0.000000000000000000, 1.000000000000000000, -0.000000000000000000 ) ) ;
#2022 = CARTESIAN_POINT ( 'NONE',  ( 16.64098679318094653, -17.00000000000000000, 12.76999414294571089 ) ) ;
#2023 = EDGE_LOOP ( 'NONE', ( #229, #2029, #2355, #685, #2735 ) ) ;
#2024 = LINE ( 'NONE', #123, #968 ) ;
#2025 = CARTESIAN_POINT ( 'NONE',  ( -16.66552615521560199, -5.236295988412044800, 5.490410080145300853 ) ) ;
#2026 = FACE_OUTER_BOUND ( 'NONE', #2721, .T. ) ;
#2027 = CARTESIAN_POINT ( 'NONE',  ( 6.495267432735189139, -2.999999999999999112, -19.93946339198291540 ) ) ;
#2028 = ADVANCED_FACE ( 'NONE', ( #24 ), #2477, .F. ) ;
#2029 = ORIENTED_EDGE ( 'NONE', *, *, #233, .F. ) ;
#2030 = ADVANCED_FACE ( 'NONE', ( #435, #2611 ), #1389, .F. ) ;
#2031 = ORIENTED_EDGE ( 'NONE', *, *, #1315, .F. ) ;
#2032 = DIRECTION ( 'NONE',  ( 0.000000000000000000, 1.000000000000000000, 0.000000000000000000 ) ) ;
#2033 = CARTESIAN_POINT ( 'NONE',  ( 4.435154388198195186, -5.970140579771475942, -16.90097351674079107 ) ) ;
#2034 = AXIS2_PLACEMENT_3D ( 'NONE', #310, #2196, #712 ) ;
#2035 = CARTESIAN_POINT ( 'NONE',  ( 16.49010131660362788, -11.90084534375105285, 2.371924572193067959 ) ) ;
#2036 = AXIS2_PLACEMENT_3D ( 'NONE', #79, #1955, #1749 ) ;
#2037 = ORIENTED_EDGE ( 'NONE', *, *, #1276, .F. ) ;
#2038 = CARTESIAN_POINT ( 'NONE',  ( 17.35827544478798146, -5.000000000000000888, -1.839521248035814738 ) ) ;
#2039 = DIRECTION ( 'NONE',  ( 0.000000000000000000, 0.000000000000000000, -1.000000000000000000 ) ) ;
#2040 = AXIS2_PLACEMENT_3D ( 'NONE', #2186, #1562, #1544 ) ;
#2041 = CIRCLE ( 'NONE', #829, 4.300000212677193900 ) ;
#2042 = DIRECTION ( 'NONE',  ( 0.000000000000000000, 0.000000000000000000, 1.000000000000000000 ) ) ;
#2043 = VECTOR ( 'NONE', #1606, 1000.000000000000000 ) ;
#2044 = AXIS2_PLACEMENT_3D ( 'NONE', #2438, #111, #908 ) ;
#2045 = ORIENTED_EDGE ( 'NONE', *, *, #1585, .F. ) ;
#2046 = VECTOR ( 'NONE', #1632, 1000.000000000000000 ) ;
#2047 = EDGE_CURVE ( 'NONE', #1304, #2453, #1567, .T. ) ;
#2048 = DIRECTION ( 'NONE',  ( 0.000000000000000000, 0.000000000000000000, 1.000000000000000000 ) ) ;
#2049 = DIRECTION ( 'NONE',  ( 0.000000000000000000, 0.000000000000000000, -1.000000000000000000 ) ) ;
#2050 = CARTESIAN_POINT ( 'NONE',  ( -0.04299410458842448102, -1.000000000000000000, 0.01676821137269898093 ) ) ;
#2051 = LINE ( 'NONE', #1423, #320 ) ;
#2052 = EDGE_CURVE ( 'NONE', #2471, #118, #48, .T. ) ;
#2053 = EDGE_LOOP ( 'NONE', ( #1364, #1116 ) ) ;
#2054 = CARTESIAN_POINT ( 'NONE',  ( -7.567330178227958726, -11.90084534375105285, 12.97953906748674591 ) ) ;
#2055 = LINE ( 'NONE', #601, #489 ) ;
#2056 = CARTESIAN_POINT ( 'NONE',  ( -4.554800078319351186, -4.518386789105229617, 16.92630196643224494 ) ) ;
#2057 = ORIENTED_EDGE ( 'NONE', *, *, #1874, .T. ) ;
#2058 = CARTESIAN_POINT ( 'NONE',  ( 13.52011272644853968, -13.63320435456502544, 4.743520185608092632 ) ) ;
#2059 = DIRECTION ( 'NONE',  ( 0.000000000000000000, -1.000000000000000000, 0.000000000000000000 ) ) ;
#2060 = EDGE_CURVE ( 'NONE', #1529, #1166, #1984, .T. ) ;
#2061 = ORIENTED_EDGE ( 'NONE', *, *, #2629, .F. ) ;
#2062 = CARTESIAN_POINT ( 'NONE',  ( -6.613080467453912981, -4.499999999999999112, -19.92900805529343700 ) ) ;
#2063 = CARTESIAN_POINT ( 'NONE',  ( -0.04299365938289709255, -3.000000000000000000, 0.01676759986089272625 ) ) ;
#2064 = EDGE_CURVE ( 'NONE', #2388, #1071, #2439, .T. ) ;
#2065 = UNCERTAINTY_MEASURE_WITH_UNIT (LENGTH_MEASURE( 1.000000000000000082E-05 ), #1630, 'distance_accuracy_value', 'NONE');
#2066 = CARTESIAN_POINT ( 'NONE',  ( 16.49010131660362788, -11.90084534375105285, 2.371924572193067959 ) ) ;
#2067 = B_SPLINE_CURVE_WITH_KNOTS ( 'NONE', 3,
 ( #1559, #307, #1164, #1855 ),
 .UNSPECIFIED., .F., .F.,
 ( 4, 4 ),
 ( 2.155856521022898598E-07, 0.0009501011411240669301 ),
 .UNSPECIFIED. ) ;
#2068 = ORIENTED_EDGE ( 'NONE', *, *, #565, .F. ) ;
#2069 = DIRECTION ( 'NONE',  ( 0.000000000000000000, -1.000000000000000000, 0.000000000000000000 ) ) ;
#2070 = DIRECTION ( 'NONE',  ( 0.000000000000000000, 0.000000000000000000, 1.000000000000000000 ) ) ;
#2071 = ORIENTED_EDGE ( 'NONE', *, *, #335, .T. ) ;
#2072 = CARTESIAN_POINT ( 'NONE',  ( 16.49010131660362788, -4.499999999999999112, 2.371924572193067959 ) ) ;
#2073 = ORIENTED_EDGE ( 'NONE', *, *, #785, .T. ) ;
#2074 = DIRECTION ( 'NONE',  ( 0.000000000000000000, 0.000000000000000000, -1.000000000000000000 ) ) ;
#2075 = CARTESIAN_POINT ( 'NONE',  ( -10.92064724673083731, -14.49892155510435998, 8.897837154259580217 ) ) ;
#2076 = EDGE_CURVE ( 'NONE', #1849, #2137, #398, .T. ) ;
#2077 = DIRECTION ( 'NONE',  ( 0.000000000000000000, -1.000000000000000000, 0.000000000000000000 ) ) ;
#2078 = CARTESIAN_POINT ( 'NONE',  ( 2.850211324555109282, -14.49892155510437064, -13.72463221921824150 ) ) ;
#2079 = AXIS2_PLACEMENT_3D ( 'NONE', #1587, #1396, #2238 ) ;
#2080 = EDGE_CURVE ( 'NONE', #998, #2591, #2234, .T. ) ;
#2081 = EDGE_LOOP ( 'NONE', ( #1501, #1357 ) ) ;
#2082 = CIRCLE ( 'NONE', #139, 2.300000140408032578 ) ;
#2083 = AXIS2_PLACEMENT_3D ( 'NONE', #2014, #2637, #747 ) ;
#2084 = CARTESIAN_POINT ( 'NONE',  ( 16.49010131660362788, -16.99999999999999645, 2.371924572193067959 ) ) ;
#2085 = ORIENTED_EDGE ( 'NONE', *, *, #1643, .T. ) ;
#2086 = CARTESIAN_POINT ( 'NONE',  ( -6.087255450844242688, -14.49892155510435998, 12.69208391660183644 ) ) ;
#2087 = VECTOR ( 'NONE', #511, 1000.000000000000000 ) ;
#2088 = ORIENTED_EDGE ( 'NONE', *, *, #61, .T. ) ;
#2089 = CONICAL_SURFACE ( 'NONE', #2397, 1.950000000000000400, 0.7853981633974523868 ) ;
#2090 = CARTESIAN_POINT ( 'NONE',  ( -10.36448652708683227, -16.99999999999999645, 13.16504767789132302 ) ) ;
#2091 = PLANE ( 'NONE',  #1012 ) ;
#2092 = DIRECTION ( 'NONE',  ( 0.000000000000000000, 1.000000000000000000, -0.000000000000000000 ) ) ;
#2093 = CARTESIAN_POINT ( 'NONE',  ( -20.47471539223597148, -4.499999999999999112, 4.869058469165674197 ) ) ;
#2094 = DIRECTION ( 'NONE',  ( 0.000000000000000000, 1.000000000000000000, 0.000000000000000000 ) ) ;
#2095 = EDGE_CURVE ( 'NONE', #2712, #690, #1908, .T. ) ;
#2096 = VERTEX_POINT ( 'NONE', #1794 ) ;
#2097 = ADVANCED_FACE ( 'NONE', ( #2012 ), #1818, .F. ) ;
#2098 = DIRECTION ( 'NONE',  ( 0.000000000000000000, 0.000000000000000000, -1.000000000000000000 ) ) ;
#2099 = ORIENTED_EDGE ( 'NONE', *, *, #2181, .T. ) ;
#2100 = APPLICATION_PROTOCOL_DEFINITION ( 'draft international standard', 'automotive_design', 1998, #1351 ) ;
#2101 = ORIENTED_EDGE ( 'NONE', *, *, #2294, .T. ) ;
#2102 = B_SPLINE_CURVE_WITH_KNOTS ( 'NONE', 3,
 ( #876, #2366, #466, #1314, #894, #1896, #1926, #2733 ),
 .UNSPECIFIED., .F., .F.,
 ( 4, 2, 2, 4 ),
 ( -0.002783938618993657237, -0.0008756614019149236688, 0.001032615815163809899, 0.004849170249321275300 ),
 .UNSPECIFIED. ) ;
#2103 = CARTESIAN_POINT ( 'NONE',  ( -16.31714034138747493, -7.499999999999998224, 6.451217477220977159 ) ) ;
#2104 = LINE ( 'NONE', #2141, #1727 ) ;
#2105 = FACE_OUTER_BOUND ( 'NONE', #1092, .T. ) ;
#2106 = CARTESIAN_POINT ( 'NONE',  ( 0.000000000000000000, -2.999999999999999112, 0.000000000000000000 ) ) ;
#2107 = CARTESIAN_POINT ( 'NONE',  ( -2.573439778768189523, -6.154878944510646654, -16.87442697414141790 ) ) ;
#2108 = ORIENTED_EDGE ( 'NONE', *, *, #2642, .F. ) ;
#2109 = FACE_OUTER_BOUND ( 'NONE', #2005, .T. ) ;
#2110 = EDGE_CURVE ( 'NONE', #1285, #988, #2736, .T. ) ;
#2111 = ORIENTED_EDGE ( 'NONE', *, *, #1481, .F. ) ;
#2112 = DIRECTION ( 'NONE',  ( 0.9497988276403089847, 0.000000000000000000, -0.3128612903717789551 ) ) ;
#2113 = CARTESIAN_POINT ( 'NONE',  ( 3.324721059635790343, -1.000000000000000888, -22.50964963866799451 ) ) ;
#2114 = CARTESIAN_POINT ( 'NONE',  ( 16.49010131660362788, -7.656295128692543805, 0.07192459348554573750 ) ) ;
#2115 = DIRECTION ( 'NONE',  ( 0.000000000000000000, -1.000000000000000000, -0.000000000000000000 ) ) ;
#2116 = DIRECTION ( 'NONE',  ( 0.000000000000000000, 0.000000000000000000, -1.000000000000000000 ) ) ;
#2117 = CARTESIAN_POINT ( 'NONE',  ( -8.086760224750479509, -9.636954370719449159, 13.63056500640973923 ) ) ;
#2118 = CIRCLE ( 'NONE', #965, 4.300000010385215177 ) ;
#2119 = ORIENTED_EDGE ( 'NONE', *, *, #399, .T. ) ;
#2120 = VECTOR ( 'NONE', #2472, 1000.000000000000227 ) ;
#2121 = CARTESIAN_POINT ( 'NONE',  ( -0.04299341723065352311, -4.499999999999999112, 0.01676718069505006570 ) ) ;
#2122 = EDGE_LOOP ( 'NONE', ( #1905, #633, #58, #1145 ) ) ;
#2123 = EDGE_CURVE ( 'NONE', #765, #693, #1150, .T. ) ;
#2124 = ORIENTED_EDGE ( 'NONE', *, *, #1924, .F. ) ;
#2125 = CARTESIAN_POINT ( 'NONE',  ( 20.74712601268366541, -7.499999999999999112, 2.978342386895646676 ) ) ;
#2126 = CARTESIAN_POINT ( 'NONE',  ( 15.44847044547573134, -10.51103717065056387, 0.3158201551136379792 ) ) ;
#2127 = AXIS2_PLACEMENT_3D ( 'NONE', #2157, #1491, #1524 ) ;
#2128 = DIRECTION ( 'NONE',  ( 0.000000000000000000, 0.000000000000000000, 1.000000000000000000 ) ) ;
#2129 = EDGE_CURVE ( 'NONE', #1659, #692, #1579, .T. ) ;
#2130 = CONICAL_SURFACE ( 'NONE', #2474, 17.49999978534759038, 0.3490658503988774974 ) ;
#2131 = VERTEX_POINT ( 'NONE', #292 ) ;
#2132 = LINE ( 'NONE', #2307, #349 ) ;
#2133 = CARTESIAN_POINT ( 'NONE',  ( -0.2716380063857779525, -11.90084534375105285, -16.68166736344916501 ) ) ;
#2134 = CARTESIAN_POINT ( 'NONE',  ( 1.815367490454951938, -9.632081481929999356, -15.68801703945279691 ) ) ;
#2135 = EDGE_LOOP ( 'NONE', ( #337, #1084, #301, #912, #2037, #2443 ) ) ;
#2136 = PLANE ( 'NONE',  #1270 ) ;
#2137 = VERTEX_POINT ( 'NONE', #80 ) ;
#2138 = CARTESIAN_POINT ( 'NONE',  ( -0.04299410458842448102, -4.000000000000016875, 17.51676799672029006 ) ) ;
#2139 = ORIENTED_EDGE ( 'NONE', *, *, #2163, .T. ) ;
#2140 = PLANE ( 'NONE',  #824 ) ;
#2141 = CARTESIAN_POINT ( 'NONE',  ( 12.32973132602152155, -2.999999999999999112, -15.20978683448597124 ) ) ;
#2142 = DIRECTION ( 'NONE',  ( 0.000000000000000000, 1.000000000000000000, -0.000000000000000000 ) ) ;
#2143 = ORIENTED_EDGE ( 'NONE', *, *, #1338, .T. ) ;
#2144 = DIRECTION ( 'NONE',  ( 0.000000000000000000, 0.000000000000000000, 1.000000000000000000 ) ) ;
#2145 = ADVANCED_FACE ( 'NONE', ( #2594, #1551 ), #921, .T. ) ;
#2146 = FACE_OUTER_BOUND ( 'NONE', #950, .T. ) ;
#2147 = CARTESIAN_POINT ( 'NONE',  ( 1.577194463101273758, -10.77996765213228691, -15.29431325941086683 ) ) ;
#2148 = VERTEX_POINT ( 'NONE', #2272 ) ;
#2149 = DIRECTION ( 'NONE',  ( 0.000000000000000000, 0.000000000000000000, -1.000000000000000000 ) ) ;
#2150 = EDGE_LOOP ( 'NONE', ( #1213, #2340, #1748, #315, #2619 ) ) ;
#2151 = ORIENTED_EDGE ( 'NONE', *, *, #1658, .F. ) ;
#2152 = FACE_OUTER_BOUND ( 'NONE', #2150, .T. ) ;
#2153 = CARTESIAN_POINT ( 'NONE',  ( 17.35827544962464586, -7.093456656644008262, -1.839521202695832969 ) ) ;
#2154 = CARTESIAN_POINT ( 'NONE',  ( -0.04299410458842448102, -1.000000000000000000, 19.51676799672029361 ) ) ;
#2155 = VERTEX_POINT ( 'NONE', #1882 ) ;
#2156 = CARTESIAN_POINT ( 'NONE',  ( -20.07511365518247004, -4.892801155769374688, 6.320807982567202998 ) ) ;
#2157 = CARTESIAN_POINT ( 'NONE',  ( -0.04299341723065352311, 14.43325734948383854, 0.01676718069505006570 ) ) ;
#2158 = EDGE_CURVE ( 'NONE', #1380, #1361, #2055, .T. ) ;
#2159 = AXIS2_PLACEMENT_3D ( 'NONE', #1861, #1667, #2668 ) ;
#2160 = B_SPLINE_CURVE_WITH_KNOTS ( 'NONE', 3,
 ( #1901, #863, #1091, #1723, #691, #2737, #838, #2555, #2529, #665, #1063, #1698, #634, #1513, #1483, #2322, #15, #850 ),
 .UNSPECIFIED., .F., .F.,
 ( 4, 2, 2, 2, 2, 2, 2, 2, 4 ),
 ( 8.673617379884035472E-19, 0.0002235192087697364285, 0.0004470384175394719896, 0.0008940768350789435456, 0.001788153670157884923, 0.003576307340315773749, 0.005364461010473662791, 0.006258537845552601675, 0.007152614680631542293 ),
 .UNSPECIFIED. ) ;
#2161 = CARTESIAN_POINT ( 'NONE',  ( -6.613080467453912981, -7.499999999999998224, -19.92900805529343700 ) ) ;
#2162 = ORIENTED_EDGE ( 'NONE', *, *, #2095, .T. ) ;
#2163 = EDGE_CURVE ( 'NONE', #1609, #2010, #990, .T. ) ;
#2164 = AXIS2_PLACEMENT_3D ( 'NONE', #1362, #2627, #911 ) ;
#2165 = CARTESIAN_POINT ( 'NONE',  ( -10.34916758024696648, -17.00000000000000000, 10.20726964327363007 ) ) ;
#2166 = ORIENTED_EDGE ( 'NONE', *, *, #1417, .T. ) ;
#2167 = CIRCLE ( 'NONE', #1680, 20.99999984790673579 ) ;
#2168 = AXIS2_PLACEMENT_3D ( 'NONE', #2250, #767, #1382 ) ;
#2169 = ORIENTED_EDGE ( 'NONE', *, *, #1111, .F. ) ;
#2170 = FACE_OUTER_BOUND ( 'NONE', #2135, .T. ) ;
#2171 = CARTESIAN_POINT ( 'NONE',  ( 17.31998224047620383, -6.142270144503545914, -2.170401862606877508 ) ) ;
#2172 = CARTESIAN_POINT ( 'NONE',  ( 16.49010131660362788, -5.395462559700928473, 2.371924572193067959 ) ) ;
#2173 = CIRCLE ( 'NONE', #1685, 4.303301104857576220 ) ;
#2174 = ORIENTED_EDGE ( 'NONE', *, *, #61, .F. ) ;
#2175 = CIRCLE ( 'NONE', #2609, 22.80000001305370461 ) ;
#2176 = CARTESIAN_POINT ( 'NONE',  ( -19.60752565029255479, -6.717180503981209583, 7.647663620048321675 ) ) ;
#2177 = DIRECTION ( 'NONE',  ( 0.000000000000000000, -1.000000000000000000, -0.000000000000000000 ) ) ;
#2178 = AXIS2_PLACEMENT_3D ( 'NONE', #649, #458, #840 ) ;
#2179 = CARTESIAN_POINT ( 'NONE',  ( -10.92064724673083731, -14.49892155510435998, 8.897837154259580217 ) ) ;
#2180 = ORIENTED_EDGE ( 'NONE', *, *, #1142, .F. ) ;
#2181 = EDGE_CURVE ( 'NONE', #891, #66, #177, .T. ) ;
#2182 = CARTESIAN_POINT ( 'NONE',  ( -0.2716380063857779525, -5.395462559700928473, -16.68166736344916501 ) ) ;
#2183 = ORIENTED_EDGE ( 'NONE', *, *, #500, .F. ) ;
#2184 = EDGE_CURVE ( 'NONE', #994, #2537, #1954, .T. ) ;
#2185 = ORIENTED_EDGE ( 'NONE', *, *, #2710, .T. ) ;
#2186 = CARTESIAN_POINT ( 'NONE',  ( -0.04299341723065352311, -2.999999999999999112, 0.01676718069505006570 ) ) ;
#2187 = DIRECTION ( 'NONE',  ( 0.000000000000000000, 1.000000000000000000, 0.000000000000000000 ) ) ;
#2188 = CARTESIAN_POINT ( 'NONE',  ( -6.625023053959184338, -5.108378934592424869, -16.19908082709837061 ) ) ;
#2189 = ORIENTED_EDGE ( 'NONE', *, *, #1612, .T. ) ;
#2190 = CARTESIAN_POINT ( 'NONE',  ( 16.49010131660362788, -4.499999999999999112, 2.371924572193067959 ) ) ;
#2191 = CARTESIAN_POINT ( 'NONE',  ( 0.4308227943974612950, -6.934290051958082124, -20.98323266721139646 ) ) ;
#2192 = ORIENTED_EDGE ( 'NONE', *, *, #11, .F. ) ;
#2193 = CARTESIAN_POINT ( 'NONE',  ( -10.34916758024696648, -17.00000000000000000, 13.15726964327363291 ) ) ;
#2194 = EDGE_LOOP ( 'NONE', ( #725, #2018, #2225, #60, #770, #1248, #1571 ) ) ;
#2195 = EDGE_CURVE ( 'NONE', #199, #2600, #757, .T. ) ;
#2196 = DIRECTION ( 'NONE',  ( -0.000000000000000000, 1.000000000000000000, -0.000000000000000000 ) ) ;
#2197 = CARTESIAN_POINT ( 'NONE',  ( 17.27483017978296331, -5.638549735319695166, -2.504491987419264376 ) ) ;
#2198 = CARTESIAN_POINT ( 'NONE',  ( -7.071044265733975820, -12.76733126400438678, 12.90295717098118544 ) ) ;
#2199 = ORIENTED_EDGE ( 'NONE', *, *, #485, .F. ) ;
#2200 = CARTESIAN_POINT ( 'NONE',  ( 20.74712601268366541, -7.499999999999999112, 2.978342386895646676 ) ) ;
#2201 = CARTESIAN_POINT ( 'NONE',  ( -16.45955722835488189, -5.994089824592509608, 6.079639988254698757 ) ) ;
#2202 = CARTESIAN_POINT ( 'NONE',  ( -8.687910592126705467, -4.595684574614731233, -19.12227954329751967 ) ) ;
#2203 = EDGE_LOOP ( 'NONE', ( #910, #2313 ) ) ;
#2204 = CIRCLE ( 'NONE', #2681, 4.300000212677193900 ) ;
#2205 = CARTESIAN_POINT ( 'NONE',  ( -10.84844827824869462, -11.90084534375105285, 10.40383814076668223 ) ) ;
#2206 = ORIENTED_EDGE ( 'NONE', *, *, #1137, .F. ) ;
#2207 = ORIENTED_EDGE ( 'NONE', *, *, #554, .T. ) ;
#2208 = VECTOR ( 'NONE', #217, 1000.000000000000000 ) ;
#2209 = DIRECTION ( 'NONE',  ( 0.000000000000000000, 0.000000000000000000, -1.000000000000000000 ) ) ;
#2210 = CARTESIAN_POINT ( 'NONE',  ( -0.04299427105211930944, -4.499999999999999112, 0.01676667531877798489 ) ) ;
#2211 = CARTESIAN_POINT ( 'NONE',  ( -20.47471539223597148, -4.499999999999999112, 4.869058469165674197 ) ) ;
#2212 = EDGE_CURVE ( 'NONE', #2320, #95, #1239, .T. ) ;
#2213 = AXIS2_PLACEMENT_3D ( 'NONE', #176, #626, #161 ) ;
#2214 = EDGE_LOOP ( 'NONE', ( #2285, #2494, #717, #1873, #2403 ) ) ;
#2215 = CARTESIAN_POINT ( 'NONE',  ( 16.49010131660362788, -7.343345726311700794, -1.928075640484125275 ) ) ;
#2216 = AXIS2_PLACEMENT_3D ( 'NONE', #1179, #2430, #1826 ) ;
#2217 = DIRECTION ( 'NONE',  ( 0.000000000000000000, 0.000000000000000000, -1.000000000000000000 ) ) ;
#2218 = EDGE_CURVE ( 'NONE', #733, #1863, #2175, .T. ) ;
#2219 = AXIS2_PLACEMENT_3D ( 'NONE', #953, #2001, #720 ) ;
#2220 = CARTESIAN_POINT ( 'NONE',  ( -9.040360799993550245, -4.519113123236303764, -18.95914077238003159 ) ) ;
#2221 = EDGE_LOOP ( 'NONE', ( #2206, #680, #62, #1959, #969 ) ) ;
#2222 = CIRCLE ( 'NONE', #1333, 2.300000140408032578 ) ;
#2223 = CIRCLE ( 'NONE', #2264, 1.949999999999998623 ) ;
#2224 = CARTESIAN_POINT ( 'NONE',  ( 16.83358615550510251, -5.000001953616365569, 4.646131701610939579 ) ) ;
#2225 = ORIENTED_EDGE ( 'NONE', *, *, #923, .T. ) ;
#2226 = CARTESIAN_POINT ( 'NONE',  ( -12.65206152614018897, -4.499999999999999112, 16.80996208330257957 ) ) ;
#2227 = CARTESIAN_POINT ( 'NONE',  ( 6.074506488004612237, -4.646886677852870129, -16.38021825370434570 ) ) ;
#2228 = DIRECTION ( 'NONE',  ( 0.000000000000000000, 0.000000000000000000, -1.000000000000000000 ) ) ;
#2229 = VERTEX_POINT ( 'NONE', #140 ) ;
#2230 = CARTESIAN_POINT ( 'NONE',  ( -0.04299365938289430311, -3.000000000000000000, -22.78323241319281323 ) ) ;
#2231 = DIRECTION ( 'NONE',  ( -0.000000000000000000, -1.000000000000000000, 0.000000000000000000 ) ) ;
#2232 = ADVANCED_FACE ( 'NONE', ( #1222, #1202 ), #1843, .T. ) ;
#2233 = FACE_OUTER_BOUND ( 'NONE', #2725, .T. ) ;
#2234 = B_SPLINE_CURVE_WITH_KNOTS ( 'NONE', 3,
 ( #2450, #952, #1141, #2422, #2409, #303, #2201, #1172, #332, #2025, #98, #763, #124, #1129, #2636, #939, #2652, #964 ),
 .UNSPECIFIED., .F., .F.,
 ( 4, 2, 2, 2, 2, 2, 2, 2, 4 ),
 ( 8.673617379884035472E-19, 0.0005875706593432408536, 0.001175141318686480840, 0.001762711978029720718, 0.002350282637372960812, 0.002937853296716200907, 0.003525423956059440568, 0.004112994615402681096, 0.004700565274745920757 ),
 .UNSPECIFIED. ) ;
#2235 = DIRECTION ( 'NONE',  ( 0.000000000000000000, -1.000000000000000000, -0.000000000000000000 ) ) ;
#2236 = ORIENTED_EDGE ( 'NONE', *, *, #2675, .F. ) ;
#2237 = LINE ( 'NONE', #2429, #167 ) ;
#2238 = DIRECTION ( 'NONE',  ( 0.000000000000000000, 0.000000000000000000, -1.000000000000000000 ) ) ;
#2239 = CYLINDRICAL_SURFACE ( 'NONE', #1379, 3.000000000000000444 ) ;
#2240 = CARTESIAN_POINT ( 'NONE',  ( -7.138918131078933804, -5.000000000000000888, 16.01357585219405522 ) ) ;
#2241 = VERTEX_POINT ( 'NONE', #344 ) ;
#2242 = B_SPLINE_CURVE_WITH_KNOTS ( 'NONE', 3,
 ( #2161, #280, #264, #1958, #1331, #1941, #57, #1928, #1719, #26, #860, #2552, #895, #40, #2202, #2220, #2654, #526 ),
 .UNSPECIFIED., .F., .F.,
 ( 4, 2, 2, 2, 2, 2, 2, 2, 4 ),
 ( 8.673617379884035472E-19, 0.0005870271309973630787, 0.001174054261994725290, 0.001761081392992087501, 0.002348108523989449713, 0.002935135654986811924, 0.003522162785984174135, 0.004109189916981535913, 0.004696217047978898558 ),
 .UNSPECIFIED. ) ;
#2243 = DIRECTION ( 'NONE',  ( 0.000000000000000000, 0.000000000000000000, -1.000000000000000000 ) ) ;
#2244 = CARTESIAN_POINT ( 'NONE',  ( -0.04299365938289709255, -1.000000000000000000, 0.01676759986089272625 ) ) ;
#2245 = CARTESIAN_POINT ( 'NONE',  ( 16.49010131660362788, -11.90084534375105285, 0.4219245721930691140 ) ) ;
#2246 = ADVANCED_FACE ( 'NONE', ( #190 ), #1184, .F. ) ;
#2247 = ORIENTED_EDGE ( 'NONE', *, *, #1142, .T. ) ;
#2248 = EDGE_CURVE ( 'NONE', #308, #2571, #2653, .T. ) ;
#2249 = DIRECTION ( 'NONE',  ( 0.000000000000000000, -0.8660254037844383745, -0.5000000000000003331 ) ) ;
#2250 = CARTESIAN_POINT ( 'NONE',  ( 0.000000000000000000, -3.000000000000000888, 0.000000000000000000 ) ) ;
#2251 = CARTESIAN_POINT ( 'NONE',  ( 16.49010131660362788, -11.90084534375105285, 2.371924572193067959 ) ) ;
#2252 = AXIS2_PLACEMENT_3D ( 'NONE', #1539, #44, #239 ) ;
#2253 = CARTESIAN_POINT ( 'NONE',  ( -3.547174227972136773, -13.71835392550118549, -13.87595467645189551 ) ) ;
#2254 = B_SPLINE_CURVE_WITH_KNOTS ( 'NONE', 3,
 ( #743, #2011, #1427, #2038 ),
 .UNSPECIFIED., .F., .F.,
 ( 4, 4 ),
 ( 0.004849170249321275300, 0.007344025850913211972 ),
 .UNSPECIFIED. ) ;
#2255 = CIRCLE ( 'NONE', #1856, 22.75385894699999767 ) ;
#2256 = EDGE_LOOP ( 'NONE', ( #2567, #1582, #1246, #1249 ) ) ;
#2257 = CARTESIAN_POINT ( 'NONE',  ( -12.38775289254017764, -10.55139474529668142, 9.355998134602709015 ) ) ;
#2258 = CIRCLE ( 'NONE', #1900, 2.300000140408032578 ) ;
#2259 = CIRCLE ( 'NONE', #2168, 20.95439393397514749 ) ;
#2260 = CARTESIAN_POINT ( 'NONE',  ( 16.49010131660362788, 14.43325734948383854, 2.371924572193067959 ) ) ;
#2261 = ADVANCED_FACE ( 'NONE', ( #359 ), #1690, .F. ) ;
#2262 = VECTOR ( 'NONE', #552, 999.9999999999998863 ) ;
#2263 = ORIENTED_EDGE ( 'NONE', *, *, #1844, .F. ) ;
#2264 = AXIS2_PLACEMENT_3D ( 'NONE', #2035, #560, #1409 ) ;
#2265 = DIRECTION ( 'NONE',  ( 0.000000000000000000, 0.000000000000000000, -1.000000000000000000 ) ) ;
#2266 = ADVANCED_FACE ( 'NONE', ( #1623 ), #1016, .T. ) ;
#2267 = ADVANCED_FACE ( 'NONE', ( #563 ), #1412, .T. ) ;
#2268 = CARTESIAN_POINT ( 'NONE',  ( -5.518066120219772053, -7.499999999999998224, -16.60471267181405963 ) ) ;
#2269 = DIRECTION ( 'NONE',  ( 0.000000000000000000, -1.000000000000000000, 0.000000000000000000 ) ) ;
#2270 = ORIENTED_EDGE ( 'NONE', *, *, #2290, .F. ) ;
#2271 = DIRECTION ( 'NONE',  ( 0.000000000000000000, 1.000000000000000000, 0.000000000000000000 ) ) ;
#2272 = CARTESIAN_POINT ( 'NONE',  ( -0.2716380063857779525, -11.90084534375105285, -18.98166750385719581 ) ) ;
#2273 = CARTESIAN_POINT ( 'NONE',  ( -6.833798438926793395, -6.142709581626784932, 16.14567438081501649 ) ) ;
#2274 = ORIENTED_EDGE ( 'NONE', *, *, #602, .F. ) ;
#2275 = DIRECTION ( 'NONE',  ( 0.000000000000000000, 0.000000000000000000, -1.000000000000000000 ) ) ;
#2276 = DIRECTION ( 'NONE',  ( 0.000000000000000000, 0.000000000000000000, -1.000000000000000000 ) ) ;
#2277 = ORIENTED_EDGE ( 'NONE', *, *, #266, .T. ) ;
#2278 = CARTESIAN_POINT ( 'NONE',  ( -7.138918131078933804, -5.000000000000000888, 16.01357585219405522 ) ) ;
#2279 = EDGE_CURVE ( 'NONE', #425, #1043, #2683, .T. ) ;
#2280 = VERTEX_POINT ( 'NONE', #2705 ) ;
#2281 = CARTESIAN_POINT ( 'NONE',  ( 16.49010131660362788, -16.00000000000000711, 2.371924572193067959 ) ) ;
#2282 = DIRECTION ( 'NONE',  ( 0.000000000000000000, -0.000000000000000000, -1.000000000000000000 ) ) ;
#2283 = DIRECTION ( 'NONE',  ( 0.000000000000000000, -1.000000000000000000, 0.000000000000000000 ) ) ;
#2284 = CARTESIAN_POINT ( 'NONE',  ( 4.061807940494129632, -6.585430434849139480, -16.40184665123415542 ) ) ;
#2285 = ORIENTED_EDGE ( 'NONE', *, *, #2184, .T. ) ;
#2286 = CARTESIAN_POINT ( 'NONE',  ( -0.2716380063857779525, -16.99999999999999645, -16.68166736344916501 ) ) ;
#2287 = CARTESIAN_POINT ( 'NONE',  ( -0.2716380063857779525, 14.43325734948383854, -18.98166750385719581 ) ) ;
#2288 = VERTEX_POINT ( 'NONE', #804 ) ;
#2289 = LINE ( 'NONE', #2062, #390 ) ;
#2290 = EDGE_CURVE ( 'NONE', #1380, #1089, #1784, .T. ) ;
#2291 = DIRECTION ( 'NONE',  ( -0.000000000000000000, -1.000000000000000000, -0.000000000000000000 ) ) ;
#2292 = AXIS2_PLACEMENT_3D ( 'NONE', #1507, #1344, #1717 ) ;
#2293 = FACE_BOUND ( 'NONE', #546, .T. ) ;
#2294 = EDGE_CURVE ( 'NONE', #1931, #1609, #121, .T. ) ;
#2295 = AXIS2_PLACEMENT_3D ( 'NONE', #681, #2576, #473 ) ;
#2296 = DIRECTION ( 'NONE',  ( -0.000000000000000000, -1.000000000000000000, -0.000000000000000000 ) ) ;
#2297 = CIRCLE ( 'NONE', #615, 17.49999978534759038 ) ;
#2298 = ORIENTED_EDGE ( 'NONE', *, *, #1073, .T. ) ;
#2299 = AXIS2_PLACEMENT_3D ( 'NONE', #2066, #993, #1254 ) ;
#2300 = VECTOR ( 'NONE', #1853, 1000.000000000000114 ) ;
#2301 = DIRECTION ( 'NONE',  ( 0.000000000000000000, 0.000000000000000000, 1.000000000000000000 ) ) ;
#2302 = AXIS2_PLACEMENT_3D ( 'NONE', #1850, #2682, #549 ) ;
#2303 = VERTEX_POINT ( 'NONE', #1951 ) ;
#2304 = CARTESIAN_POINT ( 'NONE',  ( -0.04299410458842448102, -11.90084534375105285, 0.01676821137269898093 ) ) ;
#2305 = FACE_OUTER_BOUND ( 'NONE', #14, .T. ) ;
#2306 = CARTESIAN_POINT ( 'NONE',  ( -0.04299410458842448102, -17.00000000000000000, 0.01676821137269898093 ) ) ;
#2307 = CARTESIAN_POINT ( 'NONE',  ( 6.495267432735189139, 29.05176218177019365, -19.93946339198291184 ) ) ;
#2308 = CARTESIAN_POINT ( 'NONE',  ( -0.04299365938289709255, -3.000000000000000000, 22.81676761291459599 ) ) ;
#2309 = ADVANCED_FACE ( 'NONE', ( #448 ), #2695, .F. ) ;
#2310 = ORIENTED_EDGE ( 'NONE', *, *, #2523, .F. ) ;
#2311 = FACE_OUTER_BOUND ( 'NONE', #18, .T. ) ;
#2312 = DIRECTION ( 'NONE',  ( 0.3128612903717790106, 0.000000000000000000, 0.9497988276403090957 ) ) ;
#2313 = ORIENTED_EDGE ( 'NONE', *, *, #1402, .T. ) ;
#2314 = CARTESIAN_POINT ( 'NONE',  ( -12.49043139709193184, -5.000000000000000888, 12.31763392628718989 ) ) ;
#2315 = CARTESIAN_POINT ( 'NONE',  ( 15.96672093503996948, -9.094497182322326623, 0.1153518403735539488 ) ) ;
#2316 = CARTESIAN_POINT ( 'NONE',  ( 13.95509505365975045, -14.49892155510438485, -1.101365665587129561 ) ) ;
#2317 = DIRECTION ( 'NONE',  ( 0.000000000000000000, -1.000000000000000000, -0.000000000000000000 ) ) ;
#2318 = DIRECTION ( 'NONE',  ( -0.000000000000000000, -1.000000000000000000, -0.000000000000000000 ) ) ;
#2319 = CARTESIAN_POINT ( 'NONE',  ( -10.91635014891752320, -13.63320849123582512, 9.401324069478107504 ) ) ;
#2320 = VERTEX_POINT ( 'NONE', #1461 ) ;
#2321 = ADVANCED_FACE ( 'NONE', ( #1474 ), #1298, .T. ) ;
#2322 = CARTESIAN_POINT ( 'NONE',  ( -7.771555099169605185, -4.522528476081193460, 19.54510394802351314 ) ) ;
#2323 = ORIENTED_EDGE ( 'NONE', *, *, #207, .F. ) ;
#2324 = EDGE_CURVE ( 'NONE', #1863, #913, #316, .T. ) ;
#2325 =( NAMED_UNIT ( * ) PLANE_ANGLE_UNIT ( ) SI_UNIT ( $, .RADIAN. ) );
#2326 = ORIENTED_EDGE ( 'NONE', *, *, #2493, .F. ) ;
#2327 = CARTESIAN_POINT ( 'NONE',  ( -0.04299341723065094878, 14.43325734948383854, 21.01676702860178736 ) ) ;
#2328 = CARTESIAN_POINT ( 'NONE',  ( 14.93055954572066746, -11.90084534375105285, 0.6814130026019323827 ) ) ;
#2329 = CARTESIAN_POINT ( 'NONE',  ( -0.2716380063856758120, -7.456146828265329596, -20.98198790773657407 ) ) ;
#2330 = ORIENTED_EDGE ( 'NONE', *, *, #1833, .T. ) ;
#2331 = DIRECTION ( 'NONE',  ( 0.000000000000000000, -1.000000000000000000, -0.000000000000000000 ) ) ;
#2332 = DIRECTION ( 'NONE',  ( 0.000000000000000000, 0.000000000000000000, 1.000000000000000000 ) ) ;
#2333 = AXIS2_PLACEMENT_3D ( 'NONE', #2415, #105, #2630 ) ;
#2334 = AXIS2_PLACEMENT_3D ( 'NONE', #2193, #545, #1786 ) ;
#2335 = CARTESIAN_POINT ( 'NONE',  ( -0.04299410458843851146, -4.499999999999999112, -17.48323198560594349 ) ) ;
#2336 = ORIENTED_EDGE ( 'NONE', *, *, #2675, .T. ) ;
#2337 = VECTOR ( 'NONE', #1371, 999.9999999999998863 ) ;
#2338 = CARTESIAN_POINT ( 'NONE',  ( -2.340078559645732525, -11.90084534375105285, -14.79445944279314240 ) ) ;
#2339 = CIRCLE ( 'NONE', #1821, 2.299999978706575465 ) ;
#2340 = ORIENTED_EDGE ( 'NONE', *, *, #485, .T. ) ;
#2341 = CARTESIAN_POINT ( 'NONE',  ( 15.25350947347685349, -9.422584937872352739, 4.320306703824607020 ) ) ;
#2342 = AXIS2_PLACEMENT_3D ( 'NONE', #512, #544, #1360 ) ;
#2343 = EDGE_CURVE ( 'NONE', #31, #2137, #844, .T. ) ;
#2344 = EDGE_CURVE ( 'NONE', #2288, #621, #1911, .T. ) ;
#2345 = VERTEX_POINT ( 'NONE', #827 ) ;
#2346 = FACE_OUTER_BOUND ( 'NONE', #483, .T. ) ;
#2347 = DIRECTION ( 'NONE',  ( 0.000000000000000000, -0.000000000000000000, -1.000000000000000000 ) ) ;
#2348 = AXIS2_PLACEMENT_3D ( 'NONE', #1673, #579, #2663 ) ;
#2349 = DIRECTION ( 'NONE',  ( 0.000000000000000000, 0.000000000000000000, 1.000000000000000000 ) ) ;
#2350 = VECTOR ( 'NONE', #406, 1000.000000000000000 ) ;
#2351 = ORIENTED_EDGE ( 'NONE', *, *, #2123, .T. ) ;
#2352 = CARTESIAN_POINT ( 'NONE',  ( -19.57196924886525480, -7.499999999999998224, 7.738107516382538797 ) ) ;
#2353 = DIRECTION ( 'NONE',  ( 0.000000000000000000, 0.000000000000000000, -1.000000000000000000 ) ) ;
#2354 = CARTESIAN_POINT ( 'NONE',  ( -10.36448652708683227, -7.500000000000000000, 17.46834878274890102 ) ) ;
#2355 = ORIENTED_EDGE ( 'NONE', *, *, #318, .F. ) ;
#2356 = LINE ( 'NONE', #1945, #1007 ) ;
#2357 = ORIENTED_EDGE ( 'NONE', *, *, #1482, .T. ) ;
#2358 = CARTESIAN_POINT ( 'NONE',  ( 16.00117831768662313, -5.236297306194501289, 13.56681682836618918 ) ) ;
#2359 = ORIENTED_EDGE ( 'NONE', *, *, #1535, .T. ) ;
#2360 = CARTESIAN_POINT ( 'NONE',  ( 16.49010131660362788, -5.395462559700928473, 2.371924572193067959 ) ) ;
#2361 = CARTESIAN_POINT ( 'NONE',  ( 6.530751592969875396, -4.499999999999999112, -19.91069834965956531 ) ) ;
#2362 = LINE ( 'NONE', #34, #1692 ) ;
#2363 = EDGE_CURVE ( 'NONE', #2407, #1089, #890, .T. ) ;
#2364 = ORIENTED_EDGE ( 'NONE', *, *, #480, .F. ) ;
#2365 = CARTESIAN_POINT ( 'NONE',  ( 14.63043634500377266, -12.76732461257624074, -0.3548953590168225092 ) ) ;
#2366 = CARTESIAN_POINT ( 'NONE',  ( 14.15806339497006938, -13.91063376702440735, -1.249503592790651485 ) ) ;
#2367 = EDGE_CURVE ( 'NONE', #1946, #994, #1200, .T. ) ;
#2368 = CARTESIAN_POINT ( 'NONE',  ( 2.031952285669988534, -7.311213720994763854, -16.51231762194314712 ) ) ;
#2369 = ORIENTED_EDGE ( 'NONE', *, *, #2195, .F. ) ;
#2370 = CARTESIAN_POINT ( 'NONE',  ( -0.04299341723065094878, -2.999999999999999112, 21.01676702860178736 ) ) ;
#2371 = ORIENTED_EDGE ( 'NONE', *, *, #1160, .F. ) ;
#2372 = ORIENTED_EDGE ( 'NONE', *, *, #516, .F. ) ;
#2373 = DIRECTION ( 'NONE',  ( 0.000000000000000000, 0.000000000000000000, -1.000000000000000000 ) ) ;
#2374 = CARTESIAN_POINT ( 'NONE',  ( 17.25546485138335484, -5.488700464750338348, -2.635582355222531259 ) ) ;
#2375 = EDGE_LOOP ( 'NONE', ( #2640, #2071, #166, #724, #1363 ) ) ;
#2376 = ADVANCED_FACE ( 'NONE', ( #1715 ), #1310, .T. ) ;
#2377 = PRODUCT_DEFINITION_SHAPE ( 'NONE', 'NONE',  #553 ) ;
#2378 = DIRECTION ( 'NONE',  ( 0.000000000000000000, 0.000000000000000000, -1.000000000000000000 ) ) ;
#2379 = DIRECTION ( 'NONE',  ( 0.000000000000000000, 0.000000000000000000, 1.000000000000000000 ) ) ;
#2380 = EDGE_CURVE ( 'NONE', #2383, #1809, #2362, .T. ) ;
#2381 = CIRCLE ( 'NONE', #1635, 1.950000000000000400 ) ;
#2382 = CARTESIAN_POINT ( 'NONE',  ( 2.006954310924748519, -7.890217371185153539, -16.30305890812296354 ) ) ;
#2383 = VERTEX_POINT ( 'NONE', #1083 ) ;
#2384 = AXIS2_PLACEMENT_3D ( 'NONE', #2441, #2412, #1766 ) ;
#2385 = CARTESIAN_POINT ( 'NONE',  ( 13.86032244578427886, -4.499999999999999112, 10.64445559210821735 ) ) ;
#2386 = ORIENTED_EDGE ( 'NONE', *, *, #1022, .T. ) ;
#2387 = VECTOR ( 'NONE', #1459, 1000.000000000000000 ) ;
#2388 = VERTEX_POINT ( 'NONE', #2154 ) ;
#2389 = LINE ( 'NONE', #694, #1994 ) ;
#2390 = DIRECTION ( 'NONE',  ( -0.000000000000000000, -1.000000000000000000, 0.000000000000000000 ) ) ;
#2391 = CARTESIAN_POINT ( 'NONE',  ( -7.086556722227885352, -4.800038734056498058, -16.00420214690474907 ) ) ;
#2392 = VECTOR ( 'NONE', #112, 1000.000000000000114 ) ;
#2393 = EDGE_LOOP ( 'NONE', ( #2006, #285 ) ) ;
#2394 = AXIS2_PLACEMENT_3D ( 'NONE', #591, #1832, #1029 ) ;
#2395 = CARTESIAN_POINT ( 'NONE',  ( -20.38101878170784431, -4.519109760988123448, 5.251422863451870704 ) ) ;
#2396 = DIRECTION ( 'NONE',  ( -0.000000000000000000, 1.000000000000000000, -0.000000000000000000 ) ) ;
#2397 = AXIS2_PLACEMENT_3D ( 'NONE', #1864, #2059, #2702 ) ;
#2398 = CARTESIAN_POINT ( 'NONE',  ( 3.434466048592702325, -5.124346059713535517, -20.69512724693953132 ) ) ;
#2399 = ORIENTED_EDGE ( 'NONE', *, *, #1189, .T. ) ;
#2400 = ADVANCED_FACE ( 'NONE', ( #1070 ), #1558, .T. ) ;
#2401 = CARTESIAN_POINT ( 'NONE',  ( -0.04299427105211930944, -4.499999999999999112, 0.01676667531877798489 ) ) ;
#2402 = ORIENTED_EDGE ( 'NONE', *, *, #1334, .F. ) ;
#2403 = ORIENTED_EDGE ( 'NONE', *, *, #2367, .T. ) ;
#2404 = CARTESIAN_POINT ( 'NONE',  ( -10.34916758024696648, -5.395462559700928473, 15.10726964327363397 ) ) ;
#2405 = CARTESIAN_POINT ( 'NONE',  ( -3.311353523034927804, -14.49892155510437064, -13.64026478122574915 ) ) ;
#2406 = DIRECTION ( 'NONE',  ( 0.000000000000000000, 0.000000000000000000, 1.000000000000000000 ) ) ;
#2407 = VERTEX_POINT ( 'NONE', #614 ) ;
#2408 = CARTESIAN_POINT ( 'NONE',  ( -10.34916758024696648, -4.499999999999999112, 15.45726953221215361 ) ) ;
#2409 = CARTESIAN_POINT ( 'NONE',  ( -16.37331293026887025, -6.530693153834886466, 6.307745985511076903 ) ) ;
#2410 = CYLINDRICAL_SURFACE ( 'NONE', #2083, 2.299999978706575465 ) ;
#2411 = EDGE_LOOP ( 'NONE', ( #1593, #729, #662, #1923 ) ) ;
#2412 = DIRECTION ( 'NONE',  ( 0.000000000000000000, 1.000000000000000000, 0.000000000000000000 ) ) ;
#2413 = EDGE_CURVE ( 'NONE', #1235, #95, #797, .T. ) ;
#2414 = ORIENTED_EDGE ( 'NONE', *, *, #2047, .T. ) ;
#2415 = CARTESIAN_POINT ( 'NONE',  ( -0.04299341723065352311, 14.43325734948383854, 0.01676718069505006570 ) ) ;
#2416 = EDGE_CURVE ( 'NONE', #1919, #1860, #1866, .T. ) ;
#2417 = LINE ( 'NONE', #91, #1328 ) ;
#2418 = CARTESIAN_POINT ( 'NONE',  ( 13.80178003871876413, -6.721662010469228399, 10.72067810937253540 ) ) ;
#2419 = DIRECTION ( 'NONE',  ( -1.000000000000000000, -0.000000000000000000, -0.000000000000000000 ) ) ;
#2420 = ORIENTED_EDGE ( 'NONE', *, *, #1417, .F. ) ;
#2421 = DIRECTION ( 'NONE',  ( 0.000000000000000000, -1.000000000000000000, 0.000000000000000000 ) ) ;
#2422 = CARTESIAN_POINT ( 'NONE',  ( -16.35227218366172153, -6.721662028044855575, 6.361758890878291162 ) ) ;
#2423 = CARTESIAN_POINT ( 'NONE',  ( -10.36448652708683227, -16.99999999999999645, 8.861746573033746799 ) ) ;
#2424 = ORIENTED_EDGE ( 'NONE', *, *, #1961, .T. ) ;
#2425 = CIRCLE ( 'NONE', #1227, 2.800000212677180134 ) ;
#2426 = CARTESIAN_POINT ( 'NONE',  ( -0.2716380063857779525, 14.43325734948383854, -20.98166737383438019 ) ) ;
#2427 = ORIENTED_EDGE ( 'NONE', *, *, #1368, .T. ) ;
#2428 = AXIS2_PLACEMENT_3D ( 'NONE', #817, #1664, #23 ) ;
#2429 = CARTESIAN_POINT ( 'NONE',  ( -10.36448652708683227, -14.49892155510435998, 8.861746573033746799 ) ) ;
#2430 = DIRECTION ( 'NONE',  ( 0.000000000000000000, -1.000000000000000000, 0.000000000000000000 ) ) ;
#2431 = CARTESIAN_POINT ( 'NONE',  ( 5.072707261158980074, -5.216702327776597592, -16.71945237137638784 ) ) ;
#2432 = PLANE ( 'NONE',  #1640 ) ;
#2433 = EDGE_CURVE ( 'NONE', #1775, #1647, #871, .T. ) ;
#2434 = AXIS2_PLACEMENT_3D ( 'NONE', #2631, #2577, #75 ) ;
#2435 = ORIENTED_EDGE ( 'NONE', *, *, #114, .F. ) ;
#2436 = CARTESIAN_POINT ( 'NONE',  ( -9.395089659820138550, -4.499999999999999112, -18.78584671954303786 ) ) ;
#2437 = AXIS2_PLACEMENT_3D ( 'NONE', #643, #879, #454 ) ;
#2438 = CARTESIAN_POINT ( 'NONE',  ( -10.36448652708683227, -16.99999999999999645, 13.16504767789132302 ) ) ;
#2439 = CIRCLE ( 'NONE', #1601, 19.49999978534759748 ) ;
#2440 = CARTESIAN_POINT ( 'NONE',  ( -0.2716380063857779525, -17.00000000000000000, -19.63166736344916430 ) ) ;
#2441 = CARTESIAN_POINT ( 'NONE',  ( -0.003196238861989383201, -11.90084534375105285, 0.02243745806999658532 ) ) ;
#2442 = ORIENTED_EDGE ( 'NONE', *, *, #1312, .T. ) ;
#2443 = ORIENTED_EDGE ( 'NONE', *, *, #1557, .F. ) ;
#2444 = DIRECTION ( 'NONE',  ( 0.000000000000000000, -1.000000000000000000, 0.000000000000000000 ) ) ;
#2445 = LINE ( 'NONE', #548, #2651 ) ;
#2446 = CARTESIAN_POINT ( 'NONE',  ( -0.04299410458843247462, -4.499999999999999112, 17.51676631648195936 ) ) ;
#2447 = VERTEX_POINT ( 'NONE', #2316 ) ;
#2448 = DIRECTION ( 'NONE',  ( 0.000000000000000000, 0.000000000000000000, -1.000000000000000000 ) ) ;
#2449 = ADVANCED_FACE ( 'NONE', ( #2105 ), #202, .T. ) ;
#2450 = CARTESIAN_POINT ( 'NONE',  ( -16.31714034138747493, -7.499999999999998224, 6.451217477220977159 ) ) ;
#2451 = EDGE_CURVE ( 'NONE', #1381, #1337, #620, .T. ) ;
#2452 = CARTESIAN_POINT ( 'NONE',  ( 16.49010131660362788, 14.43325734948383854, 0.07192459348649271611 ) ) ;
#2453 = VERTEX_POINT ( 'NONE', #683 ) ;
#2454 = DIRECTION ( 'NONE',  ( 0.000000000000000000, 1.000000000000000000, -0.000000000000000000 ) ) ;
#2455 = CARTESIAN_POINT ( 'NONE',  ( -0.04299341723065352311, 14.43325734948383854, 0.01676718069505006570 ) ) ;
#2456 = CARTESIAN_POINT ( 'NONE',  ( 12.12054875025017431, -4.518974075965727977, 12.59993145748158305 ) ) ;
#2457 = CARTESIAN_POINT ( 'NONE',  ( -4.566662716567542191, -5.000000000000000888, -16.88845035498013658 ) ) ;
#2458 = ORIENTED_EDGE ( 'NONE', *, *, #2613, .T. ) ;
#2459 = CYLINDRICAL_SURFACE ( 'NONE', #2688, 2.299999888938520698 ) ;
#2460 = CARTESIAN_POINT ( 'NONE',  ( 0.000000000000000000, -4.499999999999999112, 0.000000000000000000 ) ) ;
#2461 = EDGE_CURVE ( 'NONE', #425, #1529, #979, .T. ) ;
#2462 = B_SPLINE_CURVE_WITH_KNOTS ( 'NONE', 3,
 ( #997, #2253, #1839, #756, #1011, #1234, #1217, #2457 ),
 .UNSPECIFIED., .F., .F.,
 ( 4, 2, 2, 4 ),
 ( -0.002783938658541984957, -0.0002519475311918810412, 0.002280043596158222875, 0.007344025850858431140 ),
 .UNSPECIFIED. ) ;
#2463 = CARTESIAN_POINT ( 'NONE',  ( 3.575303663289341571, -11.34521000540600255, -14.73681998704699225 ) ) ;
#2464 = EDGE_CURVE ( 'NONE', #891, #2537, #1532, .T. ) ;
#2465 = EDGE_LOOP ( 'NONE', ( #457, #356 ) ) ;
#2466 = CARTESIAN_POINT ( 'NONE',  ( 11.83261583699583319, -4.499999999999999112, 12.87055491079009606 ) ) ;
#2467 = CARTESIAN_POINT ( 'NONE',  ( 12.52970064863955812, -4.652180052186510650, 12.19092864700550827 ) ) ;
#2468 = AXIS2_PLACEMENT_3D ( 'NONE', #2121, #883, #1257 ) ;
#2469 = CARTESIAN_POINT ( 'NONE',  ( -5.610433821099181984, -6.716618167279589713, -16.57404611577238640 ) ) ;
#2470 = AXIS2_PLACEMENT_3D ( 'NONE', #657, #686, #1983 ) ;
#2471 = VERTEX_POINT ( 'NONE', #2578 ) ;
#2472 = DIRECTION ( 'NONE',  ( -0.3128612903717789551, 0.000000000000000000, -0.9497988276403088737 ) ) ;
#2473 = DIRECTION ( 'NONE',  ( -0.7768189144686035164, 0.000000000000000000, -0.6297240460104889248 ) ) ;
#2474 = AXIS2_PLACEMENT_3D ( 'NONE', #1791, #1802, #1747 ) ;
#2475 = CIRCLE ( 'NONE', #2216, 20.99999984790673579 ) ;
#2476 = CARTESIAN_POINT ( 'NONE',  ( -7.214699817998836195, -4.499999999999999112, 19.75420928734260073 ) ) ;
#2477 = CONICAL_SURFACE ( 'NONE', #183, 17.49999978534759038, 0.3490658503988774974 ) ;
#2478 = ORIENTED_EDGE ( 'NONE', *, *, #1496, .F. ) ;
#2479 = ADVANCED_FACE ( 'NONE', ( #65 ), #2432, .T. ) ;
#2480 = CIRCLE ( 'NONE', #2302, 1.949999999999999067 ) ;
#2481 = DIRECTION ( 'NONE',  ( 0.000000000000000000, -1.000000000000000000, 0.000000000000000000 ) ) ;
#2482 = CARTESIAN_POINT ( 'NONE',  ( 11.83261583699583319, -4.499999999999999112, 12.87055491079009606 ) ) ;
#2483 = VERTEX_POINT ( 'NONE', #1385 ) ;
#2484 = CARTESIAN_POINT ( 'NONE',  ( -0.2716380063857779525, -5.395462559700928473, -16.68166736344916501 ) ) ;
#2485 = CARTESIAN_POINT ( 'NONE',  ( -11.25202815940928147, -13.71861825849956773, 8.941027206836286823 ) ) ;
#2486 = FACE_OUTER_BOUND ( 'NONE', #193, .T. ) ;
#2487 = DIRECTION ( 'NONE',  ( 0.000000000000000000, 0.000000000000000000, -1.000000000000000000 ) ) ;
#2488 = EDGE_LOOP ( 'NONE', ( #2364, #2068, #1995, #2531, #234 ) ) ;
#2489 = EDGE_CURVE ( 'NONE', #1339, #1931, #1824, .T. ) ;
#2490 = PLANE ( 'NONE',  #1004 ) ;
#2491 = ORIENTED_EDGE ( 'NONE', *, *, #977, .T. ) ;
#2492 = CARTESIAN_POINT ( 'NONE',  ( -6.183959805856154901, -10.55139462249098514, 14.22601966002955187 ) ) ;
#2493 = EDGE_CURVE ( 'NONE', #2345, #807, #711, .T. ) ;
#2494 = ORIENTED_EDGE ( 'NONE', *, *, #812, .T. ) ;
#2495 = DIRECTION ( 'NONE',  ( 0.000000000000000000, 0.000000000000000000, -1.000000000000000000 ) ) ;
#2496 = DIRECTION ( 'NONE',  ( 0.6297240460104890358, 0.000000000000000000, -0.7768189144686036274 ) ) ;
#2497 = CARTESIAN_POINT ( 'NONE',  ( -2.483515832578232274, -4.499999999999999112, -17.31222039680566738 ) ) ;
#2498 = CARTESIAN_POINT ( 'NONE',  ( -6.124509576047466375, -5.215269555512281663, 16.42672762818483534 ) ) ;
#2499 = ORIENTED_EDGE ( 'NONE', *, *, #1829, .T. ) ;
#2500 = CARTESIAN_POINT ( 'NONE',  ( 13.08606436772416792, -14.49892155510438485, 4.999192027114117032 ) ) ;
#2501 = ORIENTED_EDGE ( 'NONE', *, *, #363, .F. ) ;
#2502 = CARTESIAN_POINT ( 'NONE',  ( 15.19424041086416466, -4.594427294316881571, 14.46888125134173286 ) ) ;
#2503 = ORIENTED_EDGE ( 'NONE', *, *, #648, .T. ) ;
#2504 = CIRCLE ( 'NONE', #697, 4.300000010385215177 ) ;
#2505 = CARTESIAN_POINT ( 'NONE',  ( 20.74712601268366541, -17.00000000000000000, 2.978342386895646676 ) ) ;
#2506 = CARTESIAN_POINT ( 'NONE',  ( 15.06068978903816458, -11.55829323726190161, 0.5613644008890926740 ) ) ;
#2507 = DIRECTION ( 'NONE',  ( 0.000000000000000000, 0.000000000000000000, -1.000000000000000000 ) ) ;
#2508 = EDGE_CURVE ( 'NONE', #463, #1919, #2612, .T. ) ;
#2509 = AXIS2_PLACEMENT_3D ( 'NONE', #1175, #126, #592 ) ;
#2510 = CYLINDRICAL_SURFACE ( 'NONE', #1770, 1.950000000000000400 ) ;
#2511 = AXIS2_PLACEMENT_3D ( 'NONE', #2650, #1610, #2448 ) ;
#2512 = DIRECTION ( 'NONE',  ( 0.000000000000000000, -1.000000000000000000, 0.000000000000000000 ) ) ;
#2513 = ORIENTED_EDGE ( 'NONE', *, *, #1353, .F. ) ;
#2514 = VECTOR ( 'NONE', #2021, 1000.000000000000000 ) ;
#2515 = AXIS2_PLACEMENT_3D ( 'NONE', #2260, #1477, #1718 ) ;
#2516 = CARTESIAN_POINT ( 'NONE',  ( -0.04299410458842448102, -11.90084534375105285, 0.01676821137269898093 ) ) ;
#2517 = EDGE_LOOP ( 'NONE', ( #2274, #1788, #1133, #490 ) ) ;
#2518 = AXIS2_PLACEMENT_3D ( 'NONE', #1169, #536, #1546 ) ;
#2519 = ORIENTED_EDGE ( 'NONE', *, *, #267, .T. ) ;
#2520 = CARTESIAN_POINT ( 'NONE',  ( 16.49010131660362788, -5.395462559700928473, 4.321924572193066361 ) ) ;
#2521 = DIRECTION ( 'NONE',  ( 0.000000000000000000, -1.000000000000000000, 0.000000000000000000 ) ) ;
#2522 = CARTESIAN_POINT ( 'NONE',  ( 16.49010131660362788, -11.90084534375105285, 2.371924572193067959 ) ) ;
#2523 = EDGE_CURVE ( 'NONE', #1659, #1697, #1651, .T. ) ;
#2524 = DIRECTION ( 'NONE',  ( 0.000000000000000000, -1.000000000000000000, 0.000000000000000000 ) ) ;
#2525 = CARTESIAN_POINT ( 'NONE',  ( 13.86032244578427886, -17.00000000000000000, 10.64445559210821735 ) ) ;
#2526 = EDGE_CURVE ( 'NONE', #1376, #666, #1785, .T. ) ;
#2527 = DIRECTION ( 'NONE',  ( -0.000000000000000000, 1.000000000000000000, -0.000000000000000000 ) ) ;
#2528 = VERTEX_POINT ( 'NONE', #1324 ) ;
#2529 = CARTESIAN_POINT ( 'NONE',  ( -11.81309366590365961, -6.471033928122868595, 17.40998166145457304 ) ) ;
#2530 = CARTESIAN_POINT ( 'NONE',  ( 15.32500780219836933, -4.651563300974514092, 14.32961844003869700 ) ) ;
#2531 = ORIENTED_EDGE ( 'NONE', *, *, #1842, .F. ) ;
#2532 = LINE ( 'NONE', #2728, #1778 ) ;
#2533 = DIRECTION ( 'NONE',  ( -0.000000000000000000, -1.000000000000000000, -0.000000000000000000 ) ) ;
#2534 = DIRECTION ( 'NONE',  ( -0.000000000000000000, -1.000000000000000000, -0.000000000000000000 ) ) ;
#2535 = CARTESIAN_POINT ( 'NONE',  ( -2.569655304872795476, -7.314587974000290593, -16.44807763184379112 ) ) ;
#2536 = CARTESIAN_POINT ( 'NONE',  ( -0.2716380063857779525, -11.90084534375105285, -16.68166736344916501 ) ) ;
#2537 = VERTEX_POINT ( 'NONE', #2022 ) ;
#2538 = ADVANCED_FACE ( 'NONE', ( #299 ), #2130, .F. ) ;
#2539 = CARTESIAN_POINT ( 'NONE',  ( -10.36448652708683227, -4.499999999999999112, 13.16504767789132302 ) ) ;
#2540 = ORIENTED_EDGE ( 'NONE', *, *, #2129, .T. ) ;
#2541 = CARTESIAN_POINT ( 'NONE',  ( 14.92730846036990933, -4.519109761114692425, 14.74520761193319096 ) ) ;
#2542 = ORIENTED_EDGE ( 'NONE', *, *, #1055, .F. ) ;
#2543 = DIRECTION ( 'NONE',  ( 0.000000000000000000, -1.000000000000000000, 0.000000000000000000 ) ) ;
#2544 = LINE ( 'NONE', #1488, #531 ) ;
#2545 = DIRECTION ( 'NONE',  ( 0.000000000000000000, -1.000000000000000000, 0.000000000000000000 ) ) ;
#2546 = CIRCLE ( 'NONE', #1494, 4.300000010385215177 ) ;
#2547 = ORIENTED_EDGE ( 'NONE', *, *, #2493, .T. ) ;
#2548 = CARTESIAN_POINT ( 'NONE',  ( -19.92490266364185914, -5.236297304224963867, 6.779087554017935169 ) ) ;
#2549 = DIRECTION ( 'NONE',  ( 0.000000000000000000, 0.000000000000000000, 1.000000000000000000 ) ) ;
#2550 = VECTOR ( 'NONE', #1241, 1000.000000000000000 ) ;
#2551 = CIRCLE ( 'NONE', #746, 17.49999978534759038 ) ;
#2552 = CARTESIAN_POINT ( 'NONE',  ( -8.020787242019652652, -4.894696338117004331, -19.40955154538486838 ) ) ;
#2553 = ORIENTED_EDGE ( 'NONE', *, *, #2433, .F. ) ;
#2554 = VECTOR ( 'NONE', #2635, 1000.000000000000114 ) ;
#2555 = CARTESIAN_POINT ( 'NONE',  ( -12.01035563106795401, -6.645825503351330710, 17.27468907789981145 ) ) ;
#2556 = EDGE_CURVE ( 'NONE', #2628, #1395, #1564, .T. ) ;
#2557 = CIRCLE ( 'NONE', #970, 20.99999984790673579 ) ;
#2558 = ORIENTED_EDGE ( 'NONE', *, *, #2461, .T. ) ;
#2559 = B_SPLINE_CURVE_WITH_KNOTS ( 'NONE', 3,
 ( #2700, #1180, #2058, #328 ),
 .UNSPECIFIED., .F., .F.,
 ( 4, 4 ),
 ( 0.000000000000000000, 0.003004253736974756527 ),
 .UNSPECIFIED. ) ;
#2560 = ORIENTED_EDGE ( 'NONE', *, *, #47, .F. ) ;
#2561 = ADVANCED_FACE ( 'NONE', ( #1758 ), #2622, .F. ) ;
#2562 = CYLINDRICAL_SURFACE ( 'NONE', #611, 22.80000001305370461 ) ;
#2563 = CARTESIAN_POINT ( 'NONE',  ( -8.286412681473507291, -4.499999999999999112, -15.42007368634322440 ) ) ;
#2564 = AXIS2_PLACEMENT_3D ( 'NONE', #1074, #219, #2379 ) ;
#2565 = DIRECTION ( 'NONE',  ( 0.000000000000000000, -1.000000000000000000, -0.000000000000000000 ) ) ;
#2566 = CIRCLE ( 'NONE', #1384, 2.299999978706575465 ) ;
#2567 = ORIENTED_EDGE ( 'NONE', *, *, #1463, .F. ) ;
#2568 = CARTESIAN_POINT ( 'NONE',  ( -0.2716380063857779525, -7.500000000000000000, -16.68166736344916501 ) ) ;
#2569 = CARTESIAN_POINT ( 'NONE',  ( -2.329703747514316969, -9.636954474394471504, -15.62959220932535054 ) ) ;
#2570 = CARTESIAN_POINT ( 'NONE',  ( 1.425398243350751493, -11.34760387482765331, -15.10311398347914391 ) ) ;
#2571 = VERTEX_POINT ( 'NONE', #276 ) ;
#2572 = CARTESIAN_POINT ( 'NONE',  ( -10.34916758024696648, -16.00000000000000711, 13.15726964327363291 ) ) ;
#2573 = VERTEX_POINT ( 'NONE', #2632 ) ;
#2574 = ADVANCED_FACE ( 'NONE', ( #728 ), #1979, .T. ) ;
#2575 = VERTEX_POINT ( 'NONE', #2211 ) ;
#2576 = DIRECTION ( 'NONE',  ( 0.000000000000000000, 1.000000000000000000, 0.000000000000000000 ) ) ;
#2577 = DIRECTION ( 'NONE',  ( -0.000000000000000000, -1.000000000000000000, -0.000000000000000000 ) ) ;
#2578 = CARTESIAN_POINT ( 'NONE',  ( 20.63689886706185561, -4.499999999999999112, -3.635909744813410338 ) ) ;
#2579 = EDGE_CURVE ( 'NONE', #1394, #1512, #608, .T. ) ;
#2580 = ORIENTED_EDGE ( 'NONE', *, *, #1338, .F. ) ;
#2581 = DIRECTION ( 'NONE',  ( 0.000000000000000000, -1.000000000000000000, -0.000000000000000000 ) ) ;
#2582 = CARTESIAN_POINT ( 'NONE',  ( -0.04299410458842448102, -5.000000000000000888, 0.01676821137269898093 ) ) ;
#2583 = DIRECTION ( 'NONE',  ( 0.000000000000000000, 1.000000000000000000, 0.000000000000000000 ) ) ;
#2584 = ORIENTED_EDGE ( 'NONE', *, *, #1189, .F. ) ;
#2585 = DIRECTION ( 'NONE',  ( 0.000000000000000000, -1.000000000000000000, 0.000000000000000000 ) ) ;
#2586 = EDGE_LOOP ( 'NONE', ( #2399, #2540, #1037, #1430, #1433, #583, #1968, #2542, #2442, #49, #1710, #1752, #2503, #2713, #2031, #896, #1064, #1493, #2166, #1617, #1879, #290, #387 ) ) ;
#2587 = ORIENTED_EDGE ( 'NONE', *, *, #2279, .F. ) ;
#2588 = DIRECTION ( 'NONE',  ( 0.000000000000000000, 0.000000000000000000, 1.000000000000000000 ) ) ;
#2589 = LINE ( 'NONE', #507, #1597 ) ;
#2590 = DIRECTION ( 'NONE',  ( -0.000000000000000000, -1.000000000000000000, -0.000000000000000000 ) ) ;
#2591 = VERTEX_POINT ( 'NONE', #1197 ) ;
#2592 = DIRECTION ( 'NONE',  ( -0.7768189144686035164, 0.000000000000000000, -0.6297240460104889248 ) ) ;
#2593 = EDGE_CURVE ( 'NONE', #587, #1800, #715, .T. ) ;
#2594 = FACE_BOUND ( 'NONE', #2081, .T. ) ;
#2595 = EDGE_CURVE ( 'NONE', #362, #2148, #588, .T. ) ;
#2596 = CARTESIAN_POINT ( 'NONE',  ( -16.31714034138747849, -7.499999999999999112, 6.451217477220978047 ) ) ;
#2597 = ORIENTED_EDGE ( 'NONE', *, *, #2218, .T. ) ;
#2598 = CIRCLE ( 'NONE', #479, 2.800000010385208515 ) ;
#2599 = CARTESIAN_POINT ( 'NONE',  ( -0.2716380063856758120, -7.456146828265329596, -20.98198790773657407 ) ) ;
#2600 = VERTEX_POINT ( 'NONE', #2446 ) ;
#2601 = AXIS2_PLACEMENT_3D ( 'NONE', #343, #1183, #2662 ) ;
#2602 = AXIS2_PLACEMENT_3D ( 'NONE', #2644, #2020, #739 ) ;
#2603 = ORIENTED_EDGE ( 'NONE', *, *, #2508, .T. ) ;
#2604 = FACE_OUTER_BOUND ( 'NONE', #2122, .T. ) ;
#2605 = CARTESIAN_POINT ( 'NONE',  ( 13.61534925870008728, -5.994089792306811049, 10.95804855469160977 ) ) ;
#2606 = DIRECTION ( 'NONE',  ( 0.000000000000000000, -1.000000000000000000, 0.000000000000000000 ) ) ;
#2607 = CIRCLE ( 'NONE', #930, 2.299999888938520698 ) ;
#2608 = ORIENTED_EDGE ( 'NONE', *, *, #1224, .F. ) ;
#2609 = AXIS2_PLACEMENT_3D ( 'NONE', #2244, #393, #816 ) ;
#2610 = CARTESIAN_POINT ( 'NONE',  ( -19.57916665172075454, -7.105257721549428140, 7.719976727283077267 ) ) ;
#2611 = FACE_OUTER_BOUND ( 'NONE', #1851, .T. ) ;
#2612 = CIRCLE ( 'NONE', #228, 2.299999888938520698 ) ;
#2613 = EDGE_CURVE ( 'NONE', #1436, #2303, #2462, .T. ) ;
#2614 = CARTESIAN_POINT ( 'NONE',  ( -0.04299341721756234219, -7.286066123503335490, -20.98323266721168778 ) ) ;
#2615 = ORIENTED_EDGE ( 'NONE', *, *, #1624, .T. ) ;
#2616 = EDGE_CURVE ( 'NONE', #1849, #945, #2051, .T. ) ;
#2617 = DIRECTION ( 'NONE',  ( 0.000000000000000000, -1.000000000000000000, 0.000000000000000000 ) ) ;
#2618 = ORIENTED_EDGE ( 'NONE', *, *, #1721, .F. ) ;
#2619 = ORIENTED_EDGE ( 'NONE', *, *, #2279, .T. ) ;
#2620 = CYLINDRICAL_SURFACE ( 'NONE', #1284, 20.99999984790673579 ) ;
#2621 = CARTESIAN_POINT ( 'NONE',  ( 17.18050368477717882, -5.090959682697421052, -3.086472080288046538 ) ) ;
#2622 = CYLINDRICAL_SURFACE ( 'NONE', #1155, 1.949999999999999067 ) ;
#2623 = VERTEX_POINT ( 'NONE', #149 ) ;
#2624 = CARTESIAN_POINT ( 'NONE',  ( -0.2716380063857779525, -11.90084534375105285, -16.68166736344916501 ) ) ;
#2625 = CARTESIAN_POINT ( 'NONE',  ( -0.04299410458842234384, -3.000000000000000000, -17.48323157397489425 ) ) ;
#2626 = VERTEX_POINT ( 'NONE', #2278 ) ;
#2627 = DIRECTION ( 'NONE',  ( 0.000000000000000000, -1.000000000000000000, -0.000000000000000000 ) ) ;
#2628 = VERTEX_POINT ( 'NONE', #2671 ) ;
#2629 = EDGE_CURVE ( 'NONE', #1647, #2320, #2480, .T. ) ;
#2630 = DIRECTION ( 'NONE',  ( 0.000000000000000000, 0.000000000000000000, -1.000000000000000000 ) ) ;
#2631 = CARTESIAN_POINT ( 'NONE',  ( -0.2716380063857779525, -11.90084534375105285, -16.68166736344916501 ) ) ;
#2632 = CARTESIAN_POINT ( 'NONE',  ( -9.023484453182142317, -5.000000000000000888, 15.03678104711890740 ) ) ;
#2633 = APPLICATION_CONTEXT ( 'automotive_design' ) ;
#2634 = ORIENTED_EDGE ( 'NONE', *, *, #1221, .T. ) ;
#2635 = DIRECTION ( 'NONE',  ( -0.9299512230877768904, -0.000000000000000000, 0.3676829105051631075 ) ) ;
#2636 = CARTESIAN_POINT ( 'NONE',  ( -17.00420367932374077, -4.595163254673623854, 4.330136016183595338 ) ) ;
#2637 = DIRECTION ( 'NONE',  ( 0.000000000000000000, -1.000000000000000000, -0.000000000000000000 ) ) ;
#2638 = CIRCLE ( 'NONE', #2252, 2.300000140408032578 ) ;
#2639 = DIRECTION ( 'NONE',  ( -0.000000000000000000, -1.000000000000000000, -0.000000000000000000 ) ) ;
#2640 = ORIENTED_EDGE ( 'NONE', *, *, #1797, .F. ) ;
#2641 = CIRCLE ( 'NONE', #1451, 17.49999934477292030 ) ;
#2642 = EDGE_CURVE ( 'NONE', #2345, #2626, #566, .T. ) ;
#2643 = VERTEX_POINT ( 'NONE', #2659 ) ;
#2644 = CARTESIAN_POINT ( 'NONE',  ( 0.000000000000000000, 11.93006832105404413, 0.000000000000000000 ) ) ;
#2645 = LINE ( 'NONE', #755, #2043 ) ;
#2646 = CARTESIAN_POINT ( 'NONE',  ( -10.36448652708683227, -16.99999999999999645, 13.16504767789132302 ) ) ;
#2647 = CONICAL_SURFACE ( 'NONE', #89, 17.49999978534759038, 0.3490658503988774974 ) ;
#2648 = EDGE_CURVE ( 'NONE', #513, #1775, #2223, .T. ) ;
#2649 = ORIENTED_EDGE ( 'NONE', *, *, #2344, .F. ) ;
#2650 = CARTESIAN_POINT ( 'NONE',  ( 16.49010131660362788, 14.43325734948383854, 2.371924572193067959 ) ) ;
#2651 = VECTOR ( 'NONE', #2583, 1000.000000000000000 ) ;
#2652 = CARTESIAN_POINT ( 'NONE',  ( -17.13898259557843318, -4.499999997458671075, 3.760648282710717716 ) ) ;
#2653 = CIRCLE ( 'NONE', #1460, 22.80000001305370461 ) ;
#2654 = CARTESIAN_POINT ( 'NONE',  ( -9.217373423633276275, -4.499999999999999112, -18.87423971391651278 ) ) ;
#2655 = AXIS2_PLACEMENT_3D ( 'NONE', #2, #2312, #2112 ) ;
#2656 = ORIENTED_EDGE ( 'NONE', *, *, #502, .F. ) ;
#2657 = ORIENTED_EDGE ( 'NONE', *, *, #1312, .F. ) ;
#2658 = CARTESIAN_POINT ( 'NONE',  ( -0.2716380063857779525, 14.43325734948383854, -16.68166736344916501 ) ) ;
#2659 = CARTESIAN_POINT ( 'NONE',  ( 6.996911594255078803, -4.499999999999999112, -16.00477235338644988 ) ) ;
#2660 = EDGE_CURVE ( 'NONE', #281, #1078, #2566, .T. ) ;
#2661 = ORIENTED_EDGE ( 'NONE', *, *, #10, .T. ) ;
#2662 = DIRECTION ( 'NONE',  ( 0.000000000000000000, 0.000000000000000000, -1.000000000000000000 ) ) ;
#2663 = DIRECTION ( 'NONE',  ( 0.000000000000000000, 0.000000000000000000, -1.000000000000000000 ) ) ;
#2664 = EDGE_CURVE ( 'NONE', #841, #1394, #366, .T. ) ;
#2665 = ADVANCED_FACE ( 'NONE', ( #159 ), #2089, .F. ) ;
#2666 = CARTESIAN_POINT ( 'NONE',  ( -7.138918546247976060, -7.093642600183309277, 16.01357566803179822 ) ) ;
#2667 = ORIENTED_EDGE ( 'NONE', *, *, #1608, .T. ) ;
#2668 = DIRECTION ( 'NONE',  ( 0.000000000000000000, 0.000000000000000000, 1.000000000000000000 ) ) ;
#2669 = CARTESIAN_POINT ( 'NONE',  ( -12.49043114148933142, -4.499999999999999112, 12.31763277722541972 ) ) ;
#2670 = CARTESIAN_POINT ( 'NONE',  ( 12.77912410902865048, -4.800771715801559480, 11.92794448352999481 ) ) ;
#2671 = CARTESIAN_POINT ( 'NONE',  ( -0.2716380063857777305, -11.90084534375105285, -14.73166736344916394 ) ) ;
#2672 = VERTEX_POINT ( 'NONE', #801 ) ;
#2673 = CARTESIAN_POINT ( 'NONE',  ( -6.613080467453912981, -17.00000000000000000, -19.92900805529343700 ) ) ;
#2674 = DIRECTION ( 'NONE',  ( 0.000000000000000000, -1.000000000000000000, -0.000000000000000000 ) ) ;
#2675 = EDGE_CURVE ( 'NONE', #151, #802, #926, .T. ) ;
#2676 = CARTESIAN_POINT ( 'NONE',  ( -10.34916758024696648, -16.00000000000000711, 15.10726964327363397 ) ) ;
#2677 = ORIENTED_EDGE ( 'NONE', *, *, #1521, .F. ) ;
#2678 = CARTESIAN_POINT ( 'NONE',  ( 16.49010131660362788, -11.90084534375105285, 2.371924572193067959 ) ) ;
#2679 = DIRECTION ( 'NONE',  ( 0.3676829105051631075, 0.000000000000000000, 0.9299512230877767793 ) ) ;
#2680 = ORIENTED_EDGE ( 'NONE', *, *, #412, .T. ) ;
#2681 = AXIS2_PLACEMENT_3D ( 'NONE', #2084, #2709, #2098 ) ;
#2682 = DIRECTION ( 'NONE',  ( 0.000000000000000000, -1.000000000000000000, 0.000000000000000000 ) ) ;
#2683 = B_SPLINE_CURVE_WITH_KNOTS ( 'NONE', 3,
 ( #370, #794, #1438, #2257, #1211, #1653, #2485, #2075 ),
 .UNSPECIFIED., .F., .F.,
 ( 4, 2, 2, 4 ),
 ( 2.132260130072605022E-07, 0.005064526850131378238, 0.007596683662190563575, 0.01012884047424974891 ),
 .UNSPECIFIED. ) ;
#2684 = AXIS2_PLACEMENT_3D ( 'NONE', #955, #2691, #928 ) ;
#2685 = ORIENTED_EDGE ( 'NONE', *, *, #318, .T. ) ;
#2686 = CARTESIAN_POINT ( 'NONE',  ( -12.29652068204106108, -6.154619100217764149, 11.91508515093282305 ) ) ;
#2687 = CARTESIAN_POINT ( 'NONE',  ( 0.000000000000000000, -1.000000000000000000, 0.000000000000000000 ) ) ;
#2688 = AXIS2_PLACEMENT_3D ( 'NONE', #562, #1652, #2727 ) ;
#2689 =( GEOMETRIC_REPRESENTATION_CONTEXT ( 3 ) GLOBAL_UNCERTAINTY_ASSIGNED_CONTEXT ( ( #154 ) ) GLOBAL_UNIT_ASSIGNED_CONTEXT ( ( #30, #2325, #1025 ) ) REPRESENTATION_CONTEXT ( 'NONE', 'WORKASPACE' ) );
#2690 = COLOUR_RGB ( '',0.7921568627450980005, 0.8196078431372548767, 0.9333333333333333481 ) ;
#2691 = DIRECTION ( 'NONE',  ( 0.7944752572527638002, 0.000000000000000000, 0.6072965219834169925 ) ) ;
#2692 = CARTESIAN_POINT ( 'NONE',  ( -5.121421261009563075, -4.645719019232096514, 16.76475384954258629 ) ) ;
#2693 = ADVANCED_FACE ( 'NONE', ( #961 ), #1814, .F. ) ;
#2694 = VECTOR ( 'NONE', #1212, 1000.000000000000000 ) ;
#2695 = CONICAL_SURFACE ( 'NONE', #1509, 1.949999999999999067, 0.7853981633974523868 ) ;
#2696 = ORIENTED_EDGE ( 'NONE', *, *, #164, .T. ) ;
#2697 = EDGE_CURVE ( 'NONE', #16, #476, #1058, .T. ) ;
#2698 = VECTOR ( 'NONE', #1282, 1000.000000000000000 ) ;
#2699 = CARTESIAN_POINT ( 'NONE',  ( 13.86032244578427886, -7.499999999999998224, 10.64445559210821735 ) ) ;
#2700 = CARTESIAN_POINT ( 'NONE',  ( 14.35464360136220741, -11.90084534375105285, 4.182952329409434178 ) ) ;
#2701 = ORIENTED_EDGE ( 'NONE', *, *, #1277, .F. ) ;
#2702 = DIRECTION ( 'NONE',  ( 0.000000000000000000, 0.000000000000000000, -1.000000000000000000 ) ) ;
#2703 = ORIENTED_EDGE ( 'NONE', *, *, #2324, .T. ) ;
#2704 = DIRECTION ( 'NONE',  ( 0.000000000000000000, -1.000000000000000000, 0.000000000000000000 ) ) ;
#2705 = CARTESIAN_POINT ( 'NONE',  ( 21.33474159240831369, -2.999999999999999112, -7.909924030301072939 ) ) ;
#2706 = CYLINDRICAL_SURFACE ( 'NONE', #2428, 22.80000001305370461 ) ;
#2707 = CARTESIAN_POINT ( 'NONE',  ( -5.480599910676918540, -4.790747013536301502, 16.65160780834546728 ) ) ;
#2708 = ORIENTED_EDGE ( 'NONE', *, *, #1643, .F. ) ;
#2709 = DIRECTION ( 'NONE',  ( 0.000000000000000000, -1.000000000000000000, 0.000000000000000000 ) ) ;
#2710 = EDGE_CURVE ( 'NONE', #1209, #891, #1225, .T. ) ;
#2711 = EDGE_CURVE ( 'NONE', #2575, #841, #1108, .T. ) ;
#2712 = VERTEX_POINT ( 'NONE', #1485 ) ;
#2713 = ORIENTED_EDGE ( 'NONE', *, *, #688, .T. ) ;
#2714 = FACE_OUTER_BOUND ( 'NONE', #1182, .T. ) ;
#2715 = CARTESIAN_POINT ( 'NONE',  ( -0.04299341723065352311, -16.99999999999999645, 0.01676718069505006570 ) ) ;
#2716 = CARTESIAN_POINT ( 'NONE',  ( 16.49010131660362788, -16.00000000000000711, 4.321924572193066361 ) ) ;
#2717 = B_SPLINE_CURVE_WITH_KNOTS ( 'NONE', 3,
 ( #1883, #2732, #191, #2718 ),
 .UNSPECIFIED., .F., .F.,
 ( 4, 4 ),
 ( 0.000000000000000000, 0.003004253712870695765 ),
 .UNSPECIFIED. ) ;
#2718 = CARTESIAN_POINT ( 'NONE',  ( 2.850211324555109282, -14.49892155510437064, -13.72463221921824150 ) ) ;
#2719 = CARTESIAN_POINT ( 'NONE',  ( -7.138917530642729936, -7.500000000000003553, 16.01357449859128579 ) ) ;
#2720 = B_SPLINE_CURVE_WITH_KNOTS ( 'NONE', 3,
 ( #1870, #180, #2056, #361, #2692, #2707, #1465, #1665, #2498, #1031, #383, #604, #2273, #165, #2666, #2719 ),
 .UNSPECIFIED., .F., .F.,
 ( 4, 2, 2, 2, 2, 2, 2, 4 ),
 ( 0.000000000000000000, 0.0006002515697168705729, 0.001200503139433741146, 0.001800754709150612044, 0.002401006278867482292, 0.003001257848584352756, 0.003601509418301224088, 0.004802012557734968053 ),
 .UNSPECIFIED. ) ;
#2721 = EDGE_LOOP ( 'NONE', ( #1471, #1708, #1326, #1560, #781, #656, #1291, #2359 ) ) ;
#2722 = DIRECTION ( 'NONE',  ( 0.000000000000000000, -1.000000000000000000, 0.000000000000000000 ) ) ;
#2723 = LINE ( 'NONE', #2138, #1335 ) ;
#2724 = EDGE_CURVE ( 'NONE', #503, #384, #275, .T. ) ;
#2725 = EDGE_LOOP ( 'NONE', ( #432, #350, #2192, #1204 ) ) ;
#2726 = AXIS2_PLACEMENT_3D ( 'NONE', #2539, #1292, #678 ) ;
#2727 = DIRECTION ( 'NONE',  ( 0.000000000000000000, 0.000000000000000000, -1.000000000000000000 ) ) ;
#2728 = CARTESIAN_POINT ( 'NONE',  ( -16.31714034138747493, -4.499999999999999112, 6.451217477220977159 ) ) ;
#2729 = DIRECTION ( 'NONE',  ( 0.000000000000000000, -0.000000000000000000, -1.000000000000000000 ) ) ;
#2730 = EDGE_CURVE ( 'NONE', #2229, #2388, #2723, .T. ) ;
#2731 = VECTOR ( 'NONE', #1327, 1000.000000000000114 ) ;
#2732 = CARTESIAN_POINT ( 'NONE',  ( 2.195908203842293904, -12.76732461300129806, -14.48961008923392590 ) ) ;
#2733 = CARTESIAN_POINT ( 'NONE',  ( 16.49010131660362788, -7.343345726311700794, -1.928075640484125275 ) ) ;
#2734 = VECTOR ( 'NONE', #974, 1000.000000000000000 ) ;
#2735 = ORIENTED_EDGE ( 'NONE', *, *, #1689, .F. ) ;
#2736 = CIRCLE ( 'NONE', #141, 4.300000010385215177 ) ;
#2737 = CARTESIAN_POINT ( 'NONE',  ( -12.38593757314940369, -7.021124161702272382, 17.00684788253806090 ) ) ;
ENDSEC;
END-ISO-10303-21;
