ISO-10303-21;
HEADER;
FILE_DESCRIPTION (( 'STEP AP214' ),
    '1' );
FILE_NAME ('πÏº£«Ú÷ßº‹£®∏÷÷È£©.STEP',
    '2026-09-28T12:22:47',
    ( '' ),
    ( '' ),
    'SwSTEP 2.0',
    'SolidWorks 2026',
    '' );
FILE_SCHEMA (( 'AUTOMOTIVE_DESIGN' ));
ENDSEC;

DATA;
#1 = CARTESIAN_POINT ( 'NONE',  ( 1.984389346229523454, -13.96433762461817985, 15.14650040383175877 ) ) ;
#2 = ORIENTED_EDGE ( 'NONE', *, *, #61, .T. ) ;
#3 = VECTOR ( 'NONE', #3731, 1000.000000000000000 ) ;
#4 = CARTESIAN_POINT ( 'NONE',  ( -17.29828177919056742, -14.54024391174315056, -5.100863404636614362 ) ) ;
#5 = DIRECTION ( 'NONE',  ( 0.000000000000000000, 0.000000000000000000, -1.000000000000000000 ) ) ;
#6 = DIRECTION ( 'NONE',  ( -0.5249248720733417084, -0.8511485643991805183, 0.000000000000000000 ) ) ;
#7 = DIRECTION ( 'NONE',  ( 0.000000000000000000, -1.000000000000000000, -0.000000000000000000 ) ) ;
#8 = B_SPLINE_CURVE_WITH_KNOTS ( 'NONE', 3,
 ( #1212, #96, #3645, #2201, #473, #1881 ),
 .UNSPECIFIED., .F., .F.,
 ( 4, 2, 4 ),
 ( 0.009233330927542179878, 0.01064757017465049749, 0.01206180942175881510 ),
 .UNSPECIFIED. ) ;
#9 =( BOUNDED_CURVE ( )  B_SPLINE_CURVE ( 3, ( #1149, #2562, #3976, #806 ),
 .UNSPECIFIED., .F., .F. ) 
 B_SPLINE_CURVE_WITH_KNOTS ( ( 4, 4 ),
 ( 4.532882159585467363, 4.649739656345062144 ),
 .UNSPECIFIED. ) 
 CURVE ( )  GEOMETRIC_REPRESENTATION_ITEM ( )  RATIONAL_B_SPLINE_CURVE ( ( 1.000000000000000000, 0.9988623508296525788, 0.9988623508296525788, 1.000000000000000000 ) ) 
 REPRESENTATION_ITEM ( '' )  );
#10 = ORIENTED_EDGE ( 'NONE', *, *, #983, .F. ) ;
#11 = ORIENTED_EDGE ( 'NONE', *, *, #340, .T. ) ;
#12 = CARTESIAN_POINT ( 'NONE',  ( 10.59435114265487599, -19.74024391174314985, 6.571359617794056973 ) ) ;
#13 = DIRECTION ( 'NONE',  ( 0.000000000000000000, -1.000000000000000000, 0.000000000000000000 ) ) ;
#14 = DIRECTION ( 'NONE',  ( 0.000000000000000000, -1.000000000000000000, 0.000000000000000000 ) ) ;
#15 = ORIENTED_EDGE ( 'NONE', *, *, #2527, .T. ) ;
#16 = B_SPLINE_CURVE_WITH_KNOTS ( 'NONE', 3,
 ( #3857, #1444, #3879, #2810, #3547, #1742, #2441, #726, #330, #4227, #1100, #3571, #1053, #682 ),
 .UNSPECIFIED., .F., .F.,
 ( 4, 2, 2, 2, 2, 2, 4 ),
 ( 4.336808689942017736E-19, 0.001197606960103819078, 0.001796410440155727425, 0.002395213920207635988, 0.002994017400259544985, 0.003592820880311457018, 0.004790427840415280650 ),
 .UNSPECIFIED. ) ;
#17 = ORIENTED_EDGE ( 'NONE', *, *, #3265, .F. ) ;
#18 = ORIENTED_EDGE ( 'NONE', *, *, #1154, .F. ) ;
#19 = ADVANCED_FACE ( 'NONE', ( #3193 ), #185, .F. ) ;
#20 = EDGE_CURVE ( 'NONE', #2914, #3459, #1660, .T. ) ;
#21 = DIRECTION ( 'NONE',  ( 0.000000000000000000, 0.000000000000000000, 1.000000000000000000 ) ) ;
#22 = CARTESIAN_POINT ( 'NONE',  ( -15.14601912960111463, -19.74024467468260369, -1.641129676397353077 ) ) ;
#23 = ORIENTED_EDGE ( 'NONE', *, *, #3179, .F. ) ;
#24 = ADVANCED_FACE ( 'NONE', ( #3916 ), #4399, .F. ) ;
#25 = CARTESIAN_POINT ( 'NONE',  ( 7.298382766259764232, -19.74024391174314985, 11.83227017786017043 ) ) ;
#26 = AXIS2_PLACEMENT_3D ( 'NONE', #167, #547, #1952 ) ;
#27 = DIRECTION ( 'NONE',  ( 0.000000000000000000, -0.7071067811865452413, -0.7071067811865497932 ) ) ;
#28 = VECTOR ( 'NONE', #288, 1000.000000000000000 ) ;
#29 = CARTESIAN_POINT ( 'NONE',  ( 3.008341851996972682, -12.06844572128773052, 16.43119665463761692 ) ) ;
#30 = VECTOR ( 'NONE', #1693, 1000.000000000000000 ) ;
#31 = EDGE_LOOP ( 'NONE', ( #3219, #1739, #2290, #3391, #2602 ) ) ;
#32 = VECTOR ( 'NONE', #1592, 1000.000000000000000 ) ;
#33 = DIRECTION ( 'NONE',  ( 0.000000000000000000, 0.000000000000000000, -1.000000000000000000 ) ) ;
#34 = EDGE_CURVE ( 'NONE', #1343, #2826, #2250, .T. ) ;
#35 = AXIS2_PLACEMENT_3D ( 'NONE', #3670, #4312, #2269 ) ;
#36 = DIRECTION ( 'NONE',  ( 0.2624624360366668019, -0.8511485643991802963, 0.4545982742938129983 ) ) ;
#37 = CARTESIAN_POINT ( 'NONE',  ( -7.368758282292265704, -18.24024391174314985, -16.96913001305625812 ) ) ;
#38 = CARTESIAN_POINT ( 'NONE',  ( -2.498950959628654989, -9.840997998522679424, 21.88174357154164795 ) ) ;
#39 = VERTEX_POINT ( 'NONE', #1916 ) ;
#40 = DIRECTION ( 'NONE',  ( -0.000000000000000000, -1.000000000000000000, -0.000000000000000000 ) ) ;
#41 = DIRECTION ( 'NONE',  ( 0.000000000000000000, 0.000000000000000000, 1.000000000000000000 ) ) ;
#42 = ORIENTED_EDGE ( 'NONE', *, *, #2710, .T. ) ;
#43 = CIRCLE ( 'NONE', #2182, 2.950000000000015277 ) ;
#44 = VERTEX_POINT ( 'NONE', #3687 ) ;
#45 = VERTEX_POINT ( 'NONE', #225 ) ;
#46 = AXIS2_PLACEMENT_3D ( 'NONE', #2448, #4528, #2773 ) ;
#47 = EDGE_CURVE ( 'NONE', #1402, #1889, #4438, .T. ) ;
#48 = CARTESIAN_POINT ( 'NONE',  ( 19.87532563168632649, -11.67167442568952751, -10.17746098327681281 ) ) ;
#49 = DIRECTION ( 'NONE',  ( -0.000000000000000000, -1.000000000000000000, -0.000000000000000000 ) ) ;
#50 = ORIENTED_EDGE ( 'NONE', *, *, #1334, .F. ) ;
#51 = CARTESIAN_POINT ( 'NONE',  ( 7.298382766259764232, -20.04024391174315411, 11.83227017786017043 ) ) ;
#52 = DIRECTION ( 'NONE',  ( -0.6234762387187182675, 0.000000000000000000, -0.7818422985187997165 ) ) ;
#53 = CARTESIAN_POINT ( 'NONE',  ( -12.19795202126762135, -11.74024391174314985, -13.28379939896303519 ) ) ;
#54 = ORIENTED_EDGE ( 'NONE', *, *, #4464, .T. ) ;
#55 = DIRECTION ( 'NONE',  ( 0.000000000000000000, 1.000000000000000000, 0.000000000000000000 ) ) ;
#56 = DIRECTION ( 'NONE',  ( -0.000000000000000000, -1.000000000000000000, -0.000000000000000000 ) ) ;
#57 = CARTESIAN_POINT ( 'NONE',  ( -16.59832810088351351, -13.41582196899924284, -11.19571404758680089 ) ) ;
#58 = CARTESIAN_POINT ( 'NONE',  ( -5.566096497573605362, -14.54024391174315056, 14.18145891947581028 ) ) ;
#59 = AXIS2_PLACEMENT_3D ( 'NONE', #732, #2494, #2185 ) ;
#60 = EDGE_CURVE ( 'NONE', #2481, #997, #3590, .T. ) ;
#61 = EDGE_CURVE ( 'NONE', #3213, #4407, #2283, .T. ) ;
#62 = ORIENTED_EDGE ( 'NONE', *, *, #792, .T. ) ;
#63 = DIRECTION ( 'NONE',  ( 0.000000000000000000, 0.000000000000000000, 1.000000000000000000 ) ) ;
#64 = DIRECTION ( 'NONE',  ( -0.000000000000000000, -1.000000000000000000, 0.000000000000000000 ) ) ;
#65 = ORIENTED_EDGE ( 'NONE', *, *, #83, .T. ) ;
#66 = ORIENTED_EDGE ( 'NONE', *, *, #728, .T. ) ;
#67 =( NAMED_UNIT ( * ) SI_UNIT ( $, .STERADIAN. ) SOLID_ANGLE_UNIT ( ) );
#68 = CARTESIAN_POINT ( 'NONE',  ( -4.292950528196587179, -13.77253646916773633, 21.91203207873081737 ) ) ;
#69 = DIRECTION ( 'NONE',  ( 0.000000000000000000, 0.000000000000000000, 1.000000000000000000 ) ) ;
#70 = ORIENTED_EDGE ( 'NONE', *, *, #2995, .T. ) ;
#71 = CARTESIAN_POINT ( 'NONE',  ( 1.104265905701558914, -15.78946372063716552, 22.30134805018768418 ) ) ;
#72 = CARTESIAN_POINT ( 'NONE',  ( -16.59832810088350286, -13.41582196899923574, -11.19571404758679556 ) ) ;
#73 = DIRECTION ( 'NONE',  ( 0.06101040030062737651, 0.4848096202463385573, -0.8724891765355937689 ) ) ;
#74 = VERTEX_POINT ( 'NONE', #487 ) ;
#75 = CIRCLE ( 'NONE', #4298, 15.23467105286474421 ) ;
#76 = CARTESIAN_POINT ( 'NONE',  ( 13.76602476202161007, -11.74024391174314985, -13.09566955843749092 ) ) ;
#77 = DIRECTION ( 'NONE',  ( 0.000000000000000000, -1.000000000000000000, 0.000000000000000000 ) ) ;
#78 = DIRECTION ( 'NONE',  ( 0.2346404648879631127, -0.000000000000000000, 0.9720822250391992769 ) ) ;
#79 = LINE ( 'NONE', #4302, #3418 ) ;
#80 = VECTOR ( 'NONE', #1868, 1000.000000000000114 ) ;
#81 = ORIENTED_EDGE ( 'NONE', *, *, #1325, .F. ) ;
#82 = EDGE_CURVE ( 'NONE', #3540, #3876, #409, .T. ) ;
#83 = EDGE_CURVE ( 'NONE', #2434, #2156, #1910, .T. ) ;
#84 = DIRECTION ( 'NONE',  ( 0.2624624360366666909, -0.8511485643991804073, 0.4545982742938129983 ) ) ;
#85 = CARTESIAN_POINT ( 'NONE',  ( -0.6967601372646988755, -11.75437919352165395, 22.31842384334449036 ) ) ;
#86 = CIRCLE ( 'NONE', #1419, 1.999999835263590597 ) ;
#87 = ORIENTED_EDGE ( 'NONE', *, *, #1144, .T. ) ;
#88 = ORIENTED_EDGE ( 'NONE', *, *, #1921, .F. ) ;
#89 = EDGE_CURVE ( 'NONE', #3257, #1306, #2626, .T. ) ;
#90 = CYLINDRICAL_SURFACE ( 'NONE', #4281, 3.500012878918495218 ) ;
#91 = LINE ( 'NONE', #1897, #3677 ) ;
#92 = CARTESIAN_POINT ( 'NONE',  ( 0.000000000000000000, -18.24024391174314985, 0.000000000000000000 ) ) ;
#93 = EDGE_LOOP ( 'NONE', ( #3969, #637, #4006, #3263 ) ) ;
#94 = CARTESIAN_POINT ( 'NONE',  ( 0.1899903730573597738, -17.22536165432111233, 22.32794321363977019 ) ) ;
#95 = CARTESIAN_POINT ( 'NONE',  ( 14.90560225976723352, -11.26713825984495010, -11.78257938998061682 ) ) ;
#96 = CARTESIAN_POINT ( 'NONE',  ( -4.518519837474569201, -9.571756665225809257, 18.45795500124668465 ) ) ;
#97 = EDGE_LOOP ( 'NONE', ( #2831, #1942, #2646, #4307 ) ) ;
#98 = CARTESIAN_POINT ( 'NONE',  ( 16.49011263901348912, -23.44024467468259942, 5.871943883606949299 ) ) ;
#99 = AXIS2_PLACEMENT_3D ( 'NONE', #1032, #1747, #1680 ) ;
#100 = DIRECTION ( 'NONE',  ( -0.000000000000000000, -1.000000000000000000, -0.000000000000000000 ) ) ;
#101 = VECTOR ( 'NONE', #891, 1000.000000000000227 ) ;
#102 = ADVANCED_FACE ( 'NONE', ( #2679 ), #4056, .F. ) ;
#103 = DIRECTION ( 'NONE',  ( 0.000000000000000000, 0.000000000000000000, 1.000000000000000000 ) ) ;
#104 = CARTESIAN_POINT ( 'NONE',  ( -8.157907867629823784, -19.74024391174314985, 20.78494974381870009 ) ) ;
#105 = AXIS2_PLACEMENT_3D ( 'NONE', #3885, #2862, #1059 ) ;
#106 = VERTEX_POINT ( 'NONE', #1204 ) ;
#107 = CARTESIAN_POINT ( 'NONE',  ( 15.06455193577825824, -11.74024391174314985, -2.270348492923643935 ) ) ;
#108 = FACE_OUTER_BOUND ( 'NONE', #1674, .T. ) ;
#109 = ORIENTED_EDGE ( 'NONE', *, *, #2828, .F. ) ;
#110 = CARTESIAN_POINT ( 'NONE',  ( 11.07427120208739879, -19.74024391174314985, -10.53499412536620028 ) ) ;
#111 = EDGE_LOOP ( 'NONE', ( #1138, #3564, #3872, #4587, #2057, #109 ) ) ;
#112 = FILL_AREA_STYLE_COLOUR ( '', #2876 ) ;
#113 = DIRECTION ( 'NONE',  ( 0.000000000000000000, 0.000000000000000000, -1.000000000000000000 ) ) ;
#114 = VECTOR ( 'NONE', #3104, 1000.000000000000114 ) ;
#115 = EDGE_CURVE ( 'NONE', #3200, #942, #3218, .T. ) ;
#116 = ORIENTED_EDGE ( 'NONE', *, *, #3070, .T. ) ;
#117 = CARTESIAN_POINT ( 'NONE',  ( 19.28329058068512225, -17.31342377833187385, -11.25948443061753501 ) ) ;
#118 = CYLINDRICAL_SURFACE ( 'NONE', #2319, 18.99999997190468548 ) ;
#119 = EDGE_CURVE ( 'NONE', #1502, #2357, #580, .T. ) ;
#120 = ORIENTED_EDGE ( 'NONE', *, *, #4468, .T. ) ;
#121 = CIRCLE ( 'NONE', #3686, 1.500004533606814183 ) ;
#122 = CYLINDRICAL_SURFACE ( 'NONE', #1578, 1.500004533606814183 ) ;
#123 = CARTESIAN_POINT ( 'NONE',  ( -19.28963823045875614, -11.94322233509898368, -11.25210475463475568 ) ) ;
#124 = CARTESIAN_POINT ( 'NONE',  ( -5.136157548163030429E-05, -19.74024391174314985, 0.0001741721332689459263 ) ) ;
#125 = DIRECTION ( 'NONE',  ( 8.659560562354937789E-17, -0.7071067811865472397, 0.7071067811865479058 ) ) ;
#126 = VERTEX_POINT ( 'NONE', #3355 ) ;
#127 = VERTEX_POINT ( 'NONE', #177 ) ;
#128 = DIRECTION ( 'NONE',  ( -0.6892457158683696905, 0.000000000000000000, -0.7245276690072633974 ) ) ;
#129 = CARTESIAN_POINT ( 'NONE',  ( 3.047248485467942272E-15, -12.01571392010914430, 22.32858287865848368 ) ) ;
#130 = DIRECTION ( 'NONE',  ( 0.000000000000000000, 0.000000000000000000, 1.000000000000000000 ) ) ;
#131 = AXIS2_PLACEMENT_3D ( 'NONE', #1161, #1829, #3244 ) ;
#132 = LINE ( 'NONE', #4077, #457 ) ;
#133 = ORIENTED_EDGE ( 'NONE', *, *, #1526, .F. ) ;
#134 = VECTOR ( 'NONE', #4304, 1000.000000000000114 ) ;
#135 = CARTESIAN_POINT ( 'NONE',  ( -15.14601912960111463, -19.74024467468260369, -1.641129676397353077 ) ) ;
#136 = EDGE_CURVE ( 'NONE', #1710, #3517, #3010, .T. ) ;
#137 = PLANE ( 'NONE',  #1379 ) ;
#138 = EDGE_LOOP ( 'NONE', ( #133, #1055, #1315, #4094 ) ) ;
#139 = CARTESIAN_POINT ( 'NONE',  ( 0.000000000000000000, -19.74024467468260369, 0.000000000000000000 ) ) ;
#140 = DIRECTION ( 'NONE',  ( 0.000000000000000000, 1.000000000000000000, 0.000000000000000000 ) ) ;
#141 = ORIENTED_EDGE ( 'NONE', *, *, #4203, .T. ) ;
#142 = FACE_OUTER_BOUND ( 'NONE', #2555, .T. ) ;
#143 = DIRECTION ( 'NONE',  ( 0.000000000000000000, -1.000000000000000000, -0.000000000000000000 ) ) ;
#144 = DIRECTION ( 'NONE',  ( 0.000000000000000000, -1.000000000000000000, 0.000000000000000000 ) ) ;
#145 = ORIENTED_EDGE ( 'NONE', *, *, #911, .T. ) ;
#146 = CONICAL_SURFACE ( 'NONE', #3714, 2.843502884254425211, 0.7853981633974438381 ) ;
#147 = ORIENTED_EDGE ( 'NONE', *, *, #221, .T. ) ;
#148 = DIRECTION ( 'NONE',  ( -0.7861029915571017268, 0.4848096202463385573, 0.3834080317123993997 ) ) ;
#149 = CARTESIAN_POINT ( 'NONE',  ( -7.916284924056191663, -19.74024391174314985, -9.363363012190484724 ) ) ;
#150 = DIRECTION ( 'NONE',  ( 0.000000000000000000, 0.000000000000000000, -1.000000000000000000 ) ) ;
#151 = CIRCLE ( 'NONE', #3114, 1.999999835263590597 ) ;
#152 = CARTESIAN_POINT ( 'NONE',  ( 13.38914940876167847, -15.50982494579977100, -7.274265288883279723 ) ) ;
#153 = B_SPLINE_CURVE_WITH_KNOTS ( 'NONE', 3,
 ( #3783, #2411, #299, #4111 ),
 .UNSPECIFIED., .F., .F.,
 ( 4, 4 ),
 ( 4.847066888007920002E-11, 0.0007927849067495659936 ),
 .UNSPECIFIED. ) ;
#154 = B_SPLINE_CURVE_WITH_KNOTS ( 'NONE', 3,
 ( #333, #985, #2396, #3816, #639, #2046 ),
 .UNSPECIFIED., .F., .F.,
 ( 4, 2, 4 ),
 ( 0.009233330927542172939, 0.01064757017465049055, 0.01206180942175880816 ),
 .UNSPECIFIED. ) ;
#155 = ORIENTED_EDGE ( 'NONE', *, *, #4334, .T. ) ;
#156 = VECTOR ( 'NONE', #3279, 1000.000000000000000 ) ;
#157 = CARTESIAN_POINT ( 'NONE',  ( -15.57512773641734682, -12.16936604058989069, -5.540137161245490383 ) ) ;
#158 = DIRECTION ( 'NONE',  ( 0.7861029915571017268, -0.4848096202463385573, -0.3834080317123993997 ) ) ;
#159 = EDGE_CURVE ( 'NONE', #2836, #3549, #1090, .T. ) ;
#160 = AXIS2_PLACEMENT_3D ( 'NONE', #2859, #331, #1470 ) ;
#161 = CARTESIAN_POINT ( 'NONE',  ( -10.34916939771882483, -19.74024467468260369, 11.65727099358063867 ) ) ;
#162 = VERTEX_POINT ( 'NONE', #2328 ) ;
#163 = ADVANCED_FACE ( 'NONE', ( #4352 ), #1983, .F. ) ;
#164 = CARTESIAN_POINT ( 'NONE',  ( 18.99716055684991289, -12.57774619675148564, -11.73439035967986932 ) ) ;
#165 = CARTESIAN_POINT ( 'NONE',  ( 0.000000000000000000, -11.74024391174314985, 0.000000000000000000 ) ) ;
#166 = VERTEX_POINT ( 'NONE', #901 ) ;
#167 = CARTESIAN_POINT ( 'NONE',  ( 0.000000000000000000, -14.54024391174315056, 0.000000000000000000 ) ) ;
#168 = CARTESIAN_POINT ( 'NONE',  ( -4.847374690087496774, -20.04024391174315411, -7.984558662671595641 ) ) ;
#169 = DIRECTION ( 'NONE',  ( 0.000000000000000000, 0.000000000000000000, -1.000000000000000000 ) ) ;
#170 = VERTEX_POINT ( 'NONE', #205 ) ;
#171 = EDGE_CURVE ( 'NONE', #3699, #933, #2473, .T. ) ;
#172 = VECTOR ( 'NONE', #4293, 1000.000000000000000 ) ;
#173 = ORIENTED_EDGE ( 'NONE', *, *, #707, .T. ) ;
#174 = DIRECTION ( 'NONE',  ( 0.000000000000000000, -1.000000000000000000, 0.000000000000000000 ) ) ;
#175 = CIRCLE ( 'NONE', #556, 4.200000000000015277 ) ;
#176 = CARTESIAN_POINT ( 'NONE',  ( -6.876569529771007439, -24.44024467468260298, 13.59441038041812178 ) ) ;
#177 = CARTESIAN_POINT ( 'NONE',  ( -8.845427439935130920, -18.24024391174314985, -18.73249190184475310 ) ) ;
#178 = CIRCLE ( 'NONE', #2919, 1.500007684675205955 ) ;
#179 = DIRECTION ( 'NONE',  ( 0.000000000000000000, -1.000000000000000000, 0.000000000000000000 ) ) ;
#180 = VECTOR ( 'NONE', #3054, 1000.000000000000000 ) ;
#181 = CIRCLE ( 'NONE', #1509, 1.499998416865968354 ) ;
#182 = EDGE_CURVE ( 'NONE', #212, #4041, #1658, .T. ) ;
#183 = ORIENTED_EDGE ( 'NONE', *, *, #2309, .F. ) ;
#184 = FACE_OUTER_BOUND ( 'NONE', #738, .T. ) ;
#185 = CONICAL_SURFACE ( 'NONE', #780, 1.500004533606814183, 0.7853981633974488341 ) ;
#186 = DIRECTION ( 'NONE',  ( 0.000000000000000000, 1.000000000000000000, -0.000000000000000000 ) ) ;
#187 = AXIS2_PLACEMENT_3D ( 'NONE', #1832, #3967, #1898 ) ;
#188 = CARTESIAN_POINT ( 'NONE',  ( 7.368756555013558085, -20.04024391174315411, 12.66913187182525569 ) ) ;
#189 = EDGE_LOOP ( 'NONE', ( #2116, #274, #1626, #3295, #1706, #1479, #4380 ) ) ;
#190 = EDGE_CURVE ( 'NONE', #3700, #496, #2100, .T. ) ;
#191 = PLANE ( 'NONE',  #1375 ) ;
#192 = VECTOR ( 'NONE', #3496, 1000.000000000000000 ) ;
#193 = CARTESIAN_POINT ( 'NONE',  ( 3.574671608142857782, -14.27329368403623633, 14.80935261863030838 ) ) ;
#194 = ORIENTED_EDGE ( 'NONE', *, *, #1070, .T. ) ;
#195 = AXIS2_PLACEMENT_3D ( 'NONE', #289, #4189, #1060 ) ;
#196 = CARTESIAN_POINT ( 'NONE',  ( -0.2716376456724212685, -20.04024391174315411, -16.68167080711551975 ) ) ;
#197 = DIRECTION ( 'NONE',  ( 0.000000000000000000, -1.000000000000000000, 0.000000000000000000 ) ) ;
#198 = CARTESIAN_POINT ( 'NONE',  ( 7.368756555013558085, -20.04024391174315411, 16.96913241080905976 ) ) ;
#199 = VECTOR ( 'NONE', #4234, 1000.000000000000000 ) ;
#200 = ORIENTED_EDGE ( 'NONE', *, *, #2366, .F. ) ;
#201 = ORIENTED_EDGE ( 'NONE', *, *, #1264, .T. ) ;
#202 = DIRECTION ( 'NONE',  ( 0.06101040030062737651, 0.4848096202463385573, -0.8724891765355937689 ) ) ;
#203 =( BOUNDED_CURVE ( )  B_SPLINE_CURVE ( 3, ( #667, #290, #2070, #967 ),
 .UNSPECIFIED., .F., .F. ) 
 B_SPLINE_CURVE_WITH_KNOTS ( ( 4, 4 ),
 ( 1.633445650834524088, 1.750303147594120867 ),
 .UNSPECIFIED. ) 
 CURVE ( )  GEOMETRIC_REPRESENTATION_ITEM ( )  RATIONAL_B_SPLINE_CURVE ( ( 1.000000000000000000, 0.9988623508296525788, 0.9988623508296525788, 1.000000000000000000 ) ) 
 REPRESENTATION_ITEM ( '' )  );
#204 = CARTESIAN_POINT ( 'NONE',  ( 2.957967080563922657, -11.74024391174314985, 17.79044099327888517 ) ) ;
#205 = CARTESIAN_POINT ( 'NONE',  ( 18.78232413726814798, -12.13909912240046829, -8.776716771920998639 ) ) ;
#206 = CARTESIAN_POINT ( 'NONE',  ( 7.368756555013558085, -24.44024467468260298, 19.91913241080905905 ) ) ;
#207 = VERTEX_POINT ( 'NONE', #2772 ) ;
#208 = DIRECTION ( 'NONE',  ( 0.000000000000000000, -0.000000000000000000, -1.000000000000000000 ) ) ;
#209 = CARTESIAN_POINT ( 'NONE',  ( 20.19962129186618327, -9.840997998522679424, -8.776716771921003968 ) ) ;
#210 = CIRCLE ( 'NONE', #1171, 2.800000000000000711 ) ;
#211 = AXIS2_PLACEMENT_3D ( 'NONE', #3329, #4350, #3684 ) ;
#212 = VERTEX_POINT ( 'NONE', #3796 ) ;
#213 = CARTESIAN_POINT ( 'NONE',  ( 21.12285169281868846, -13.77253646916781271, -7.238211824757417645 ) ) ;
#214 = CARTESIAN_POINT ( 'NONE',  ( 3.583449356814640385, -14.01169354639758602, 14.84571947490772281 ) ) ;
#215 = ORIENTED_EDGE ( 'NONE', *, *, #4270, .T. ) ;
#216 = DIRECTION ( 'NONE',  ( 0.000000000000000000, 0.000000000000000000, -1.000000000000000000 ) ) ;
#217 = CARTESIAN_POINT ( 'NONE',  ( -19.21394826880372975, -17.56123416636931722, -11.37557573339429418 ) ) ;
#218 = DIRECTION ( 'NONE',  ( 0.000000000000000000, 0.000000000000000000, -1.000000000000000000 ) ) ;
#219 = VERTEX_POINT ( 'NONE', #3464 ) ;
#220 = VERTEX_POINT ( 'NONE', #1015 ) ;
#221 = EDGE_CURVE ( 'NONE', #3122, #3022, #4188, .T. ) ;
#222 = ADVANCED_FACE ( 'NONE', ( #4165 ), #3958, .F. ) ;
#223 = DIRECTION ( 'NONE',  ( 0.000000000000000000, -1.000000000000000000, -0.000000000000000000 ) ) ;
#224 = DIRECTION ( 'NONE',  ( -0.6505791153609797872, 0.000000000000000000, -0.7594384864201476626 ) ) ;
#225 = CARTESIAN_POINT ( 'NONE',  ( -13.84169857603782283, -14.54024391174315056, -6.364163937164678764 ) ) ;
#226 = EDGE_CURVE ( 'NONE', #3937, #4407, #966, .T. ) ;
#227 = ADVANCED_FACE ( 'NONE', ( #1702 ), #3074, .T. ) ;
#228 = EDGE_LOOP ( 'NONE', ( #3113, #3454, #2099, #3654, #2854 ) ) ;
#229 = CARTESIAN_POINT ( 'NONE',  ( -10.34916939771882483, -19.74024467468260369, 13.15727493585568197 ) ) ;
#230 = CARTESIAN_POINT ( 'NONE',  ( -9.287605346283831358E-07, -19.74024391174314985, -9.763030654060001250E-07 ) ) ;
#231 = AXIS2_PLACEMENT_3D ( 'NONE', #4029, #3584, #3657 ) ;
#232 = CIRCLE ( 'NONE', #2077, 15.23467105286474421 ) ;
#233 = ADVANCED_FACE ( 'NONE', ( #4458 ), #3117, .T. ) ;
#234 = ORIENTED_EDGE ( 'NONE', *, *, #375, .T. ) ;
#235 = ADVANCED_FACE ( 'NONE', ( #2027 ), #2399, .F. ) ;
#236 = CARTESIAN_POINT ( 'NONE',  ( 7.251671934585591117, -18.24024391174314985, 5.743544229343082286 ) ) ;
#237 = CARTESIAN_POINT ( 'NONE',  ( -7.368758282292265704, -13.23485597249042911, -18.91913001305626096 ) ) ;
#238 = ORIENTED_EDGE ( 'NONE', *, *, #2259, .T. ) ;
#239 = CYLINDRICAL_SURFACE ( 'NONE', #4389, 3.500001967701191319 ) ;
#240 = DIRECTION ( 'NONE',  ( 0.000000000000000000, -1.000000000000000000, 0.000000000000000000 ) ) ;
#241 = FACE_OUTER_BOUND ( 'NONE', #1514, .T. ) ;
#242 = ORIENTED_EDGE ( 'NONE', *, *, #1585, .F. ) ;
#243 = LINE ( 'NONE', #1655, #3290 ) ;
#244 = ADVANCED_FACE ( 'NONE', ( #665 ), #334, .T. ) ;
#245 = CARTESIAN_POINT ( 'NONE',  ( -10.34916939771882483, -19.74024467468260369, 14.65727887813072350 ) ) ;
#246 = DIRECTION ( 'NONE',  ( 0.000000000000000000, -1.000000000000000000, 0.000000000000000000 ) ) ;
#247 = CARTESIAN_POINT ( 'NONE',  ( -8.251385152011561530, -20.04024391174315411, -12.80663285809967178 ) ) ;
#248 = VERTEX_POINT ( 'NONE', #2352 ) ;
#249 = DIRECTION ( 'NONE',  ( 0.000000000000000000, 0.000000000000000000, -1.000000000000000000 ) ) ;
#250 = CARTESIAN_POINT ( 'NONE',  ( -0.2716376456724212685, -19.74024467468260369, -16.68167080711551975 ) ) ;
#251 = VERTEX_POINT ( 'NONE', #2704 ) ;
#252 = VECTOR ( 'NONE', #3600, 1000.000000000000000 ) ;
#253 = VERTEX_POINT ( 'NONE', #1682 ) ;
#254 = CARTESIAN_POINT ( 'NONE',  ( 21.02553003309840918, -16.28539521343548202, -7.517226705470172021 ) ) ;
#255 = ADVANCED_FACE ( 'NONE', ( #3094 ), #1143, .T. ) ;
#256 = DIRECTION ( 'NONE',  ( 0.000000000000000000, 0.000000000000000000, -1.000000000000000000 ) ) ;
#257 = EDGE_LOOP ( 'NONE', ( #2597, #2514, #316, #2666, #2961 ) ) ;
#258 = CARTESIAN_POINT ( 'NONE',  ( 12.10828530240722856, -12.84478541746791969, -10.14683581593953399 ) ) ;
#259 = CIRCLE ( 'NONE', #3519, 15.23467105286474421 ) ;
#260 = CARTESIAN_POINT ( 'NONE',  ( -18.86917732902558242, -17.85339273060598586, -11.93816402529751386 ) ) ;
#261 = LINE ( 'NONE', #3417, #542 ) ;
#262 = ORIENTED_EDGE ( 'NONE', *, *, #1050, .T. ) ;
#263 = VECTOR ( 'NONE', #666, 1000.000000000000000 ) ;
#264 = ADVANCED_BREP_SHAPE_REPRESENTATION ( '\X2\8f688ff97403652f67b6ff0894a273e0ff09\X0\', ( #1508, #1369 ), #1589 ) ;
#265 = DIRECTION ( 'NONE',  ( 0.000000000000000000, 0.000000000000000000, -1.000000000000000000 ) ) ;
#266 = CARTESIAN_POINT ( 'NONE',  ( 2.828803170676072121, -11.74024391174314985, 18.78823758509432551 ) ) ;
#267 = DIRECTION ( 'NONE',  ( -0.6234762387187180455, 0.000000000000000000, -0.7818422985187998275 ) ) ;
#268 = DIRECTION ( 'NONE',  ( -0.7245276690072633974, 0.000000000000000000, 0.6892457158683696905 ) ) ;
#269 = PLANE ( 'NONE',  #3720 ) ;
#270 = ORIENTED_EDGE ( 'NONE', *, *, #1363, .F. ) ;
#271 = LINE ( 'NONE', #1596, #3163 ) ;
#272 = DIRECTION ( 'NONE',  ( 0.000000000000000000, -1.000000000000000000, 0.000000000000000000 ) ) ;
#273 = VERTEX_POINT ( 'NONE', #4503 ) ;
#274 = ORIENTED_EDGE ( 'NONE', *, *, #3649, .F. ) ;
#275 = ORIENTED_EDGE ( 'NONE', *, *, #2339, .F. ) ;
#276 = EDGE_CURVE ( 'NONE', #2781, #1780, #1954, .T. ) ;
#277 = LINE ( 'NONE', #956, #114 ) ;
#278 = STYLED_ITEM ( 'NONE', ( #491 ), #1508 ) ;
#279 = CARTESIAN_POINT ( 'NONE',  ( -13.22662127704251667, -10.80961019228043263, -13.64189627760262802 ) ) ;
#280 = EDGE_LOOP ( 'NONE', ( #4088, #833, #3568, #1027 ) ) ;
#281 = LINE ( 'NONE', #2789, #770 ) ;
#282 = DIRECTION ( 'NONE',  ( 0.7250925912564739617, 0.4848096202463386684, 0.4890811448232012526 ) ) ;
#283 = CARTESIAN_POINT ( 'NONE',  ( -12.99427323842103732, -15.50982494579977633, -7.958210878611489569 ) ) ;
#284 = EDGE_LOOP ( 'NONE', ( #4134, #614, #3283, #3985, #1689 ) ) ;
#285 = EDGE_CURVE ( 'NONE', #993, #3646, #4551, .T. ) ;
#286 = CARTESIAN_POINT ( 'NONE',  ( -17.02287430949305858, -16.28539521343552821, -14.45002978396094484 ) ) ;
#287 = CARTESIAN_POINT ( 'NONE',  ( 0.000000000000000000, -11.74024391174314985, 0.000000000000000000 ) ) ;
#288 = DIRECTION ( 'NONE',  ( 0.000000000000000000, -1.000000000000000000, 0.000000000000000000 ) ) ;
#289 = CARTESIAN_POINT ( 'NONE',  ( -16.67641251653122225, -19.74024467468260369, 1.506553575639421494 ) ) ;
#290 = CARTESIAN_POINT ( 'NONE',  ( -17.15959786120156494, -11.74024391174314985, -6.530480731825767826 ) ) ;
#291 = ORIENTED_EDGE ( 'NONE', *, *, #1730, .F. ) ;
#292 = CARTESIAN_POINT ( 'NONE',  ( 14.34286924013302311, -23.94024467468259942, 5.135883959888596806 ) ) ;
#293 = CARTESIAN_POINT ( 'NONE',  ( -17.57249208858810618, -14.06716509211449839, -11.85279597629123671 ) ) ;
#294 = ORIENTED_EDGE ( 'NONE', *, *, #431, .F. ) ;
#295 = ORIENTED_EDGE ( 'NONE', *, *, #4568, .F. ) ;
#296 = ORIENTED_EDGE ( 'NONE', *, *, #3929, .T. ) ;
#297 = AXIS2_PLACEMENT_3D ( 'NONE', #2053, #2380, #1642 ) ;
#298 = EDGE_CURVE ( 'NONE', #4198, #3447, #3808, .T. ) ;
#299 = CARTESIAN_POINT ( 'NONE',  ( 11.06504552432009270, -14.01169354639760378, -10.52621791363039350 ) ) ;
#300 = AXIS2_PLACEMENT_3D ( 'NONE', #2641, #179, #4057 ) ;
#301 = CARTESIAN_POINT ( 'NONE',  ( 0.000000000000000000, -19.74024467468260369, 0.000000000000000000 ) ) ;
#302 = ORIENTED_EDGE ( 'NONE', *, *, #437, .T. ) ;
#303 = VECTOR ( 'NONE', #1175, 1000.000000000000000 ) ;
#304 = CARTESIAN_POINT ( 'NONE',  ( 1.222570511326019904, -13.84604507420113428, 22.29511402694132371 ) ) ;
#305 = DIRECTION ( 'NONE',  ( 0.000000000000000000, -1.000000000000000000, 0.000000000000000000 ) ) ;
#306 = CARTESIAN_POINT ( 'NONE',  ( 2.454029980071484207, -13.32548733955935738, 15.30999188984600501 ) ) ;
#307 = ORIENTED_EDGE ( 'NONE', *, *, #3893, .F. ) ;
#308 = CARTESIAN_POINT ( 'NONE',  ( -17.56576597130273498, -17.35236961549524537, -13.78497275684955170 ) ) ;
#309 = DIRECTION ( 'NONE',  ( 0.000000000000000000, 0.000000000000000000, 1.000000000000000000 ) ) ;
#310 = LINE ( 'NONE', #2815, #1453 ) ;
#311 = DIRECTION ( 'NONE',  ( 0.7250925912564739617, 0.4848096202463386684, 0.4890811448232012526 ) ) ;
#312 = EDGE_CURVE ( 'NONE', #3459, #3871, #1803, .T. ) ;
#313 = EDGE_LOOP ( 'NONE', ( #3637, #3711 ) ) ;
#314 = CARTESIAN_POINT ( 'NONE',  ( 1.423574776558980754E-08, -9.240243911743149852, 9.445913396230088825E-08 ) ) ;
#315 = DIRECTION ( 'NONE',  ( -0.000000000000000000, -1.000000000000000000, 0.000000000000000000 ) ) ;
#316 = ORIENTED_EDGE ( 'NONE', *, *, #3960, .T. ) ;
#317 = EDGE_CURVE ( 'NONE', #496, #2914, #4543, .T. ) ;
#318 = ORIENTED_EDGE ( 'NONE', *, *, #1318, .T. ) ;
#319 = EDGE_CURVE ( 'NONE', #219, #2911, #3662, .T. ) ;
#320 = ORIENTED_EDGE ( 'NONE', *, *, #4132, .F. ) ;
#321 = CIRCLE ( 'NONE', #2472, 3.500012878918495218 ) ;
#322 = AXIS2_PLACEMENT_3D ( 'NONE', #165, #1902, #3251 ) ;
#323 = CARTESIAN_POINT ( 'NONE',  ( 20.24506827628213301, -11.66836110388454628, -9.420546646960705317 ) ) ;
#324 = CIRCLE ( 'NONE', #1953, 4.300000538983802301 ) ;
#325 = CARTESIAN_POINT ( 'NONE',  ( 1.602881691867982683, -18.24024391174314985, -0.9413329071678272486 ) ) ;
#326 = VECTOR ( 'NONE', #2447, 1000.000000000000114 ) ;
#327 = VERTEX_POINT ( 'NONE', #2134 ) ;
#328 = EDGE_CURVE ( 'NONE', #3895, #2560, #1446, .T. ) ;
#329 = CARTESIAN_POINT ( 'NONE',  ( 12.24781755890568213, -12.54866967165953540, -10.38320692106943177 ) ) ;
#330 = CARTESIAN_POINT ( 'NONE',  ( -5.105152699264350780, -12.41928978177621268, 15.36964665716296352 ) ) ;
#331 = DIRECTION ( 'NONE',  ( 0.000000000000000000, -1.000000000000000000, 0.000000000000000000 ) ) ;
#332 = ORIENTED_EDGE ( 'NONE', *, *, #2644, .F. ) ;
#333 = CARTESIAN_POINT ( 'NONE',  ( 18.14453033080962641, -9.240243911743151628, -5.637022086767763618 ) ) ;
#334 = PLANE ( 'NONE',  #1366 ) ;
#335 = CYLINDRICAL_SURFACE ( 'NONE', #46, 2.843502884254435870 ) ;
#336 = DIRECTION ( 'NONE',  ( 0.7250925912564739617, 0.4848096202463386684, 0.4890811448232012526 ) ) ;
#337 = AXIS2_PLACEMENT_3D ( 'NONE', #2014, #653, #4129 ) ;
#338 = ORIENTED_EDGE ( 'NONE', *, *, #1800, .F. ) ;
#339 = CARTESIAN_POINT ( 'NONE',  ( 20.54369385339358800, -11.64692169431641489, -9.291826568372927753 ) ) ;
#340 = EDGE_CURVE ( 'NONE', #3799, #1611, #4251, .T. ) ;
#341 = DIRECTION ( 'NONE',  ( -0.3653571729111340094, 0.000000000000000000, 0.9308674106457823783 ) ) ;
#342 = ORIENTED_EDGE ( 'NONE', *, *, #1676, .T. ) ;
#343 = B_SPLINE_CURVE_WITH_KNOTS ( 'NONE', 3,
 ( #733, #2186, #3866, #4258, #3210, #4577 ),
 .UNSPECIFIED., .F., .F.,
 ( 4, 2, 4 ),
 ( 0.001235996165196235220, 0.001882103634737494540, 0.002528211104278753861 ),
 .UNSPECIFIED. ) ;
#344 = ORIENTED_EDGE ( 'NONE', *, *, #3274, .T. ) ;
#345 = AXIS2_PLACEMENT_3D ( 'NONE', #2737, #1677, #4182 ) ;
#346 = ORIENTED_EDGE ( 'NONE', *, *, #3204, .T. ) ;
#347 =( BOUNDED_CURVE ( )  B_SPLINE_CURVE ( 3, ( #1134, #2553, #493, #2965 ),
 .UNSPECIFIED., .F., .F. ) 
 B_SPLINE_CURVE_WITH_KNOTS ( ( 4, 4 ),
 ( 2.383546516126901160, 2.909399975495874369 ),
 .UNSPECIFIED. ) 
 CURVE ( )  GEOMETRIC_REPRESENTATION_ITEM ( )  RATIONAL_B_SPLINE_CURVE ( ( 1.000000000000000000, 0.9770889566688235606, 0.9770889566688235606, 1.000000000000000000 ) ) 
 REPRESENTATION_ITEM ( '' )  );
#348 = DIRECTION ( 'NONE',  ( -0.000000000000000000, -1.000000000000000000, -0.000000000000000000 ) ) ;
#349 = DIRECTION ( 'NONE',  ( 0.000000000000000000, -1.000000000000000000, 0.000000000000000000 ) ) ;
#350 = EDGE_LOOP ( 'NONE', ( #2930, #1435, #346, #3007, #546, #3912, #1159, #3802 ) ) ;
#351 = DIRECTION ( 'NONE',  ( -0.5249248720733424856, -0.8511485643991800742, 0.000000000000000000 ) ) ;
#352 = AXIS2_PLACEMENT_3D ( 'NONE', #1919, #765, #423 ) ;
#353 = CARTESIAN_POINT ( 'NONE',  ( -7.368758282292265704, -24.44024467468260298, -16.96913001305625812 ) ) ;
#354 = CARTESIAN_POINT ( 'NONE',  ( 2.989664346119946359, -12.16936604058988891, 16.25852486754777360 ) ) ;
#355 = ORIENTED_EDGE ( 'NONE', *, *, #34, .F. ) ;
#356 = CIRCLE ( 'NONE', #1985, 3.500005319962242734 ) ;
#357 = CARTESIAN_POINT ( 'NONE',  ( 16.49011263901348912, -19.74024467468260369, 2.371931004688453637 ) ) ;
#358 = CARTESIAN_POINT ( 'NONE',  ( 1.602881691867997560, -19.74024391174314985, -0.9413329071678377957 ) ) ;
#359 = DIRECTION ( 'NONE',  ( 0.000000000000000000, 0.000000000000000000, -1.000000000000000000 ) ) ;
#360 = FACE_OUTER_BOUND ( 'NONE', #1785, .T. ) ;
#361 = EDGE_CURVE ( 'NONE', #1092, #723, #404, .T. ) ;
#362 = EDGE_CURVE ( 'NONE', #2591, #3937, #3743, .T. ) ;
#363 = ORIENTED_EDGE ( 'NONE', *, *, #3570, .F. ) ;
#364 = FACE_OUTER_BOUND ( 'NONE', #2711, .T. ) ;
#365 = LINE ( 'NONE', #713, #452 ) ;
#366 = EDGE_LOOP ( 'NONE', ( #674, #984 ) ) ;
#367 = ORIENTED_EDGE ( 'NONE', *, *, #221, .F. ) ;
#368 = EDGE_CURVE ( 'NONE', #1430, #39, #1733, .T. ) ;
#369 = EDGE_LOOP ( 'NONE', ( #3027, #3933, #302, #2792 ) ) ;
#370 = ORIENTED_EDGE ( 'NONE', *, *, #3406, .F. ) ;
#371 = DIRECTION ( 'NONE',  ( 0.000000000000000000, -1.000000000000000000, 0.000000000000000000 ) ) ;
#372 = EDGE_CURVE ( 'NONE', #2169, #3609, #4256, .T. ) ;
#373 = CARTESIAN_POINT ( 'NONE',  ( 0.3798329045752901756, -9.240243911743149852, 20.90751566298358810 ) ) ;
#374 = VECTOR ( 'NONE', #1619, 1000.000000000000000 ) ;
#375 = EDGE_CURVE ( 'NONE', #1213, #2034, #1667, .T. ) ;
#376 = ORIENTED_EDGE ( 'NONE', *, *, #3668, .F. ) ;
#377 = DIRECTION ( 'NONE',  ( 0.000000000000000000, -1.000000000000000000, 0.000000000000000000 ) ) ;
#378 = AXIS2_PLACEMENT_3D ( 'NONE', #427, #3902, #4339 ) ;
#379 = CARTESIAN_POINT ( 'NONE',  ( 0.000000000000000000, -11.74024391174314985, 0.000000000000000000 ) ) ;
#380 = B_SPLINE_SURFACE_WITH_KNOTS ( 'NONE', 3, 1, ( 
 ( #853, #661 ),
 ( #4184, #2346 ),
 ( #1351, #3436 ),
 ( #4138, #2739 ) ),
 .UNSPECIFIED., .F., .F., .F.,
 ( 4, 4 ),
 ( 2, 2 ),
 ( 0.000000000000000000, 1.000000000000000000 ),
 ( 0.000000000000000000, 1.000000000000000000 ),
 .UNSPECIFIED. ) ;
#381 = CARTESIAN_POINT ( 'NONE',  ( 2.648435207165495520, -13.00484418908095208, 15.46099186067217701 ) ) ;
#382 = VERTEX_POINT ( 'NONE', #2538 ) ;
#383 = VECTOR ( 'NONE', #486, 1000.000000000000227 ) ;
#384 = CYLINDRICAL_SURFACE ( 'NONE', #553, 1.499999999999997558 ) ;
#385 = DIRECTION ( 'NONE',  ( -0.000000000000000000, -1.000000000000000000, 0.000000000000000000 ) ) ;
#386 = VECTOR ( 'NONE', #3302, 1000.000000000000000 ) ;
#387 = DIRECTION ( 'NONE',  ( 0.2624624360366664688, -0.8511485643991805183, 0.4545982742938129983 ) ) ;
#388 = CYLINDRICAL_SURFACE ( 'NONE', #680, 3.500005319962242734 ) ;
#389 = ORIENTED_EDGE ( 'NONE', *, *, #3265, .T. ) ;
#390 = EDGE_CURVE ( 'NONE', #4050, #3213, #1286, .T. ) ;
#391 = DIRECTION ( 'NONE',  ( -0.000000000000000000, 1.000000000000000000, -0.000000000000000000 ) ) ;
#392 = CARTESIAN_POINT ( 'NONE',  ( 0.000000000000000000, -11.74024391174314985, 0.000000000000000000 ) ) ;
#393 = DIRECTION ( 'NONE',  ( 0.000000000000000000, 0.000000000000000000, -1.000000000000000000 ) ) ;
#394 = EDGE_LOOP ( 'NONE', ( #3419, #4186, #194, #2151, #2360, #3344 ) ) ;
#395 = ORIENTED_EDGE ( 'NONE', *, *, #405, .T. ) ;
#396 = LINE ( 'NONE', #4290, #1298 ) ;
#397 = CARTESIAN_POINT ( 'NONE',  ( -1.478576377048035795, -14.06716509211449839, 21.14462254466399926 ) ) ;
#398 = CIRCLE ( 'NONE', #626, 1.499999999999986899 ) ;
#399 = EDGE_LOOP ( 'NONE', ( #3766, #1756, #1067, #3803, #3467 ) ) ;
#400 = DIRECTION ( 'NONE',  ( 0.000000000000000000, -1.000000000000000000, -0.000000000000000000 ) ) ;
#401 = ADVANCED_FACE ( 'NONE', ( #2839 ), #1082, .F. ) ;
#402 = AXIS2_PLACEMENT_3D ( 'NONE', #2350, #2658, #4436 ) ;
#403 = CARTESIAN_POINT ( 'NONE',  ( 7.368756555013558085, -19.74024467468260369, 16.96913241080905976 ) ) ;
#404 = CIRCLE ( 'NONE', #105, 4.200000000000015277 ) ;
#405 = EDGE_CURVE ( 'NONE', #1441, #3459, #1748, .T. ) ;
#406 = CARTESIAN_POINT ( 'NONE',  ( 2.918703854952971799, -12.41276168467299534, 15.93780245250882288 ) ) ;
#407 = VECTOR ( 'NONE', #591, 1000.000000000000000 ) ;
#408 = EDGE_LOOP ( 'NONE', ( #3126, #2240, #729, #270, #2502, #3838 ) ) ;
#409 = CIRCLE ( 'NONE', #2479, 15.23467105286474599 ) ;
#410 = CARTESIAN_POINT ( 'NONE',  ( 20.80116098981146067, -12.15895782011177317, -8.116484143092140613 ) ) ;
#411 = AXIS2_PLACEMENT_3D ( 'NONE', #2244, #2554, #866 ) ;
#412 = DIRECTION ( 'NONE',  ( 0.000000000000000000, -0.000000000000000000, -1.000000000000000000 ) ) ;
#413 = CYLINDRICAL_SURFACE ( 'NONE', #3693, 1.499998416865968354 ) ;
#414 = CARTESIAN_POINT ( 'NONE',  ( -10.34916939771882483, -21.44024467468257100, 13.15727493585568197 ) ) ;
#415 = VERTEX_POINT ( 'NONE', #1818 ) ;
#416 = FACE_OUTER_BOUND ( 'NONE', #4560, .T. ) ;
#417 = DIRECTION ( 'NONE',  ( 0.000000000000000000, -1.000000000000000000, 0.000000000000000000 ) ) ;
#418 = VERTEX_POINT ( 'NONE', #2184 ) ;
#419 = AXIS2_PLACEMENT_3D ( 'NONE', #3228, #2511, #52 ) ;
#420 = ORIENTED_EDGE ( 'NONE', *, *, #182, .T. ) ;
#421 = ORIENTED_EDGE ( 'NONE', *, *, #1048, .T. ) ;
#422 = VECTOR ( 'NONE', #4401, 1000.000000000000114 ) ;
#423 = DIRECTION ( 'NONE',  ( 0.000000000000000000, 0.000000000000000000, -1.000000000000000000 ) ) ;
#424 = DIRECTION ( 'NONE',  ( 0.000000000000000000, 0.000000000000000000, -1.000000000000000000 ) ) ;
#425 = CYLINDRICAL_SURFACE ( 'NONE', #411, 3.500003781483101761 ) ;
#426 = EDGE_LOOP ( 'NONE', ( #1368, #1434, #342, #3922, #2799 ) ) ;
#427 = CARTESIAN_POINT ( 'NONE',  ( 7.368756555013558085, -13.23485597249042911, 16.96913241080905976 ) ) ;
#428 = CARTESIAN_POINT ( 'NONE',  ( 4.458170136162520336, -11.74024391174314985, 18.46956193225511456 ) ) ;
#429 = CARTESIAN_POINT ( 'NONE',  ( -13.84169857603782283, -14.54024391174315056, -6.364163937164678764 ) ) ;
#430 = EDGE_CURVE ( 'NONE', #418, #3646, #3234, .T. ) ;
#431 = EDGE_CURVE ( 'NONE', #1843, #127, #3606, .T. ) ;
#432 = VERTEX_POINT ( 'NONE', #2113 ) ;
#433 = DIRECTION ( 'NONE',  ( 0.000000000000000000, 0.000000000000000000, 1.000000000000000000 ) ) ;
#434 = CARTESIAN_POINT ( 'NONE',  ( 1.602881691867997560, -18.24024391174314985, -0.9413329071678377957 ) ) ;
#435 = CARTESIAN_POINT ( 'NONE',  ( -7.368758282292265704, -19.74024467468260369, -18.91913001305626096 ) ) ;
#436 = CYLINDRICAL_SURFACE ( 'NONE', #3563, 4.200000000000008171 ) ;
#437 = EDGE_CURVE ( 'NONE', #871, #602, #3523, .T. ) ;
#438 = VECTOR ( 'NONE', #4126, 999.9999999999998863 ) ;
#439 = VERTEX_POINT ( 'NONE', #2907 ) ;
#440 = DIRECTION ( 'NONE',  ( 0.000000000000000000, 0.000000000000000000, -1.000000000000000000 ) ) ;
#441 = CARTESIAN_POINT ( 'NONE',  ( 7.368756555013558085, -19.74024467468260369, 18.91913241080905905 ) ) ;
#442 = ORIENTED_EDGE ( 'NONE', *, *, #3508, .F. ) ;
#443 = ORIENTED_EDGE ( 'NONE', *, *, #2908, .T. ) ;
#444 = DIRECTION ( 'NONE',  ( -0.000000000000000000, -1.000000000000000000, -0.000000000000000000 ) ) ;
#445 = DIRECTION ( 'NONE',  ( 0.000000000000000000, 0.000000000000000000, 1.000000000000000000 ) ) ;
#446 = VERTEX_POINT ( 'NONE', #4319 ) ;
#447 = EDGE_CURVE ( 'NONE', #327, #3328, #1150, .T. ) ;
#448 = CARTESIAN_POINT ( 'NONE',  ( 5.172276436593879367, -19.74024391174314985, 13.27244744659476083 ) ) ;
#449 = CARTESIAN_POINT ( 'NONE',  ( 18.98835157540018059, -16.66308758698943748, -11.74905399992121779 ) ) ;
#450 = CARTESIAN_POINT ( 'NONE',  ( -10.34916939771882483, -23.44024467468259942, 13.15727493585568197 ) ) ;
#451 = ORIENTED_EDGE ( 'NONE', *, *, #574, .T. ) ;
#452 = VECTOR ( 'NONE', #2165, 1000.000000000000000 ) ;
#453 = CARTESIAN_POINT ( 'NONE',  ( 14.23536114328658186, -11.74024391174314985, -11.59540730061291924 ) ) ;
#454 = DIRECTION ( 'NONE',  ( 0.000000000000000000, 1.000000000000000000, 0.000000000000000000 ) ) ;
#455 = DIRECTION ( 'NONE',  ( 1.154631945610162960E-14, 0.000000000000000000, 1.000000000000000000 ) ) ;
#456 = LINE ( 'NONE', #4367, #156 ) ;
#457 = VECTOR ( 'NONE', #2308, 1000.000000000000000 ) ;
#458 = ORIENTED_EDGE ( 'NONE', *, *, #1124, .F. ) ;
#459 = DIRECTION ( 'NONE',  ( 0.000000000000000000, -1.000000000000000000, -0.000000000000000000 ) ) ;
#460 = CARTESIAN_POINT ( 'NONE',  ( -1.431691977751259781, -11.64806915011083177, 22.28341527655086907 ) ) ;
#461 = AXIS2_PLACEMENT_3D ( 'NONE', #4521, #3026, #2392 ) ;
#462 = VERTEX_POINT ( 'NONE', #3160 ) ;
#463 = EDGE_CURVE ( 'NONE', #2731, #1780, #4575, .T. ) ;
#464 = CARTESIAN_POINT ( 'NONE',  ( 14.59271268420337009, -14.54024391174315589, -4.375835760775884431 ) ) ;
#465 = ORIENTED_EDGE ( 'NONE', *, *, #2513, .F. ) ;
#466 = CARTESIAN_POINT ( 'NONE',  ( 0.000000000000000000, -11.74024391174314985, 0.000000000000000000 ) ) ;
#467 = ADVANCED_FACE ( 'NONE', ( #2469 ), #1530, .F. ) ;
#468 = CARTESIAN_POINT ( 'NONE',  ( 0.000000000000000000, -11.74024391174314985, 0.000000000000000000 ) ) ;
#469 = EDGE_CURVE ( 'NONE', #1639, #2420, #2230, .T. ) ;
#470 =( LENGTH_UNIT ( ) NAMED_UNIT ( * ) SI_UNIT ( .MILLI., .METRE. ) );
#471 = ORIENTED_EDGE ( 'NONE', *, *, #2929, .T. ) ;
#472 = CARTESIAN_POINT ( 'NONE',  ( 15.42702188758847726, -9.586689807668065555, -11.09171763621245610 ) ) ;
#473 = CARTESIAN_POINT ( 'NONE',  ( -5.341128193221160281, -11.26869282869138722, 18.23399202138988784 ) ) ;
#474 = EDGE_LOOP ( 'NONE', ( #4287, #1937, #3762 ) ) ;
#475 = CARTESIAN_POINT ( 'NONE',  ( 12.43237693145223588, -14.54024391174315056, -8.805180629793420977 ) ) ;
#476 = VECTOR ( 'NONE', #3002, 1000.000000000000000 ) ;
#477 = AXIS2_PLACEMENT_3D ( 'NONE', #3439, #1330, #309 ) ;
#478 = CARTESIAN_POINT ( 'NONE',  ( -18.63573839854001335, -11.65145480208258810, -12.30121492802863692 ) ) ;
#479 = AXIS2_PLACEMENT_3D ( 'NONE', #450, #3453, #256 ) ;
#480 = LINE ( 'NONE', #124, #3616 ) ;
#481 = LINE ( 'NONE', #2954, #2745 ) ;
#482 = ORIENTED_EDGE ( 'NONE', *, *, #573, .T. ) ;
#483 = EDGE_LOOP ( 'NONE', ( #2270, #1410 ) ) ;
#484 = AXIS2_PLACEMENT_3D ( 'NONE', #92, #3315, #445 ) ;
#485 = CARTESIAN_POINT ( 'NONE',  ( 2.785641287573401570, -23.44024467468259942, -14.97783044055317703 ) ) ;
#486 = DIRECTION ( 'NONE',  ( -0.2346514271993371814, 0.000000000000000000, -0.9720795788994407438 ) ) ;
#487 = CARTESIAN_POINT ( 'NONE',  ( 22.07924842834475143, -19.74024391174314985, -3.327519416809084696 ) ) ;
#488 = CARTESIAN_POINT ( 'NONE',  ( -16.20463444682851417, -14.69254481559801206, -10.51381663614608186 ) ) ;
#489 = ORIENTED_EDGE ( 'NONE', *, *, #3121, .T. ) ;
#490 = EDGE_CURVE ( 'NONE', #2420, #1779, #2952, .T. ) ;
#491 = PRESENTATION_STYLE_ASSIGNMENT (( #514 ) ) ;
#492 = AXIS2_PLACEMENT_3D ( 'NONE', #236, #1297, #2732 ) ;
#493 = CARTESIAN_POINT ( 'NONE',  ( 19.22551812830358742, -9.240243911743149852, -7.495180288897037357 ) ) ;
#494 = DIRECTION ( 'NONE',  ( 0.000000000000000000, -1.000000000000000000, -0.000000000000000000 ) ) ;
#495 = AXIS2_PLACEMENT_3D ( 'NONE', #2125, #3542, #1116 ) ;
#496 = VERTEX_POINT ( 'NONE', #827 ) ;
#497 = DIRECTION ( 'NONE',  ( 0.000000000000000000, 0.000000000000000000, -1.000000000000000000 ) ) ;
#498 = DIRECTION ( 'NONE',  ( 0.000000000000000000, 0.000000000000000000, -1.000000000000000000 ) ) ;
#499 = ORIENTED_EDGE ( 'NONE', *, *, #3996, .F. ) ;
#500 = CARTESIAN_POINT ( 'NONE',  ( 16.49011263901348912, -23.44024467468259942, 2.371931004688453637 ) ) ;
#501 = CARTESIAN_POINT ( 'NONE',  ( -17.42966195223688786, -12.15895782011183890, -13.95609177384072730 ) ) ;
#502 =( BOUNDED_CURVE ( )  B_SPLINE_CURVE ( 3, ( #3946, #1510, #4314, #1140 ),
 .UNSPECIFIED., .F., .F. ) 
 B_SPLINE_CURVE_WITH_KNOTS ( ( 4, 4 ),
 ( 4.532882159585466475, 4.649739656345062144 ),
 .UNSPECIFIED. ) 
 CURVE ( )  GEOMETRIC_REPRESENTATION_ITEM ( )  RATIONAL_B_SPLINE_CURVE ( ( 1.000000000000000000, 0.9988623508296525788, 0.9988623508296525788, 1.000000000000000000 ) ) 
 REPRESENTATION_ITEM ( '' )  );
#503 = LINE ( 'NONE', #1518, #4379 ) ;
#504 = ORIENTED_EDGE ( 'NONE', *, *, #1187, .F. ) ;
#505 = VERTEX_POINT ( 'NONE', #1884 ) ;
#506 = DIRECTION ( 'NONE',  ( 0.2346404648879630850, 0.000000000000000000, 0.9720822250391992769 ) ) ;
#507 = ADVANCED_FACE ( 'NONE', ( #3349 ), #1540, .F. ) ;
#508 = DIRECTION ( 'NONE',  ( 0.000000000000000000, -1.000000000000000000, 0.000000000000000000 ) ) ;
#509 = DIRECTION ( 'NONE',  ( 0.000000000000000000, -1.000000000000000000, 0.000000000000000000 ) ) ;
#510 = CARTESIAN_POINT ( 'NONE',  ( 5.172276436593879367, -19.74024467468260369, 13.27244744659476083 ) ) ;
#511 = EDGE_CURVE ( 'NONE', #1776, #1936, #3451, .T. ) ;
#512 = ORIENTED_EDGE ( 'NONE', *, *, #1958, .F. ) ;
#513 = VECTOR ( 'NONE', #1707, 1000.000000000000000 ) ;
#514 = SURFACE_STYLE_USAGE ( .BOTH. , #3666 ) ;
#515 = EDGE_CURVE ( 'NONE', #919, #439, #2766, .T. ) ;
#516 = CARTESIAN_POINT ( 'NONE',  ( -7.311831691836800928, -24.44024467468260298, -17.07072855189295524 ) ) ;
#517 = LINE ( 'NONE', #4336, #3000 ) ;
#518 = ORIENTED_EDGE ( 'NONE', *, *, #4333, .T. ) ;
#519 = CARTESIAN_POINT ( 'NONE',  ( -16.67641251653122225, -21.44024467468260298, 3.006551992505389848 ) ) ;
#520 = EDGE_CURVE ( 'NONE', #439, #4406, #1272, .T. ) ;
#521 = CARTESIAN_POINT ( 'NONE',  ( -14.60667533172692778, -23.44024467468259942, 4.328999635310111671 ) ) ;
#522 = ORIENTED_EDGE ( 'NONE', *, *, #2353, .F. ) ;
#523 = ORIENTED_EDGE ( 'NONE', *, *, #2629, .F. ) ;
#524 = CARTESIAN_POINT ( 'NONE',  ( -17.68549262636728159, -11.74024391174314985, -6.944303384435801973 ) ) ;
#525 = CARTESIAN_POINT ( 'NONE',  ( -14.72026226522625869, -11.74024391174314985, -4.340663530829781180 ) ) ;
#526 = DIRECTION ( 'NONE',  ( 0.000000000000000000, 0.000000000000000000, 1.000000000000000000 ) ) ;
#527 = EDGE_CURVE ( 'NONE', #253, #4095, #4431, .T. ) ;
#528 = ORIENTED_EDGE ( 'NONE', *, *, #3372, .F. ) ;
#529 = CONICAL_SURFACE ( 'NONE', #3109, 1.950000000000000400, 0.7853981633974514986 ) ;
#530 = ORIENTED_EDGE ( 'NONE', *, *, #2764, .F. ) ;
#531 = DIRECTION ( 'NONE',  ( 0.000000000000000000, -1.000000000000000000, 0.000000000000000000 ) ) ;
#532 = DIRECTION ( 'NONE',  ( 0.000000000000000000, 0.000000000000000000, -1.000000000000000000 ) ) ;
#533 = CARTESIAN_POINT ( 'NONE',  ( -0.2716376456724212685, -21.44024467468260298, -16.68167080711551975 ) ) ;
#534 = AXIS2_PLACEMENT_3D ( 'NONE', #1226, #838, #4033 ) ;
#535 = DIRECTION ( 'NONE',  ( -0.000000000000000000, -1.000000000000000000, -0.000000000000000000 ) ) ;
#536 = ADVANCED_FACE ( 'NONE', ( #2609 ), #1908, .F. ) ;
#537 = ORIENTED_EDGE ( 'NONE', *, *, #740, .F. ) ;
#538 = AXIS2_PLACEMENT_3D ( 'NONE', #2090, #1772, #2633 ) ;
#539 = FACE_BOUND ( 'NONE', #2849, .T. ) ;
#540 = CARTESIAN_POINT ( 'NONE',  ( 0.3635411400318456776, -17.05061318358730560, 22.32579186351250655 ) ) ;
#541 = DIRECTION ( 'NONE',  ( -0.7250925912564739617, -0.4848096202463386684, -0.4890811448232012526 ) ) ;
#542 = VECTOR ( 'NONE', #962, 1000.000000000000000 ) ;
#543 = VERTEX_POINT ( 'NONE', #2978 ) ;
#544 = CARTESIAN_POINT ( 'NONE',  ( 20.55737357146126243, -17.64325469644913369, -8.716721701908365816 ) ) ;
#545 = DIRECTION ( 'NONE',  ( 0.3653571729111340649, 0.000000000000000000, -0.9308674106457823783 ) ) ;
#546 = ORIENTED_EDGE ( 'NONE', *, *, #3448, .F. ) ;
#547 = DIRECTION ( 'NONE',  ( 0.000000000000000000, 1.000000000000000000, -0.000000000000000000 ) ) ;
#548 = EDGE_CURVE ( 'NONE', #764, #2993, #2097, .T. ) ;
#549 = EDGE_CURVE ( 'NONE', #993, #1256, #2653, .T. ) ;
#550 = CARTESIAN_POINT ( 'NONE',  ( -19.46912891146407176, -12.15895782011175008, -10.93245776565884420 ) ) ;
#551 = DIRECTION ( 'NONE',  ( -0.000000000000000000, -1.000000000000000000, -0.000000000000000000 ) ) ;
#552 = ORIENTED_EDGE ( 'NONE', *, *, #2528, .T. ) ;
#553 = AXIS2_PLACEMENT_3D ( 'NONE', #3927, #1122, #4276 ) ;
#554 = EDGE_LOOP ( 'NONE', ( #3437, #50, #779, #2779 ) ) ;
#555 = DIRECTION ( 'NONE',  ( 0.000000000000000000, 0.000000000000000000, 1.000000000000000000 ) ) ;
#556 = AXIS2_PLACEMENT_3D ( 'NONE', #2949, #1579, #2973 ) ;
#557 = CARTESIAN_POINT ( 'NONE',  ( 7.368756555013558085, -23.44024467468260653, 16.96913241080905976 ) ) ;
#558 = CARTESIAN_POINT ( 'NONE',  ( -7.916284924056191663, -20.04024391174315411, -9.363363012190484724 ) ) ;
#559 = AXIS2_PLACEMENT_3D ( 'NONE', #3632, #459, #4370 ) ;
#560 = CARTESIAN_POINT ( 'NONE',  ( 16.49011263901348912, -24.44024467468260298, 2.371931004688453637 ) ) ;
#561 = AXIS2_PLACEMENT_3D ( 'NONE', #1791, #3208, #2516 ) ;
#562 = VERTEX_POINT ( 'NONE', #895 ) ;
#563 = DIRECTION ( 'NONE',  ( 0.000000000000000000, -1.000000000000000000, 0.000000000000000000 ) ) ;
#564 = DIRECTION ( 'NONE',  ( -0.2346404648879631405, 0.000000000000000000, -0.9720822250391993880 ) ) ;
#565 = DIRECTION ( 'NONE',  ( 0.000000000000000000, -1.000000000000000000, 0.000000000000000000 ) ) ;
#566 = ORIENTED_EDGE ( 'NONE', *, *, #4145, .T. ) ;
#567 = DIRECTION ( 'NONE',  ( 0.000000000000000000, 0.000000000000000000, 1.000000000000000000 ) ) ;
#568 = VECTOR ( 'NONE', #2337, 1000.000000000000000 ) ;
#569 = DIRECTION ( 'NONE',  ( 0.000000000000000000, 0.000000000000000000, -1.000000000000000000 ) ) ;
#570 = ORIENTED_EDGE ( 'NONE', *, *, #3177, .F. ) ;
#571 = CARTESIAN_POINT ( 'NONE',  ( 5.172276436593879367, -20.04024391174315411, 13.27244744659476083 ) ) ;
#572 = LINE ( 'NONE', #1977, #719 ) ;
#573 = EDGE_CURVE ( 'NONE', #4359, #2278, #1861, .T. ) ;
#574 = EDGE_CURVE ( 'NONE', #4406, #1160, #2549, .T. ) ;
#575 = CARTESIAN_POINT ( 'NONE',  ( -12.30637163086115216, -15.51902752800122975, -8.981768447620861906 ) ) ;
#576 = EDGE_LOOP ( 'NONE', ( #1023, #3260, #3974, #679 ) ) ;
#577 = ORIENTED_EDGE ( 'NONE', *, *, #4277, .F. ) ;
#578 = CARTESIAN_POINT ( 'NONE',  ( 17.94106014214805711, -11.66756375006843349, -8.750439356946653646 ) ) ;
#579 = DIRECTION ( 'NONE',  ( 0.06101040030062734876, 0.4848096202463386128, -0.8724891765355936579 ) ) ;
#580 = LINE ( 'NONE', #1265, #2998 ) ;
#581 = EDGE_CURVE ( 'NONE', #3589, #4544, #3759, .T. ) ;
#582 = CARTESIAN_POINT ( 'NONE',  ( -15.13214827295105991, -9.240243911743149852, -13.03733768040311425 ) ) ;
#583 = ORIENTED_EDGE ( 'NONE', *, *, #2383, .F. ) ;
#584 = ORIENTED_EDGE ( 'NONE', *, *, #714, .F. ) ;
#585 = DIRECTION ( 'NONE',  ( 0.000000000000000000, 0.000000000000000000, -1.000000000000000000 ) ) ;
#586 = CARTESIAN_POINT ( 'NONE',  ( 1.309883523748409720E-06, -11.74024391174314985, -3.161786843175905636E-07 ) ) ;
#587 = CIRCLE ( 'NONE', #3091, 2.843502884254425211 ) ;
#588 = CIRCLE ( 'NONE', #4573, 2.299999337383687337 ) ;
#589 = ORIENTED_EDGE ( 'NONE', *, *, #2285, .F. ) ;
#590 = DIRECTION ( 'NONE',  ( -0.000000000000000000, -1.000000000000000000, -0.000000000000000000 ) ) ;
#591 = DIRECTION ( 'NONE',  ( 0.000000000000000000, -1.000000000000000000, 0.000000000000000000 ) ) ;
#592 = ORIENTED_EDGE ( 'NONE', *, *, #2155, .T. ) ;
#593 = EDGE_CURVE ( 'NONE', #2847, #2357, #2336, .T. ) ;
#594 = CARTESIAN_POINT ( 'NONE',  ( 11.03794002532960050, -14.54024391174315056, -10.50043296813963956 ) ) ;
#595 = CARTESIAN_POINT ( 'NONE',  ( -19.15057343207320173, -17.63466535672180058, -11.48208128286323948 ) ) ;
#596 = CARTESIAN_POINT ( 'NONE',  ( -6.876569529771007439, -19.74024467468260369, 13.59441038041812178 ) ) ;
#597 = ORIENTED_EDGE ( 'NONE', *, *, #4173, .F. ) ;
#598 = CARTESIAN_POINT ( 'NONE',  ( -10.34916939771882483, -21.44024467468257100, 11.65727099358063867 ) ) ;
#599 = LINE ( 'NONE', #3774, #608 ) ;
#600 = DIRECTION ( 'NONE',  ( 0.000000000000000000, 0.000000000000000000, -1.000000000000000000 ) ) ;
#601 = DIRECTION ( 'NONE',  ( 0.000000000000000000, 0.000000000000000000, -1.000000000000000000 ) ) ;
#602 = VERTEX_POINT ( 'NONE', #1350 ) ;
#603 = CARTESIAN_POINT ( 'NONE',  ( -14.71382932262926069, -13.00484418908095208, -5.436883760653730135 ) ) ;
#604 = DIRECTION ( 'NONE',  ( -0.2287298361037507499, 0.2590407516231902907, 0.9383925357090411312 ) ) ;
#605 = CIRCLE ( 'NONE', #3860, 18.03467105286474492 ) ;
#606 = EDGE_CURVE ( 'NONE', #3772, #4493, #121, .T. ) ;
#607 = ORIENTED_EDGE ( 'NONE', *, *, #3750, .T. ) ;
#608 = VECTOR ( 'NONE', #224, 1000.000000000000114 ) ;
#609 = ORIENTED_EDGE ( 'NONE', *, *, #3696, .T. ) ;
#610 = ADVANCED_FACE ( 'NONE', ( #3395 ), #1460, .F. ) ;
#611 = VECTOR ( 'NONE', #3423, 1000.000000000000000 ) ;
#612 = CARTESIAN_POINT ( 'NONE',  ( 21.10934044645177465, -15.64062326199238129, -7.278554556362992756 ) ) ;
#613 = DIRECTION ( 'NONE',  ( -0.000000000000000000, -1.000000000000000000, -0.000000000000000000 ) ) ;
#614 = ORIENTED_EDGE ( 'NONE', *, *, #319, .F. ) ;
#615 = CARTESIAN_POINT ( 'NONE',  ( -14.72026185385675667, -13.75544359479277290, -4.340664925884895275 ) ) ;
#616 = CYLINDRICAL_SURFACE ( 'NONE', #2853, 1.499999999999998224 ) ;
#617 = CARTESIAN_POINT ( 'NONE',  ( -12.48553130540829237, -15.55822832486195573, -8.731005393722492514 ) ) ;
#618 = EDGE_LOOP ( 'NONE', ( #3224, #4369, #3413, #1581, #909 ) ) ;
#619 = FACE_OUTER_BOUND ( 'NONE', #1870, .T. ) ;
#620 = FACE_OUTER_BOUND ( 'NONE', #1980, .T. ) ;
#621 = CARTESIAN_POINT ( 'NONE',  ( 18.78783480742141165, -5.440243911743150917, -2.831477031766768793 ) ) ;
#622 = EDGE_CURVE ( 'NONE', #1621, #2490, #572, .T. ) ;
#623 = ORIENTED_EDGE ( 'NONE', *, *, #2654, .F. ) ;
#624 = CARTESIAN_POINT ( 'NONE',  ( -14.38286457006901031, -13.48963080184645236, -5.599177075233177980 ) ) ;
#625 = DIRECTION ( 'NONE',  ( -0.7861029915571017268, 0.4848096202463385573, 0.3834080317123993997 ) ) ;
#626 = AXIS2_PLACEMENT_3D ( 'NONE', #2107, #1716, #351 ) ;
#627 = ORIENTED_EDGE ( 'NONE', *, *, #463, .T. ) ;
#628 = AXIS2_PLACEMENT_3D ( 'NONE', #4212, #3483, #3141 ) ;
#629 = ORIENTED_EDGE ( 'NONE', *, *, #4488, .F. ) ;
#630 = FACE_OUTER_BOUND ( 'NONE', #3586, .T. ) ;
#631 = CARTESIAN_POINT ( 'NONE',  ( -13.72579801425231771, -9.571756665225807481, -13.14213046738030677 ) ) ;
#632 = ORIENTED_EDGE ( 'NONE', *, *, #3541, .T. ) ;
#633 = CARTESIAN_POINT ( 'NONE',  ( 12.58546339029737915, -12.16936604058988891, -10.71838770630241378 ) ) ;
#634 = AXIS2_PLACEMENT_3D ( 'NONE', #139, #1879, #497 ) ;
#635 = DIRECTION ( 'NONE',  ( 0.000000000000000000, -1.000000000000000000, -0.000000000000000000 ) ) ;
#636 = CARTESIAN_POINT ( 'NONE',  ( -11.08594127372190918, -14.54024391174315411, -10.44974201425968374 ) ) ;
#637 = ORIENTED_EDGE ( 'NONE', *, *, #1044, .F. ) ;
#638 = CIRCLE ( 'NONE', #1600, 18.99999997190468548 ) ;
#639 = CARTESIAN_POINT ( 'NONE',  ( 18.46166439953696781, -11.26869282869138367, -4.491443310496228136 ) ) ;
#640 = CARTESIAN_POINT ( 'NONE',  ( -2.017698159884617759, -18.24024391174314985, 1.133790046969303633 ) ) ;
#641 = CARTESIAN_POINT ( 'NONE',  ( 0.000000000000000000, -24.44024467468260298, 0.000000000000000000 ) ) ;
#642 = LINE ( 'NONE', #908, #2856 ) ;
#643 = CARTESIAN_POINT ( 'NONE',  ( -1.478576377048035795, -14.06716509211449839, 21.14462254466399926 ) ) ;
#644 = ORIENTED_EDGE ( 'NONE', *, *, #1050, .F. ) ;
#645 = EDGE_CURVE ( 'NONE', #1065, #2579, #1383, .T. ) ;
#646 = CARTESIAN_POINT ( 'NONE',  ( -0.7409731225688874767, -17.80660289724664125, 22.31688256494414091 ) ) ;
#647 = CARTESIAN_POINT ( 'NONE',  ( -16.67641251653122225, -23.44024467468259942, 1.506553575639421494 ) ) ;
#648 = ORIENTED_EDGE ( 'NONE', *, *, #4031, .T. ) ;
#649 = ADVANCED_FACE ( 'NONE', ( #2368 ), #3457, .F. ) ;
#650 = EDGE_LOOP ( 'NONE', ( #3989, #1734 ) ) ;
#651 = ORIENTED_EDGE ( 'NONE', *, *, #226, .F. ) ;
#652 = ADVANCED_FACE ( 'NONE', ( #3088 ), #1250, .F. ) ;
#653 = DIRECTION ( 'NONE',  ( 0.000000000000000000, -1.000000000000000000, 0.000000000000000000 ) ) ;
#654 = AXIS2_PLACEMENT_3D ( 'NONE', #1151, #1474, #103 ) ;
#655 = CARTESIAN_POINT ( 'NONE',  ( -10.34916939771882483, -23.44024467468259942, 9.657269615893438797 ) ) ;
#656 = ORIENTED_EDGE ( 'NONE', *, *, #1044, .T. ) ;
#657 = VECTOR ( 'NONE', #635, 1000.000000000000000 ) ;
#658 = CARTESIAN_POINT ( 'NONE',  ( 0.8804592765766876550, -12.92138292565642566, 22.31162937766902843 ) ) ;
#659 = EDGE_CURVE ( 'NONE', #415, #4544, #3789, .T. ) ;
#660 = LINE ( 'NONE', #4116, #2291 ) ;
#661 = CARTESIAN_POINT ( 'NONE',  ( -4.222754281106928964, -19.74024391174314985, -10.86110217632416486 ) ) ;
#662 = EDGE_LOOP ( 'NONE', ( #3303, #4578, #4107, #1864, #1373, #1153, #2941, #1990, #482, #1412, #2748, #1447, #2916, #2484 ) ) ;
#663 = EDGE_CURVE ( 'NONE', #602, #1441, #660, .T. ) ;
#664 = CARTESIAN_POINT ( 'NONE',  ( -16.77678827290193908, -14.27831961600999300, -14.73448452269358455 ) ) ;
#665 = FACE_OUTER_BOUND ( 'NONE', #2377, .T. ) ;
#666 = DIRECTION ( 'NONE',  ( 0.000000000000000000, 1.000000000000000000, 0.000000000000000000 ) ) ;
#667 = CARTESIAN_POINT ( 'NONE',  ( -16.88595738498950638, -11.74024391174314985, -6.333545861313068848 ) ) ;
#668 = ORIENTED_EDGE ( 'NONE', *, *, #3267, .T. ) ;
#669 = CARTESIAN_POINT ( 'NONE',  ( 16.49011263901348912, -21.44024467468258877, 3.871938689363659591 ) ) ;
#670 = FACE_OUTER_BOUND ( 'NONE', #1799, .T. ) ;
#671 = EDGE_LOOP ( 'NONE', ( #2753, #4555, #2324, #1209 ) ) ;
#672 = VERTEX_POINT ( 'NONE', #940 ) ;
#673 = ADVANCED_FACE ( 'NONE', ( #4475 ), #616, .F. ) ;
#674 = ORIENTED_EDGE ( 'NONE', *, *, #728, .F. ) ;
#675 = VECTOR ( 'NONE', #1598, 999.9999999999998863 ) ;
#676 = CARTESIAN_POINT ( 'NONE',  ( 7.956909380083213357, -20.04024391174315411, 9.640970585084494004 ) ) ;
#677 = CONICAL_SURFACE ( 'NONE', #2224, 2.843502884254425211, 0.7853981633974438381 ) ;
#678 = CARTESIAN_POINT ( 'NONE',  ( 7.368756555013558085, -23.44024467468260653, 16.96913241080905976 ) ) ;
#679 = ORIENTED_EDGE ( 'NONE', *, *, #767, .F. ) ;
#680 = AXIS2_PLACEMENT_3D ( 'NONE', #4237, #7, #1061 ) ;
#681 = CARTESIAN_POINT ( 'NONE',  ( 17.83328531906218828, -11.74024391174314985, -2.687618781367415277 ) ) ;
#682 = CARTESIAN_POINT ( 'NONE',  ( -5.405131727644559625, -11.74024391174314985, 17.20563602404304504 ) ) ;
#683 = CARTESIAN_POINT ( 'NONE',  ( -10.71758538135350136, -13.97230051526935490, -10.88303190893968164 ) ) ;
#684 = ADVANCED_FACE ( 'NONE', ( #1696 ), #3110, .F. ) ;
#685 = VERTEX_POINT ( 'NONE', #1812 ) ;
#686 = CARTESIAN_POINT ( 'NONE',  ( -17.13160453584793785, -16.58458335966598085, -14.32199595387200830 ) ) ;
#687 = DIRECTION ( 'NONE',  ( 0.000000000000000000, 1.000000000000000000, -0.000000000000000000 ) ) ;
#688 = DIRECTION ( 'NONE',  ( 0.06101040030062737651, 0.4848096202463385573, -0.8724891765355937689 ) ) ;
#689 = CARTESIAN_POINT ( 'NONE',  ( -16.67641251653122225, -23.44024467468259942, 5.006555543340613035 ) ) ;
#690 = VERTEX_POINT ( 'NONE', #4315 ) ;
#691 = LINE ( 'NONE', #1386, #4357 ) ;
#692 = LINE ( 'NONE', #2096, #2450 ) ;
#693 = ORIENTED_EDGE ( 'NONE', *, *, #3121, .F. ) ;
#694 = VERTEX_POINT ( 'NONE', #1422 ) ;
#695 = EDGE_LOOP ( 'NONE', ( #2918, #3488, #2407, #344, #1262, #1822 ) ) ;
#696 = AXIS2_PLACEMENT_3D ( 'NONE', #3785, #613, #1320 ) ;
#697 = DIRECTION ( 'NONE',  ( 0.000000000000000000, -1.000000000000000000, -0.000000000000000000 ) ) ;
#698 = AXIS2_PLACEMENT_3D ( 'NONE', #1263, #223, #4391 ) ;
#699 = ORIENTED_EDGE ( 'NONE', *, *, #2150, .T. ) ;
#700 = CARTESIAN_POINT ( 'NONE',  ( 12.04046187247380217, -13.48963080184645591, -9.656337559254435376 ) ) ;
#701 = CARTESIAN_POINT ( 'NONE',  ( -0.2716376456724211019, -19.74024467468260369, -15.18166627350870712 ) ) ;
#702 = EDGE_CURVE ( 'NONE', #1300, #2676, #4337, .T. ) ;
#703 = EDGE_CURVE ( 'NONE', #2258, #3517, #43, .T. ) ;
#704 = CYLINDRICAL_SURFACE ( 'NONE', #4253, 1.500007684675205955 ) ;
#705 = ORIENTED_EDGE ( 'NONE', *, *, #1480, .T. ) ;
#706 = FACE_BOUND ( 'NONE', #4419, .T. ) ;
#707 = EDGE_CURVE ( 'NONE', #1611, #771, #2903, .T. ) ;
#708 = DIRECTION ( 'NONE',  ( 0.7250925912564739617, 0.4848096202463386684, 0.4890811448232012526 ) ) ;
#709 = DIRECTION ( 'NONE',  ( 0.000000000000000000, -1.000000000000000000, -0.000000000000000000 ) ) ;
#710 = DIRECTION ( 'NONE',  ( 0.000000000000000000, 0.000000000000000000, -1.000000000000000000 ) ) ;
#711 = VERTEX_POINT ( 'NONE', #428 ) ;
#712 = CARTESIAN_POINT ( 'NONE',  ( -7.368758282292265704, -19.74024467468260369, -16.96913001305625812 ) ) ;
#713 = CARTESIAN_POINT ( 'NONE',  ( -11.59201112060479844, -23.94024467468259942, 9.885366976939685912 ) ) ;
#714 = EDGE_CURVE ( 'NONE', #3876, #4477, #16, .T. ) ;
#715 = ORIENTED_EDGE ( 'NONE', *, *, #2061, .F. ) ;
#716 = EDGE_CURVE ( 'NONE', #4493, #942, #1787, .T. ) ;
#717 = ORIENTED_EDGE ( 'NONE', *, *, #527, .F. ) ;
#718 = EDGE_LOOP ( 'NONE', ( #1253, #3374, #4402 ) ) ;
#719 = VECTOR ( 'NONE', #4158, 1000.000000000000227 ) ;
#720 = ORIENTED_EDGE ( 'NONE', *, *, #171, .F. ) ;
#721 = CARTESIAN_POINT ( 'NONE',  ( -16.67641251653122225, -21.44024467468260298, 3.006551992505389848 ) ) ;
#722 = DIRECTION ( 'NONE',  ( 0.000000000000000000, 0.000000000000000000, -1.000000000000000000 ) ) ;
#723 = VERTEX_POINT ( 'NONE', #2857 ) ;
#724 = CARTESIAN_POINT ( 'NONE',  ( -10.34916939771882483, -21.44024467468257100, 13.15727493585568197 ) ) ;
#725 = CIRCLE ( 'NONE', #1905, 1.499998416865968354 ) ;
#726 = CARTESIAN_POINT ( 'NONE',  ( -5.034857560989410175, -12.55653130960080333, 15.23869537389334106 ) ) ;
#727 = DIRECTION ( 'NONE',  ( 0.000000000000000000, -1.000000000000000000, 0.000000000000000000 ) ) ;
#728 = EDGE_CURVE ( 'NONE', #4247, #2144, #863, .T. ) ;
#729 = ORIENTED_EDGE ( 'NONE', *, *, #1623, .F. ) ;
#730 = DIRECTION ( 'NONE',  ( 0.9591681338952283697, 0.000000000000000000, 0.2828365091708371915 ) ) ;
#731 = DIRECTION ( 'NONE',  ( 0.5064050326945283009, 0.000000000000000000, 0.8622957397909686295 ) ) ;
#732 = CARTESIAN_POINT ( 'NONE',  ( 0.000000000000000000, -19.74024467468260369, 0.000000000000000000 ) ) ;
#733 = CARTESIAN_POINT ( 'NONE',  ( -3.371499037574388957, -12.15895782011171455, 22.07257591693268139 ) ) ;
#734 = ORIENTED_EDGE ( 'NONE', *, *, #3310, .T. ) ;
#735 = FACE_BOUND ( 'NONE', #2215, .T. ) ;
#736 = DIRECTION ( 'NONE',  ( 0.000000000000000000, 0.000000000000000000, 1.000000000000000000 ) ) ;
#737 = CARTESIAN_POINT ( 'NONE',  ( -0.2716376456724212685, -21.44024467468260298, -16.68167080711551975 ) ) ;
#738 = EDGE_LOOP ( 'NONE', ( #2975, #1545, #2145, #3019, #2803, #1378, #566, #2700, #1664, #2315, #3745 ) ) ;
#739 = ORIENTED_EDGE ( 'NONE', *, *, #4296, .F. ) ;
#740 = EDGE_CURVE ( 'NONE', #3122, #251, #2561, .T. ) ;
#741 = EDGE_CURVE ( 'NONE', #2804, #871, #3182, .T. ) ;
#742 = DIRECTION ( 'NONE',  ( -0.7594384864201477736, 0.000000000000000000, 0.6505791153609797872 ) ) ;
#743 = CARTESIAN_POINT ( 'NONE',  ( 16.49011263901348912, -23.44024467468259942, -1.128081874230041581 ) ) ;
#744 = VECTOR ( 'NONE', #2709, 1000.000000000000000 ) ;
#745 = ORIENTED_EDGE ( 'NONE', *, *, #3347, .T. ) ;
#746 = CYLINDRICAL_SURFACE ( 'NONE', #4463, 3.500012878918495218 ) ;
#747 = CIRCLE ( 'NONE', #831, 1.950000000000000400 ) ;
#748 = LINE ( 'NONE', #2153, #2108 ) ;
#749 = CARTESIAN_POINT ( 'NONE',  ( 14.34286924013302311, -19.74024467468260369, 5.135883959888595918 ) ) ;
#750 = ORIENTED_EDGE ( 'NONE', *, *, #2908, .F. ) ;
#751 = VECTOR ( 'NONE', #3479, 1000.000000000000000 ) ;
#752 = CARTESIAN_POINT ( 'NONE',  ( 16.49011263901348912, -23.44024467468259942, 2.371931004688453637 ) ) ;
#753 = CARTESIAN_POINT ( 'NONE',  ( -16.67641251653122225, -23.44024467468259942, -1.993448392061769825 ) ) ;
#754 = AXIS2_PLACEMENT_3D ( 'NONE', #3157, #2465, #1788 ) ;
#755 = CARTESIAN_POINT ( 'NONE',  ( 0.000000000000000000, -24.44024467468260298, 0.000000000000000000 ) ) ;
#756 = CARTESIAN_POINT ( 'NONE',  ( 0.000000000000000000, -11.74024391174314985, 0.000000000000000000 ) ) ;
#757 = VERTEX_POINT ( 'NONE', #4589 ) ;
#758 = ORIENTED_EDGE ( 'NONE', *, *, #3756, .F. ) ;
#759 = DIRECTION ( 'NONE',  ( 0.000000000000000000, -1.000000000000000000, 0.000000000000000000 ) ) ;
#760 = CARTESIAN_POINT ( 'NONE',  ( -10.34916939771882483, -23.44024467468259942, 13.15727493585568197 ) ) ;
#761 = DIRECTION ( 'NONE',  ( 0.000000000000000000, 0.000000000000000000, -1.000000000000000000 ) ) ;
#762 = EDGE_LOOP ( 'NONE', ( #338, #3513, #2193, #1049 ) ) ;
#763 = EDGE_CURVE ( 'NONE', #2480, #126, #1836, .T. ) ;
#764 = VERTEX_POINT ( 'NONE', #1468 ) ;
#765 = DIRECTION ( 'NONE',  ( 0.000000000000000000, -1.000000000000000000, 0.000000000000000000 ) ) ;
#766 = B_SPLINE_CURVE_WITH_KNOTS ( 'NONE', 3,
 ( #2292, #95, #1168, #3644, #2604, #472, #4360, #2926 ),
 .UNSPECIFIED., .F., .F.,
 ( 4, 2, 2, 4 ),
 ( 0.000000000000000000, 0.001419897010465086089, 0.002129845515697626965, 0.002839794020930167841 ),
 .UNSPECIFIED. ) ;
#767 = EDGE_CURVE ( 'NONE', #3945, #1727, #2487, .T. ) ;
#768 = DIRECTION ( 'NONE',  ( -0.000000000000000000, -1.000000000000000000, -0.000000000000000000 ) ) ;
#769 = APPLICATION_PROTOCOL_DEFINITION ( 'draft international standard', 'automotive_design', 1998, #3493 ) ;
#770 = VECTOR ( 'NONE', #1695, 1000.000000000000000 ) ;
#771 = VERTEX_POINT ( 'NONE', #4272 ) ;
#772 = CIRCLE ( 'NONE', #3432, 15.23467105286474599 ) ;
#773 = CARTESIAN_POINT ( 'NONE',  ( 1.269216190945595235, -15.07042046688800951, 22.29248613340991625 ) ) ;
#774 = EDGE_CURVE ( 'NONE', #3734, #2347, #3299, .T. ) ;
#775 = VECTOR ( 'NONE', #506, 1000.000000000000000 ) ;
#776 = DIRECTION ( 'NONE',  ( 0.06101040030062737651, 0.4848096202463385573, -0.8724891765355937689 ) ) ;
#777 = DIRECTION ( 'NONE',  ( 0.000000000000000000, 1.000000000000000000, 0.000000000000000000 ) ) ;
#778 = CIRCLE ( 'NONE', #1146, 18.99999997190468903 ) ;
#779 = ORIENTED_EDGE ( 'NONE', *, *, #659, .T. ) ;
#780 = AXIS2_PLACEMENT_3D ( 'NONE', #2120, #14, #1433 ) ;
#781 = CARTESIAN_POINT ( 'NONE',  ( -11.84604844345274799, -5.440243911743150917, -14.85500370944918380 ) ) ;
#782 = CIRCLE ( 'NONE', #3367, 1.950000000000000400 ) ;
#783 = CARTESIAN_POINT ( 'NONE',  ( 0.000000000000000000, -19.74024467468260369, 0.000000000000000000 ) ) ;
#784 = CYLINDRICAL_SURFACE ( 'NONE', #2944, 2.843502884254435870 ) ;
#785 = DIRECTION ( 'NONE',  ( 0.000000000000000000, 0.000000000000000000, 1.000000000000000000 ) ) ;
#786 = ORIENTED_EDGE ( 'NONE', *, *, #490, .T. ) ;
#787 = CARTESIAN_POINT ( 'NONE',  ( -16.54863284846489435, -11.66756375006843349, -11.16219417545149462 ) ) ;
#788 = DIRECTION ( 'NONE',  ( -0.5249248720733412643, -0.8511485643991806294, 0.000000000000000000 ) ) ;
#789 = ORIENTED_EDGE ( 'NONE', *, *, #3907, .T. ) ;
#790 = AXIS2_PLACEMENT_3D ( 'NONE', #1211, #3697, #2625 ) ;
#791 = ORIENTED_EDGE ( 'NONE', *, *, #932, .T. ) ;
#792 = EDGE_CURVE ( 'NONE', #1005, #1235, #1158, .T. ) ;
#793 = VERTEX_POINT ( 'NONE', #3501 ) ;
#794 = DIRECTION ( 'NONE',  ( 0.000000000000000000, -1.000000000000000000, -0.000000000000000000 ) ) ;
#795 = EDGE_CURVE ( 'NONE', #1300, #3298, #748, .T. ) ;
#796 = B_SPLINE_CURVE_WITH_KNOTS ( 'NONE', 3,
 ( #1909, #3652, #2979, #3373 ),
 .UNSPECIFIED., .F., .F.,
 ( 4, 4 ),
 ( 0.000000000000000000, 1.000000000000000000 ),
 .UNSPECIFIED. ) ;
#797 = CARTESIAN_POINT ( 'NONE',  ( -3.625799435722081743, -12.39233191074030493, 22.03373253268806309 ) ) ;
#798 = VECTOR ( 'NONE', #4365, 1000.000000000000000 ) ;
#799 = LINE ( 'NONE', #1164, #3292 ) ;
#800 = ORIENTED_EDGE ( 'NONE', *, *, #2445, .F. ) ;
#801 = CARTESIAN_POINT ( 'NONE',  ( 1.229229711944406667, -15.31635584020276397, 22.29480931430853019 ) ) ;
#802 = CARTESIAN_POINT ( 'NONE',  ( 20.81393584012355902, -17.12011434117312092, -8.084657253642950181 ) ) ;
#803 = CARTESIAN_POINT ( 'NONE',  ( -10.34916939771882483, -23.44024467468259942, 16.65728025581792338 ) ) ;
#804 = ORIENTED_EDGE ( 'NONE', *, *, #1871, .T. ) ;
#805 = AXIS2_PLACEMENT_3D ( 'NONE', #755, #1793, #1841 ) ;
#806 = CARTESIAN_POINT ( 'NONE',  ( -5.405131727644559625, -11.74024391174314985, 17.20563602404304504 ) ) ;
#807 = EDGE_CURVE ( 'NONE', #2579, #1065, #3223, .T. ) ;
#808 = CARTESIAN_POINT ( 'NONE',  ( 0.000000000000000000, -19.74024467468260369, 0.000000000000000000 ) ) ;
#809 = DIRECTION ( 'NONE',  ( 0.7245358233497231071, 0.000000000000000000, -0.6892371440099110957 ) ) ;
#810 = FACE_OUTER_BOUND ( 'NONE', #762, .T. ) ;
#811 = EDGE_CURVE ( 'NONE', #39, #1430, #4043, .T. ) ;
#812 = EDGE_LOOP ( 'NONE', ( #3431, #3172, #1317, #1882, #3206, #1113 ) ) ;
#813 = FACE_BOUND ( 'NONE', #366, .T. ) ;
#814 = ADVANCED_FACE ( 'NONE', ( #3972 ), #191, .T. ) ;
#815 = CARTESIAN_POINT ( 'NONE',  ( 0.000000000000000000, -19.74024467468260369, 0.000000000000000000 ) ) ;
#816 = VERTEX_POINT ( 'NONE', #890 ) ;
#817 = ORIENTED_EDGE ( 'NONE', *, *, #2929, .F. ) ;
#818 = ORIENTED_EDGE ( 'NONE', *, *, #119, .T. ) ;
#819 =( NAMED_UNIT ( * ) PLANE_ANGLE_UNIT ( ) SI_UNIT ( $, .RADIAN. ) );
#820 = CARTESIAN_POINT ( 'NONE',  ( -3.371499037574388957, -12.15895782011171455, 22.07257591693268139 ) ) ;
#821 = CARTESIAN_POINT ( 'NONE',  ( -6.589096430256929260, -14.54024391174315056, 16.78788754482865286 ) ) ;
#822 = ORIENTED_EDGE ( 'NONE', *, *, #1730, .T. ) ;
#823 = DIRECTION ( 'NONE',  ( 0.000000000000000000, 1.000000000000000000, -0.000000000000000000 ) ) ;
#824 = CARTESIAN_POINT ( 'NONE',  ( -1.341699368004058757, -12.97949331077753143, 19.18719056062560213 ) ) ;
#825 = ORIENTED_EDGE ( 'NONE', *, *, #2794, .T. ) ;
#826 = CARTESIAN_POINT ( 'NONE',  ( -8.845427439935130920, -18.24024391174314985, -18.73249190184475310 ) ) ;
#827 = CARTESIAN_POINT ( 'NONE',  ( -14.60667533172692778, -24.44024467468260298, 4.328999635310111671 ) ) ;
#828 = CARTESIAN_POINT ( 'NONE',  ( -10.34916939771882483, -19.74024467468260369, 11.65727099358063867 ) ) ;
#829 = CARTESIAN_POINT ( 'NONE',  ( 18.14453033080962641, -9.240243911743151628, -5.637022086767763618 ) ) ;
#830 = EDGE_CURVE ( 'NONE', #3362, #4303, #986, .T. ) ;
#831 = AXIS2_PLACEMENT_3D ( 'NONE', #557, #1613, #4437 ) ;
#832 = ORIENTED_EDGE ( 'NONE', *, *, #4074, .T. ) ;
#833 = ORIENTED_EDGE ( 'NONE', *, *, #874, .T. ) ;
#834 = CARTESIAN_POINT ( 'NONE',  ( -9.287605346283831358E-07, -11.74024391174314985, -9.763030654060001250E-07 ) ) ;
#835 = DIRECTION ( 'NONE',  ( 0.000000000000000000, -1.000000000000000000, 0.000000000000000000 ) ) ;
#836 = AXIS2_PLACEMENT_3D ( 'NONE', #1986, #4529, #948 ) ;
#837 = DIRECTION ( 'NONE',  ( 0.000000000000000000, 0.000000000000000000, -1.000000000000000000 ) ) ;
#838 = DIRECTION ( 'NONE',  ( 0.000000000000000000, 1.000000000000000000, -0.000000000000000000 ) ) ;
#839 = B_SPLINE_CURVE_WITH_KNOTS ( 'NONE', 3,
 ( #1208, #2576, #2920, #4335, #2620, #4040, #2645, #3338, #3966, #1831, #4015, #3716, #841, #3669, #3314, #4061, #886, #2195, #3619, #2289, #3245, #68, #3987, #1162, #1483, #2898, #797, #820 ),
 .UNSPECIFIED., .F., .F.,
 ( 4, 2, 2, 2, 2, 2, 2, 2, 2, 2, 2, 2, 2, 4 ),
 ( 0.006890196073147284578, 0.007402207068666921165, 0.007914218064186557752, 0.008426229059706193472, 0.008938240055225830927, 0.009450251050745466647, 0.009962262046265102367, 0.01098628403730438421, 0.01201030602834366606, 0.01252231702386330525, 0.01303432801938294618, 0.01354633901490258537, 0.01405835001042222629, 0.01508237200146150814 ),
 .UNSPECIFIED. ) ;
#840 = ORIENTED_EDGE ( 'NONE', *, *, #3541, .F. ) ;
#841 = CARTESIAN_POINT ( 'NONE',  ( -3.520558283054392223, -16.99351747923310185, 22.04955192110058704 ) ) ;
#842 = DIRECTION ( 'NONE',  ( -0.000000000000000000, -1.000000000000000000, -0.000000000000000000 ) ) ;
#843 = ORIENTED_EDGE ( 'NONE', *, *, #4422, .F. ) ;
#844 = CARTESIAN_POINT ( 'NONE',  ( -2.992416143417360619, -18.24024391174314985, -8.766108512878421521 ) ) ;
#845 = DIRECTION ( 'NONE',  ( -0.000000000000000000, 1.000000000000000000, -0.000000000000000000 ) ) ;
#846 = ORIENTED_EDGE ( 'NONE', *, *, #4216, .T. ) ;
#847 = CARTESIAN_POINT ( 'NONE',  ( 14.34286924013302311, -24.44024467468260298, 5.135883959888596806 ) ) ;
#848 = VECTOR ( 'NONE', #2183, 1000.000000000000000 ) ;
#849 = EDGE_CURVE ( 'NONE', #2847, #2560, #766, .T. ) ;
#850 = EDGE_CURVE ( 'NONE', #4041, #1736, #3674, .T. ) ;
#851 = CARTESIAN_POINT ( 'NONE',  ( -18.15908131615623944, -11.70617198861649833, -12.99282029131266114 ) ) ;
#852 = VECTOR ( 'NONE', #545, 1000.000000000000114 ) ;
#853 = CARTESIAN_POINT ( 'NONE',  ( -4.222754281106928964, -20.04024391174315411, -10.86110217632416486 ) ) ;
#854 = VERTEX_POINT ( 'NONE', #1189 ) ;
#855 = ORIENTED_EDGE ( 'NONE', *, *, #3990, .T. ) ;
#856 = EDGE_CURVE ( 'NONE', #1365, #1936, #4020, .T. ) ;
#857 = LINE ( 'NONE', #1110, #3139 ) ;
#858 = DIRECTION ( 'NONE',  ( 0.000000000000000000, 0.000000000000000000, -1.000000000000000000 ) ) ;
#859 = DIRECTION ( 'NONE',  ( -0.000000000000000000, -1.000000000000000000, -0.000000000000000000 ) ) ;
#860 = DIRECTION ( 'NONE',  ( 0.000000000000000000, 0.000000000000000000, -1.000000000000000000 ) ) ;
#861 = EDGE_LOOP ( 'NONE', ( #4051, #2636 ) ) ;
#862 = CARTESIAN_POINT ( 'NONE',  ( -15.73400464349252204, -12.06844572128773230, -5.610297860221575839 ) ) ;
#863 = CIRCLE ( 'NONE', #1008, 1.500000000000008882 ) ;
#864 = ADVANCED_FACE ( 'NONE', ( #4403 ), #2972, .T. ) ;
#865 = CARTESIAN_POINT ( 'NONE',  ( 19.05106846563615619, -14.06716509211449839, -9.291826568372927753 ) ) ;
#866 = DIRECTION ( 'NONE',  ( 0.000000000000000000, 0.000000000000000000, -1.000000000000000000 ) ) ;
#867 = AXIS2_PLACEMENT_3D ( 'NONE', #3842, #3360, #268 ) ;
#868 = ORIENTED_EDGE ( 'NONE', *, *, #3995, .F. ) ;
#869 = CARTESIAN_POINT ( 'NONE',  ( 18.77859629491452509, -15.88922176410211051, -12.08074969927399245 ) ) ;
#870 = FACE_OUTER_BOUND ( 'NONE', #3147, .T. ) ;
#871 = VERTEX_POINT ( 'NONE', #519 ) ;
#872 = CARTESIAN_POINT ( 'NONE',  ( -7.916284924056191663, -19.74024391174314985, -9.363363012190486501 ) ) ;
#873 = CARTESIAN_POINT ( 'NONE',  ( 15.86308080192587155, -12.41928978177621445, -3.263631400819930306 ) ) ;
#874 = EDGE_CURVE ( 'NONE', #4303, #2241, #2870, .T. ) ;
#875 = DIRECTION ( 'NONE',  ( 0.000000000000000000, 1.000000000000000000, -0.000000000000000000 ) ) ;
#876 = EDGE_LOOP ( 'NONE', ( #597, #843, #745, #66 ) ) ;
#877 = ORIENTED_EDGE ( 'NONE', *, *, #362, .F. ) ;
#878 = DIRECTION ( 'NONE',  ( 0.000000000000000000, 0.000000000000000000, -1.000000000000000000 ) ) ;
#879 = CYLINDRICAL_SURFACE ( 'NONE', #2741, 22.32858287865848368 ) ;
#880 = DIRECTION ( 'NONE',  ( -0.000000000000000000, 1.000000000000000000, -0.000000000000000000 ) ) ;
#881 = CIRCLE ( 'NONE', #352, 3.500001967701191319 ) ;
#882 = CARTESIAN_POINT ( 'NONE',  ( -18.22419489818416594, -11.74024391174314985, -5.373892373817770185 ) ) ;
#883 = VERTEX_POINT ( 'NONE', #1692 ) ;
#884 = LINE ( 'NONE', #3016, #3986 ) ;
#885 = CARTESIAN_POINT ( 'NONE',  ( -16.88595738498950638, -11.74024391174314985, -6.333545861313068848 ) ) ;
#886 = CARTESIAN_POINT ( 'NONE',  ( -4.329518652273667279, -15.30792069672611788, 21.90484106253665431 ) ) ;
#887 = EDGE_CURVE ( 'NONE', #1808, #3959, #1523, .T. ) ;
#888 = EDGE_LOOP ( 'NONE', ( #1924, #2210, #734, #1182 ) ) ;
#889 = EDGE_CURVE ( 'NONE', #1527, #3504, #1003, .T. ) ;
#890 = CARTESIAN_POINT ( 'NONE',  ( 10.59435114265487066, -20.04024391174315411, 6.571359617794060526 ) ) ;
#891 = DIRECTION ( 'NONE',  ( 0.7250925912564737397, 0.4848096202463385573, 0.4890811448232011416 ) ) ;
#892 = EDGE_LOOP ( 'NONE', ( #921, #370, #1795, #3828, #4241, #1385, #1249, #2758 ) ) ;
#893 = EDGE_LOOP ( 'NONE', ( #2787, #1715, #4078, #2662 ) ) ;
#894 = CYLINDRICAL_SURFACE ( 'NONE', #1068, 3.500005319962242734 ) ;
#895 = CARTESIAN_POINT ( 'NONE',  ( 16.17767524719240058, -19.74024391174314985, -15.38988113403320312 ) ) ;
#896 = DIRECTION ( 'NONE',  ( -0.000000000000000000, 1.000000000000000000, -0.000000000000000000 ) ) ;
#897 = ORIENTED_EDGE ( 'NONE', *, *, #1622, .T. ) ;
#898 = ORIENTED_EDGE ( 'NONE', *, *, #2552, .F. ) ;
#899 = DIRECTION ( 'NONE',  ( 0.000000000000000000, -1.000000000000000000, -0.000000000000000000 ) ) ;
#900 = CYLINDRICAL_SURFACE ( 'NONE', #2526, 18.99999997190468548 ) ;
#901 = CARTESIAN_POINT ( 'NONE',  ( 3.586436940243186378, -19.74024467468260369, 14.85809725208924092 ) ) ;
#902 = AXIS2_PLACEMENT_3D ( 'NONE', #2743, #4480, #2678 ) ;
#903 = CARTESIAN_POINT ( 'NONE',  ( -1.396608728274626010, -13.41582196899924284, 19.97243081950765031 ) ) ;
#904 = ORIENTED_EDGE ( 'NONE', *, *, #1127, .T. ) ;
#905 = VECTOR ( 'NONE', #551, 1000.000000000000000 ) ;
#906 = CARTESIAN_POINT ( 'NONE',  ( 1.602881691867982683, -19.74024391174314985, -0.9413329071678272486 ) ) ;
#907 = DIRECTION ( 'NONE',  ( 0.000000000000000000, 0.000000000000000000, -1.000000000000000000 ) ) ;
#908 = CARTESIAN_POINT ( 'NONE',  ( -16.67641251653122225, -23.44024467468259942, 5.006555543340613035 ) ) ;
#909 = ORIENTED_EDGE ( 'NONE', *, *, #3852, .T. ) ;
#910 = EDGE_CURVE ( 'NONE', #2467, #2480, #153, .T. ) ;
#911 = EDGE_CURVE ( 'NONE', #1406, #2384, #3672, .T. ) ;
#912 = CARTESIAN_POINT ( 'NONE',  ( -6.479578495025640983, -18.24024391174314985, -6.806593418121340555 ) ) ;
#913 = CARTESIAN_POINT ( 'NONE',  ( -10.34916939771882483, -21.44024467468257100, 14.65727887813072350 ) ) ;
#914 = ORIENTED_EDGE ( 'NONE', *, *, #4585, .T. ) ;
#915 = EDGE_CURVE ( 'NONE', #2869, #1776, #4469, .T. ) ;
#916 = DIRECTION ( 'NONE',  ( 0.000000000000000000, -1.000000000000000000, -0.000000000000000000 ) ) ;
#917 = CARTESIAN_POINT ( 'NONE',  ( -18.75205388229700176, -11.67191276023751811, -12.12307264873712676 ) ) ;
#918 = CARTESIAN_POINT ( 'NONE',  ( -17.70067033223751451, -9.840997998522679424, -13.10502679962081984 ) ) ;
#919 = VERTEX_POINT ( 'NONE', #3084 ) ;
#920 = VECTOR ( 'NONE', #4363, 1000.000000000000000 ) ;
#921 = ORIENTED_EDGE ( 'NONE', *, *, #2927, .T. ) ;
#922 = FACE_OUTER_BOUND ( 'NONE', #695, .T. ) ;
#923 = AXIS2_PLACEMENT_3D ( 'NONE', #3412, #1646, #1299 ) ;
#924 = DIRECTION ( 'NONE',  ( 0.5064050326945274128, 0.000000000000000000, 0.8622957397909691846 ) ) ;
#925 = CARTESIAN_POINT ( 'NONE',  ( -17.25569779547369720, -9.407182151902649281, -7.954217662024986701 ) ) ;
#926 = CIRCLE ( 'NONE', #3579, 1.500000000000008882 ) ;
#927 = CARTESIAN_POINT ( 'NONE',  ( -16.67641251653122225, -24.44024467468260298, -1.993448392061769825 ) ) ;
#928 = AXIS2_PLACEMENT_3D ( 'NONE', #3422, #246, #1106 ) ;
#929 = ORIENTED_EDGE ( 'NONE', *, *, #2025, .F. ) ;
#930 = DIRECTION ( 'NONE',  ( 0.1490251121269899337, -0.000000000000000000, 0.9888334116298549414 ) ) ;
#931 = CARTESIAN_POINT ( 'NONE',  ( 14.85668945569119082, -11.74024391174314985, -11.84393420065867808 ) ) ;
#932 = EDGE_CURVE ( 'NONE', #4477, #757, #3442, .T. ) ;
#933 = VERTEX_POINT ( 'NONE', #4152 ) ;
#934 = B_SPLINE_CURVE_WITH_KNOTS ( 'NONE', 3,
 ( #872, #4430, #3768, #2694 ),
 .UNSPECIFIED., .F., .F.,
 ( 4, 4 ),
 ( 0.000000000000000000, 1.000000000000000000 ),
 .UNSPECIFIED. ) ;
#935 = CARTESIAN_POINT ( 'NONE',  ( -3.121742528022668051, -9.240243911743149852, 20.39737724447765643 ) ) ;
#936 = AXIS2_PLACEMENT_3D ( 'NONE', #3763, #4490, #3429 ) ;
#937 = DIRECTION ( 'NONE',  ( -0.6505791381832861653, 0.000000000000000000, -0.7594384668692341078 ) ) ;
#938 = VERTEX_POINT ( 'NONE', #3388 ) ;
#939 = DIRECTION ( 'NONE',  ( 0.8660254037844432595, 0.000000000000000000, -0.4999999999999919509 ) ) ;
#940 = CARTESIAN_POINT ( 'NONE',  ( -16.80216848883442537, -9.240243911743149852, -12.49897963337429019 ) ) ;
#941 = CARTESIAN_POINT ( 'NONE',  ( -11.24322711335397074, -14.74823821808551649, -10.28288032724677947 ) ) ;
#942 = VERTEX_POINT ( 'NONE', #1624 ) ;
#943 = ADVANCED_FACE ( 'NONE', ( #4448, #977, #1274 ), #3410, .F. ) ;
#944 = ORIENTED_EDGE ( 'NONE', *, *, #3854, .F. ) ;
#945 = FACE_BOUND ( 'NONE', #483, .T. ) ;
#946 = DIRECTION ( 'NONE',  ( 0.000000000000000000, 1.000000000000000000, -0.000000000000000000 ) ) ;
#947 = CARTESIAN_POINT ( 'NONE',  ( 7.468613574803566506E-08, -11.74024391174314985, -5.955808618801808437E-08 ) ) ;
#948 = DIRECTION ( 'NONE',  ( 0.2624624360366730191, -0.8511485643991807404, -0.4545982742938088905 ) ) ;
#949 = ADVANCED_FACE ( 'NONE', ( #630 ), #1991, .T. ) ;
#950 = VERTEX_POINT ( 'NONE', #2712 ) ;
#951 = LINE ( 'NONE', #906, #2578 ) ;
#952 = LINE ( 'NONE', #4170, #1486 ) ;
#953 = CIRCLE ( 'NONE', #3243, 1.500000000000008660 ) ;
#954 = AXIS2_PLACEMENT_3D ( 'NONE', #3514, #4556, #4239 ) ;
#955 = ORIENTED_EDGE ( 'NONE', *, *, #645, .F. ) ;
#956 = CARTESIAN_POINT ( 'NONE',  ( -0.6502960343959007794, -15.83606536679733523, 18.67977931537611269 ) ) ;
#957 = CARTESIAN_POINT ( 'NONE',  ( -11.59201112060480021, -23.44024467468259942, 9.885366976939687689 ) ) ;
#958 = ORIENTED_EDGE ( 'NONE', *, *, #795, .T. ) ;
#959 = CARTESIAN_POINT ( 'NONE',  ( 12.34318987689403890, -12.41276168467298824, -10.49657291076731802 ) ) ;
#960 = DIRECTION ( 'NONE',  ( 0.2624624360366730191, -0.8511485643991801853, -0.4545982742938097787 ) ) ;
#961 = EDGE_CURVE ( 'NONE', #3270, #3859, #277, .T. ) ;
#962 = DIRECTION ( 'NONE',  ( -0.000000000000000000, -1.000000000000000000, -0.000000000000000000 ) ) ;
#963 = ORIENTED_EDGE ( 'NONE', *, *, #3873, .T. ) ;
#964 = EDGE_CURVE ( 'NONE', #4435, #2879, #2363, .T. ) ;
#965 = CARTESIAN_POINT ( 'NONE',  ( -2.992416143417361063, -20.04024391174315411, -14.47999171228702942 ) ) ;
#966 = LINE ( 'NONE', #2002, #180 ) ;
#967 = CARTESIAN_POINT ( 'NONE',  ( -17.68549262636728159, -11.74024391174314985, -6.944303384435801973 ) ) ;
#968 = CIRCLE ( 'NONE', #4151, 3.500001967701191319 ) ;
#969 = ORIENTED_EDGE ( 'NONE', *, *, #226, .T. ) ;
#970 = CARTESIAN_POINT ( 'NONE',  ( -7.368758282292265704, -23.44024467468258521, -18.91913001305626096 ) ) ;
#971 = EDGE_CURVE ( 'NONE', #3328, #2574, #2635, .T. ) ;
#972 = CARTESIAN_POINT ( 'NONE',  ( 16.49011263901348912, -19.74024467468260369, 3.871938689363659591 ) ) ;
#973 = VECTOR ( 'NONE', #535, 1000.000000000000000 ) ;
#974 = ORIENTED_EDGE ( 'NONE', *, *, #2025, .T. ) ;
#975 = CIRCLE ( 'NONE', #300, 3.500005319962242734 ) ;
#976 = ORIENTED_EDGE ( 'NONE', *, *, #3665, .T. ) ;
#977 = FACE_BOUND ( 'NONE', #313, .T. ) ;
#978 = CYLINDRICAL_SURFACE ( 'NONE', #2172, 18.99999997190468548 ) ;
#979 = ORIENTED_EDGE ( 'NONE', *, *, #1188, .F. ) ;
#980 = CARTESIAN_POINT ( 'NONE',  ( -21.41686564689175754, -9.240243911743149852, -6.315337171226914847 ) ) ;
#981 = CARTESIAN_POINT ( 'NONE',  ( -1.396608728274625122, -13.41582196899923574, 19.97243081950763965 ) ) ;
#982 = CARTESIAN_POINT ( 'NONE',  ( -0.2716376456724212685, -23.44024467468259942, -16.68167080711551975 ) ) ;
#983 = EDGE_CURVE ( 'NONE', #162, #4050, #2784, .T. ) ;
#984 = ORIENTED_EDGE ( 'NONE', *, *, #1964, .F. ) ;
#985 = CARTESIAN_POINT ( 'NONE',  ( 18.24431785172691534, -9.571756665225809257, -5.315824533866520873 ) ) ;
#986 = B_SPLINE_CURVE_WITH_KNOTS ( 'NONE', 3,
 ( #3320, #3020, #164, #1555, #3296, #2582, #4341, #4042, #1533, #2948, #2249, #4381, #869, #3673, #449, #2996, #117, #2225, #1511, #1142, #3272, #1855 ),
 .UNSPECIFIED., .F., .F.,
 ( 4, 2, 2, 2, 2, 2, 2, 2, 2, 2, 4 ),
 ( 8.228515941976642494E-17, 0.0008612745091434805033, 0.001291911763715177658, 0.001722549018286874704, 0.002583823527430265544, 0.003445098036573656167, 0.004306372545717051560, 0.005167647054860447821, 0.006028921564003843214, 0.006459558818575538743, 0.006890196073147234271 ),
 .UNSPECIFIED. ) ;
#987 = CARTESIAN_POINT ( 'NONE',  ( -7.916284924056191663, -20.04024391174315411, -9.363363012190484724 ) ) ;
#988 = DIRECTION ( 'NONE',  ( 0.000000000000000000, -1.000000000000000000, 0.000000000000000000 ) ) ;
#989 = DIRECTION ( 'NONE',  ( 0.000000000000000000, 0.000000000000000000, -1.000000000000000000 ) ) ;
#990 = CARTESIAN_POINT ( 'NONE',  ( -3.036127508671027098, -14.93560020091276286, 14.93149010793614906 ) ) ;
#991 = AXIS2_PLACEMENT_3D ( 'NONE', #1466, #1443, #3201 ) ;
#992 = ADVANCED_FACE ( 'NONE', ( #4564 ), #3943, .F. ) ;
#993 = VERTEX_POINT ( 'NONE', #676 ) ;
#994 = DIRECTION ( 'NONE',  ( -0.4898787601332589281, 0.000000000000000000, -0.8717905713933254974 ) ) ;
#995 = CARTESIAN_POINT ( 'NONE',  ( 0.000000000000000000, -11.74024391174314985, 0.000000000000000000 ) ) ;
#996 = CIRCLE ( 'NONE', #2550, 1.500007684675205955 ) ;
#997 = VERTEX_POINT ( 'NONE', #1096 ) ;
#998 = ORIENTED_EDGE ( 'NONE', *, *, #3655, .T. ) ;
#999 = AXIS2_PLACEMENT_3D ( 'NONE', #2904, #73, #1557 ) ;
#1000 = ORIENTED_EDGE ( 'NONE', *, *, #1623, .T. ) ;
#1001 = VECTOR ( 'NONE', #3754, 999.9999999999998863 ) ;
#1002 = ADVANCED_FACE ( 'NONE', ( #1439 ), #1394, .F. ) ;
#1003 = LINE ( 'NONE', #3473, #2931 ) ;
#1004 = DIRECTION ( 'NONE',  ( 0.000000000000000000, 1.000000000000000000, 0.000000000000000000 ) ) ;
#1005 = VERTEX_POINT ( 'NONE', #2482 ) ;
#1006 = EDGE_CURVE ( 'NONE', #950, #4223, #396, .T. ) ;
#1007 = DIRECTION ( 'NONE',  ( -0.000000000000000000, -1.000000000000000000, -0.000000000000000000 ) ) ;
#1008 = AXIS2_PLACEMENT_3D ( 'NONE', #2464, #2109, #2130 ) ;
#1009 = CARTESIAN_POINT ( 'NONE',  ( -19.76598431946811729, -12.94852264988202961, -10.38638919420033879 ) ) ;
#1010 = CYLINDRICAL_SURFACE ( 'NONE', #3123, 1.500004533606814183 ) ;
#1011 = ORIENTED_EDGE ( 'NONE', *, *, #4291, .T. ) ;
#1012 = CIRCLE ( 'NONE', #4557, 2.843502884254425211 ) ;
#1013 = DIRECTION ( 'NONE',  ( -0.2828365091708374135, 0.000000000000000000, 0.9591681338952283697 ) ) ;
#1014 = EDGE_CURVE ( 'NONE', #685, #1736, #2460, .T. ) ;
#1015 = CARTESIAN_POINT ( 'NONE',  ( -12.59951146119461995, -19.74024391174314985, -8.564316261571640609 ) ) ;
#1016 = DIRECTION ( 'NONE',  ( 0.2624624360366666354, -0.8511485643991804073, 0.4545982742938128873 ) ) ;
#1017 = CARTESIAN_POINT ( 'NONE',  ( -0.3948761703406419854, -15.50982494579976745, 15.23247616749464228 ) ) ;
#1018 = ORIENTED_EDGE ( 'NONE', *, *, #2593, .T. ) ;
#1019 = DIRECTION ( 'NONE',  ( 8.659560562354961208E-17, -0.7071067811865452413, 0.7071067811865497932 ) ) ;
#1020 = PLANE ( 'NONE',  #4443 ) ;
#1021 = ORIENTED_EDGE ( 'NONE', *, *, #3793, .T. ) ;
#1022 = EDGE_LOOP ( 'NONE', ( #451, #1498, #2824, #4192 ) ) ;
#1023 = ORIENTED_EDGE ( 'NONE', *, *, #4425, .F. ) ;
#1024 = CARTESIAN_POINT ( 'NONE',  ( 19.29570838425333079, -12.05129852650020617, -11.23720247072241030 ) ) ;
#1025 = VECTOR ( 'NONE', #78, 1000.000000000000000 ) ;
#1026 = CARTESIAN_POINT ( 'NONE',  ( 0.000000000000000000, -9.240243911743149852, 0.000000000000000000 ) ) ;
#1027 = ORIENTED_EDGE ( 'NONE', *, *, #1105, .T. ) ;
#1028 = CYLINDRICAL_SURFACE ( 'NONE', #3284, 22.32858287865848368 ) ;
#1029 = CARTESIAN_POINT ( 'NONE',  ( -19.92560546367705854, -13.89453302177795457, -10.07681131114467199 ) ) ;
#1030 = CARTESIAN_POINT ( 'NONE',  ( 2.978348675478927454, -11.74024391174314808, 17.58774688830460420 ) ) ;
#1031 = ORIENTED_EDGE ( 'NONE', *, *, #4132, .T. ) ;
#1032 = CARTESIAN_POINT ( 'NONE',  ( -3.811229891200368546E-07, -11.74024391174314985, 1.292481749723593018E-06 ) ) ;
#1033 = CARTESIAN_POINT ( 'NONE',  ( 4.231663599945676424, -14.54024391174315056, 17.53118316491880790 ) ) ;
#1034 = DIRECTION ( 'NONE',  ( 0.000000000000000000, 0.000000000000000000, 1.000000000000000000 ) ) ;
#1035 = CARTESIAN_POINT ( 'NONE',  ( 0.000000000000000000, -14.54024391174315056, 0.000000000000000000 ) ) ;
#1036 = ORIENTED_EDGE ( 'NONE', *, *, #2294, .F. ) ;
#1037 = DIRECTION ( 'NONE',  ( 0.000000000000000000, -0.000000000000000000, -1.000000000000000000 ) ) ;
#1038 = DIRECTION ( 'NONE',  ( -0.7861029915571017268, 0.4848096202463385573, 0.3834080317123993997 ) ) ;
#1039 = ORIENTED_EDGE ( 'NONE', *, *, #3756, .T. ) ;
#1040 = ORIENTED_EDGE ( 'NONE', *, *, #1210, .T. ) ;
#1041 = ORIENTED_EDGE ( 'NONE', *, *, #549, .T. ) ;
#1042 = AXIS2_PLACEMENT_3D ( 'NONE', #1432, #1456, #341 ) ;
#1043 = ADVANCED_FACE ( 'NONE', ( #1071 ), #3520, .T. ) ;
#1044 = EDGE_CURVE ( 'NONE', #1843, #2169, #2829, .T. ) ;
#1045 = DIRECTION ( 'NONE',  ( 0.6505791153609797872, 0.000000000000000000, 0.7594384864201477736 ) ) ;
#1046 = CIRCLE ( 'NONE', #1637, 1.500004533606814183 ) ;
#1047 = LINE ( 'NONE', #4204, #3813 ) ;
#1048 = EDGE_CURVE ( 'NONE', #4179, #2016, #2991, .T. ) ;
#1049 = ORIENTED_EDGE ( 'NONE', *, *, #3310, .F. ) ;
#1050 = EDGE_CURVE ( 'NONE', #871, #3522, #3898, .T. ) ;
#1051 = CIRCLE ( 'NONE', #4084, 2.012881362182802114 ) ;
#1052 = CARTESIAN_POINT ( 'NONE',  ( 0.0001765182797830509409, -19.74024391174314985, -4.260563748898997104E-05 ) ) ;
#1053 = CARTESIAN_POINT ( 'NONE',  ( -5.389046995611106006, -11.74024391174315340, 16.79770654173091060 ) ) ;
#1054 = CARTESIAN_POINT ( 'NONE',  ( 7.368756555013558085, -23.44024467468260653, 15.01913241080905870 ) ) ;
#1055 = ORIENTED_EDGE ( 'NONE', *, *, #1247, .T. ) ;
#1056 = EDGE_CURVE ( 'NONE', #4388, #253, #4478, .T. ) ;
#1057 = CARTESIAN_POINT ( 'NONE',  ( -16.76787941972591867, -14.62017016220080734, -14.74462202529480415 ) ) ;
#1058 = EDGE_CURVE ( 'NONE', #1727, #3317, #3375, .T. ) ;
#1059 = DIRECTION ( 'NONE',  ( -0.5249248720733418194, -0.8511485643991802963, 0.000000000000000000 ) ) ;
#1060 = DIRECTION ( 'NONE',  ( 0.000000000000000000, 0.000000000000000000, -1.000000000000000000 ) ) ;
#1061 = DIRECTION ( 'NONE',  ( 0.000000000000000000, 0.000000000000000000, -1.000000000000000000 ) ) ;
#1062 = EDGE_LOOP ( 'NONE', ( #3174, #4174, #234, #1128 ) ) ;
#1063 = DIRECTION ( 'NONE',  ( 0.000000000000000000, 0.000000000000000000, 1.000000000000000000 ) ) ;
#1064 = DIRECTION ( 'NONE',  ( -0.7594384668692341078, 0.000000000000000000, 0.6505791381832861653 ) ) ;
#1065 = VERTEX_POINT ( 'NONE', #2529 ) ;
#1066 = EDGE_LOOP ( 'NONE', ( #4467, #4262, #2075, #3327 ) ) ;
#1067 = ORIENTED_EDGE ( 'NONE', *, *, #2118, .T. ) ;
#1068 = AXIS2_PLACEMENT_3D ( 'NONE', #3346, #1214, #4451 ) ;
#1069 = VECTOR ( 'NONE', #2785, 1000.000000000000227 ) ;
#1070 = EDGE_CURVE ( 'NONE', #3311, #3959, #1080, .T. ) ;
#1071 = FACE_OUTER_BOUND ( 'NONE', #1827, .T. ) ;
#1072 = CARTESIAN_POINT ( 'NONE',  ( 0.000000000000000000, -24.44024467468260298, 0.000000000000000000 ) ) ;
#1073 = AXIS2_PLACEMENT_3D ( 'NONE', #2846, #2522, #761 ) ;
#1074 = ORIENTED_EDGE ( 'NONE', *, *, #3061, .F. ) ;
#1075 = VECTOR ( 'NONE', #3178, 999.9999999999998863 ) ;
#1076 = CARTESIAN_POINT ( 'NONE',  ( 7.956909380083213357, -19.74024391174314985, 9.640970585084492228 ) ) ;
#1077 = DIRECTION ( 'NONE',  ( -0.000000000000000000, -1.000000000000000000, -0.000000000000000000 ) ) ;
#1078 = FACE_OUTER_BOUND ( 'NONE', #2020, .T. ) ;
#1079 = ORIENTED_EDGE ( 'NONE', *, *, #3409, .T. ) ;
#1080 = CIRCLE ( 'NONE', #3968, 3.500012878918495218 ) ;
#1081 = CARTESIAN_POINT ( 'NONE',  ( -16.85873889537020176, -13.60440732874871372, -14.64075509022735666 ) ) ;
#1082 = PLANE ( 'NONE',  #3506 ) ;
#1083 = FACE_OUTER_BOUND ( 'NONE', #718, .T. ) ;
#1084 = AXIS2_PLACEMENT_3D ( 'NONE', #1683, #541, #3485 ) ;
#1085 = EDGE_CURVE ( 'NONE', #2347, #3843, #259, .T. ) ;
#1086 = B_SPLINE_SURFACE_WITH_KNOTS ( 'NONE', 3, 1, ( 
 ( #1796, #12 ),
 ( #1408, #3489 ),
 ( #2095, #2476 ),
 ( #1728, #3124 ) ),
 .UNSPECIFIED., .F., .F., .F.,
 ( 4, 4 ),
 ( 2, 2 ),
 ( 0.000000000000000000, 1.000000000000000000 ),
 ( 0.000000000000000000, 1.000000000000000000 ),
 .UNSPECIFIED. ) ;
#1087 = ORIENTED_EDGE ( 'NONE', *, *, #1666, .F. ) ;
#1088 = CARTESIAN_POINT ( 'NONE',  ( 7.368756555013558085, -23.44024467468260653, 18.91913241080905905 ) ) ;
#1089 = LINE ( 'NONE', #3216, #3477 ) ;
#1090 = B_SPLINE_CURVE_WITH_KNOTS ( 'NONE', 3,
 ( #2262, #4417, #2660, #1180, #3380, #1243 ),
 .UNSPECIFIED., .F., .F.,
 ( 4, 2, 4 ),
 ( 0.003260756702738423947, 0.004129310381388861216, 0.004997864060039297618 ),
 .UNSPECIFIED. ) ;
#1091 = ORIENTED_EDGE ( 'NONE', *, *, #2922, .F. ) ;
#1092 = VERTEX_POINT ( 'NONE', #2147 ) ;
#1093 = ORIENTED_EDGE ( 'NONE', *, *, #4426, .T. ) ;
#1094 = VECTOR ( 'NONE', #454, 1000.000000000000000 ) ;
#1095 = EDGE_LOOP ( 'NONE', ( #1177, #4506, #2304, #1239, #2536, #648, #2823, #750 ) ) ;
#1096 = CARTESIAN_POINT ( 'NONE',  ( -12.59951146119461995, -20.04024391174315411, -8.564316261571640609 ) ) ;
#1097 = DIRECTION ( 'NONE',  ( -0.06101040030062737651, -0.4848096202463385573, 0.8724891765355937689 ) ) ;
#1098 = ORIENTED_EDGE ( 'NONE', *, *, #3665, .F. ) ;
#1099 = CARTESIAN_POINT ( 'NONE',  ( 0.09685616746705225100, -17.30860833899792794, 22.32858287865848723 ) ) ;
#1100 = CARTESIAN_POINT ( 'NONE',  ( -5.264077409263151708, -12.07273408081743149, 15.84440807669868612 ) ) ;
#1101 = CARTESIAN_POINT ( 'NONE',  ( -10.96516276409364288, -12.17502805705849767, -12.35921845302941513 ) ) ;
#1102 = EDGE_LOOP ( 'NONE', ( #2216, #2175, #4489, #3090, #471 ) ) ;
#1103 = AXIS2_PLACEMENT_3D ( 'NONE', #3385, #1336, #4147 ) ;
#1104 = DIRECTION ( 'NONE',  ( 0.000000000000000000, -1.000000000000000000, -0.000000000000000000 ) ) ;
#1105 = EDGE_CURVE ( 'NONE', #3846, #3362, #3379, .T. ) ;
#1106 = DIRECTION ( 'NONE',  ( 0.000000000000000000, 0.000000000000000000, -1.000000000000000000 ) ) ;
#1107 = CARTESIAN_POINT ( 'NONE',  ( -16.59832810088351351, -13.41582196899924284, -11.19571404758680089 ) ) ;
#1108 = DIRECTION ( 'NONE',  ( 0.06101040030062736957, 0.4848096202463385018, -0.8724891765355936579 ) ) ;
#1109 = ORIENTED_EDGE ( 'NONE', *, *, #3014, .F. ) ;
#1110 = CARTESIAN_POINT ( 'NONE',  ( 2.734462755184550224E-15, -19.74024467468260369, 22.32858287865848368 ) ) ;
#1111 = CARTESIAN_POINT ( 'NONE',  ( -4.174844080853880257, -19.74024391174314985, -13.68008491379807623 ) ) ;
#1112 = ORIENTED_EDGE ( 'NONE', *, *, #1899, .T. ) ;
#1113 = ORIENTED_EDGE ( 'NONE', *, *, #856, .T. ) ;
#1114 = VERTEX_POINT ( 'NONE', #2243 ) ;
#1115 = EDGE_CURVE ( 'NONE', #883, #2382, #1968, .T. ) ;
#1116 = DIRECTION ( 'NONE',  ( 0.000000000000000000, 0.000000000000000000, -1.000000000000000000 ) ) ;
#1117 = ORIENTED_EDGE ( 'NONE', *, *, #889, .F. ) ;
#1118 = CARTESIAN_POINT ( 'NONE',  ( 0.000000000000000000, -20.04024391174315411, 0.000000000000000000 ) ) ;
#1119 = CARTESIAN_POINT ( 'NONE',  ( 7.368756555013558085, -23.44024467468260653, 15.01913241080905870 ) ) ;
#1120 = DIRECTION ( 'NONE',  ( 0.000000000000000000, 0.000000000000000000, 1.000000000000000000 ) ) ;
#1121 = ORIENTED_EDGE ( 'NONE', *, *, #2827, .F. ) ;
#1122 = DIRECTION ( 'NONE',  ( -0.7861029915571017268, 0.4848096202463385573, 0.3834080317123993997 ) ) ;
#1123 = CARTESIAN_POINT ( 'NONE',  ( 15.61292267437596948, -9.240243911743158733, -10.82758719643183909 ) ) ;
#1124 = EDGE_CURVE ( 'NONE', #3664, #3895, #347, .T. ) ;
#1125 = CARTESIAN_POINT ( 'NONE',  ( -0.0001251567043014220257, -11.74024391174314985, -0.0001315664957799556165 ) ) ;
#1126 = CARTESIAN_POINT ( 'NONE',  ( 7.368756555013558085, -24.44024467468260298, 16.96913241080905976 ) ) ;
#1127 = EDGE_CURVE ( 'NONE', #2393, #3194, #4119, .T. ) ;
#1128 = ORIENTED_EDGE ( 'NONE', *, *, #3648, .T. ) ;
#1129 = PLANE ( 'NONE',  #3505 ) ;
#1130 = DIRECTION ( 'NONE',  ( 0.000000000000000000, 0.000000000000000000, -1.000000000000000000 ) ) ;
#1131 = ORIENTED_EDGE ( 'NONE', *, *, #3750, .F. ) ;
#1132 = PRODUCT_DEFINITION ( 'Êú', '', #4400, #1761 ) ;
#1133 = ORIENTED_EDGE ( 'NONE', *, *, #1931, .T. ) ;
#1134 = CARTESIAN_POINT ( 'NONE',  ( 18.14453033080962641, -9.240243911743151628, -5.637022086767763618 ) ) ;
#1135 = DIRECTION ( 'NONE',  ( 0.000000000000000000, 0.000000000000000000, -1.000000000000000000 ) ) ;
#1136 = ADVANCED_FACE ( 'NONE', ( #3640 ), #1821, .F. ) ;
#1137 = AXIS2_PLACEMENT_3D ( 'NONE', #4, #1013, #730 ) ;
#1138 = ORIENTED_EDGE ( 'NONE', *, *, #645, .T. ) ;
#1139 = AXIS2_PLACEMENT_3D ( 'NONE', #824, #4382, #2999 ) ;
#1140 = CARTESIAN_POINT ( 'NONE',  ( 17.60308374891222272, -11.74024391174314985, -3.921836625080145300 ) ) ;
#1141 = VECTOR ( 'NONE', #2211, 1000.000000000000000 ) ;
#1142 = CARTESIAN_POINT ( 'NONE',  ( 19.64451277378885052, -17.76123625061875444, -10.61488441971712149 ) ) ;
#1143 = TOROIDAL_SURFACE ( 'NONE', #477, 18.03467105286474492, 2.799999999999999822 ) ;
#1144 = EDGE_CURVE ( 'NONE', #1621, #4413, #638, .T. ) ;
#1145 = DIRECTION ( 'NONE',  ( 0.000000000000000000, 0.000000000000000000, -1.000000000000000000 ) ) ;
#1146 = AXIS2_PLACEMENT_3D ( 'NONE', #2196, #2967, #3692 ) ;
#1147 = ADVANCED_FACE ( 'NONE', ( #2990 ), #137, .T. ) ;
#1148 = ORIENTED_EDGE ( 'NONE', *, *, #1469, .F. ) ;
#1149 = CARTESIAN_POINT ( 'NONE',  ( -5.416091309369668316, -11.74024391174314985, 18.21169826954499982 ) ) ;
#1150 = LINE ( 'NONE', #2564, #3603 ) ;
#1151 = CARTESIAN_POINT ( 'NONE',  ( 7.368756555013558085, -20.04024391174315411, 16.96913241080905976 ) ) ;
#1152 = LINE ( 'NONE', #2208, #2530 ) ;
#1153 = ORIENTED_EDGE ( 'NONE', *, *, #3907, .F. ) ;
#1154 = EDGE_CURVE ( 'NONE', #3689, #2591, #1529, .T. ) ;
#1155 = DIRECTION ( 'NONE',  ( 0.000000000000000000, 0.000000000000000000, -1.000000000000000000 ) ) ;
#1156 = CARTESIAN_POINT ( 'NONE',  ( 7.956909380083213357, -20.04024391174315411, 9.640970585084494004 ) ) ;
#1157 = EDGE_LOOP ( 'NONE', ( #1801, #3539, #1359, #3494, #2730, #332, #4128, #1754 ) ) ;
#1158 = CIRCLE ( 'NONE', #4404, 1.499999999999986011 ) ;
#1159 = ORIENTED_EDGE ( 'NONE', *, *, #4058, .T. ) ;
#1160 = VERTEX_POINT ( 'NONE', #2599 ) ;
#1161 = CARTESIAN_POINT ( 'NONE',  ( 7.368756555013558085, -19.74024467468260369, 16.96913241080905976 ) ) ;
#1162 = CARTESIAN_POINT ( 'NONE',  ( -4.139236617781339334, -13.27875329034324459, 21.94163865750014608 ) ) ;
#1163 = AXIS2_PLACEMENT_3D ( 'NONE', #3325, #143, #1933 ) ;
#1164 = CARTESIAN_POINT ( 'NONE',  ( -2.017698159884617759, -19.74024391174314985, 1.133790046969303633 ) ) ;
#1165 = VERTEX_POINT ( 'NONE', #1874 ) ;
#1166 = FACE_OUTER_BOUND ( 'NONE', #1913, .T. ) ;
#1167 = EDGE_CURVE ( 'NONE', #1213, #4572, #91, .T. ) ;
#1168 = CARTESIAN_POINT ( 'NONE',  ( 14.99468596113335472, -10.81586700979303295, -11.67069926025489579 ) ) ;
#1169 = DIRECTION ( 'NONE',  ( 0.000000000000000000, 1.000000000000000000, 0.000000000000000000 ) ) ;
#1170 = ORIENTED_EDGE ( 'NONE', *, *, #740, .T. ) ;
#1171 = AXIS2_PLACEMENT_3D ( 'NONE', #4507, #930, #1662 ) ;
#1172 = CARTESIAN_POINT ( 'NONE',  ( 14.54528010609270439, -11.74024391174314985, -11.72456726223367163 ) ) ;
#1173 = CARTESIAN_POINT ( 'NONE',  ( -1.396608728274626010, -13.41582196899924284, 19.97243081950765031 ) ) ;
#1174 = CYLINDRICAL_SURFACE ( 'NONE', #1835, 4.200000000000008171 ) ;
#1175 = DIRECTION ( 'NONE',  ( 0.6234762387187180455, 0.000000000000000000, 0.7818422985187999386 ) ) ;
#1176 = VECTOR ( 'NONE', #4531, 1000.000000000000114 ) ;
#1177 = ORIENTED_EDGE ( 'NONE', *, *, #4143, .F. ) ;
#1178 = DIRECTION ( 'NONE',  ( -0.000000000000000000, 1.000000000000000000, -0.000000000000000000 ) ) ;
#1179 = CARTESIAN_POINT ( 'NONE',  ( -1.396608728274626010, -13.41582196899924284, 19.97243081950765031 ) ) ;
#1180 = CARTESIAN_POINT ( 'NONE',  ( 0.4536494654104653024, -15.21178185037258324, 15.22999344337432781 ) ) ;
#1181 = DIRECTION ( 'NONE',  ( 0.000000000000000000, 0.000000000000000000, 1.000000000000000000 ) ) ;
#1182 = ORIENTED_EDGE ( 'NONE', *, *, #1421, .T. ) ;
#1183 = FACE_OUTER_BOUND ( 'NONE', #3028, .T. ) ;
#1184 = DIRECTION ( 'NONE',  ( 0.000000000000000000, 1.000000000000000000, -0.000000000000000000 ) ) ;
#1185 = DIRECTION ( 'NONE',  ( 0.000000000000000000, 0.000000000000000000, -1.000000000000000000 ) ) ;
#1186 = ORIENTED_EDGE ( 'NONE', *, *, #2995, .F. ) ;
#1187 = EDGE_CURVE ( 'NONE', #3540, #2591, #4378, .T. ) ;
#1188 = EDGE_CURVE ( 'NONE', #3270, #2265, #839, .T. ) ;
#1189 = CARTESIAN_POINT ( 'NONE',  ( 5.172276436593879367, -19.74024467468260369, 13.27244744659476083 ) ) ;
#1190 = CARTESIAN_POINT ( 'NONE',  ( 14.34286924013302311, -23.44024467468259942, 5.135883959888595918 ) ) ;
#1191 = EDGE_CURVE ( 'NONE', #2826, #543, #310, .T. ) ;
#1192 = ORIENTED_EDGE ( 'NONE', *, *, #4340, .F. ) ;
#1193 = CARTESIAN_POINT ( 'NONE',  ( -17.57249208858810618, -14.06716509211449839, -11.85279597629123671 ) ) ;
#1194 = CARTESIAN_POINT ( 'NONE',  ( -18.03602926158590236, -11.74434474653456739, -13.16480083248562849 ) ) ;
#1195 = CARTESIAN_POINT ( 'NONE',  ( -11.59201112060479844, -24.44024467468260298, 9.885366976939685912 ) ) ;
#1196 = CIRCLE ( 'NONE', #4230, 15.23467105286474421 ) ;
#1197 = ADVANCED_FACE ( 'NONE', ( #1703 ), #335, .F. ) ;
#1198 = ORIENTED_EDGE ( 'NONE', *, *, #964, .T. ) ;
#1199 = EDGE_CURVE ( 'NONE', #4072, #3937, #4194, .T. ) ;
#1200 = ORIENTED_EDGE ( 'NONE', *, *, #1999, .T. ) ;
#1201 = CARTESIAN_POINT ( 'NONE',  ( -7.368758282292265704, -24.44024467468260298, -16.96913001305625812 ) ) ;
#1202 = CARTESIAN_POINT ( 'NONE',  ( 7.368756555013558085, -13.23485597249042911, 15.01913241080905870 ) ) ;
#1203 = AXIS2_PLACEMENT_3D ( 'NONE', #414, #1820, #3236 ) ;
#1204 = CARTESIAN_POINT ( 'NONE',  ( -12.19795202126762135, -11.74024391174314985, -13.28379939896303519 ) ) ;
#1205 = DIRECTION ( 'NONE',  ( -0.000000000000000000, -1.000000000000000000, -0.000000000000000000 ) ) ;
#1206 = ORIENTED_EDGE ( 'NONE', *, *, #1484, .T. ) ;
#1207 = CARTESIAN_POINT ( 'NONE',  ( -16.05876099798756229, -11.90502121089091325, -5.780920288930458284 ) ) ;
#1208 = CARTESIAN_POINT ( 'NONE',  ( -0.9041646559402466421, -17.85339273060598586, 22.31026892809831352 ) ) ;
#1209 = ORIENTED_EDGE ( 'NONE', *, *, #3347, .F. ) ;
#1210 = EDGE_CURVE ( 'NONE', #2438, #854, #4576, .T. ) ;
#1211 = CARTESIAN_POINT ( 'NONE',  ( 0.000000000000000000, -9.240243911743149852, 0.000000000000000000 ) ) ;
#1212 = CARTESIAN_POINT ( 'NONE',  ( -4.190460836570051306, -9.240243911743151628, 18.53213524960225911 ) ) ;
#1213 = VERTEX_POINT ( 'NONE', #2049 ) ;
#1214 = DIRECTION ( 'NONE',  ( 0.000000000000000000, -1.000000000000000000, -0.000000000000000000 ) ) ;
#1215 = AXIS2_PLACEMENT_3D ( 'NONE', #1355, #4142, #3841 ) ;
#1216 = CARTESIAN_POINT ( 'NONE',  ( 15.01754937897331921, -13.49816880434581456, -3.547628813102145173 ) ) ;
#1217 = VECTOR ( 'NONE', #3366, 1000.000000000000114 ) ;
#1218 = DIRECTION ( 'NONE',  ( 0.000000000000000000, -1.000000000000000000, 0.000000000000000000 ) ) ;
#1219 = VERTEX_POINT ( 'NONE', #1970 ) ;
#1220 = AXIS2_PLACEMENT_3D ( 'NONE', #1636, #4372, #150 ) ;
#1221 = VERTEX_POINT ( 'NONE', #188 ) ;
#1222 = CARTESIAN_POINT ( 'NONE',  ( -14.60667533172692600, -23.94024467468259942, 4.328999635310110783 ) ) ;
#1223 = CARTESIAN_POINT ( 'NONE',  ( -0.1670243199696612446, -11.93438406591019785, 22.32858287865849078 ) ) ;
#1224 = CARTESIAN_POINT ( 'NONE',  ( -17.43136524049136327, -9.969778092571557337, -7.560867033230369572 ) ) ;
#1225 = ADVANCED_FACE ( 'NONE', ( #3119 ), #3820, .T. ) ;
#1226 = CARTESIAN_POINT ( 'NONE',  ( 0.000000000000000000, -14.54024391174315056, 0.000000000000000000 ) ) ;
#1227 = EDGE_CURVE ( 'NONE', #4095, #3522, #3825, .T. ) ;
#1228 = ORIENTED_EDGE ( 'NONE', *, *, #4526, .T. ) ;
#1229 = CARTESIAN_POINT ( 'NONE',  ( 12.43237693145223588, -14.54024391174315056, -8.805180629793420977 ) ) ;
#1230 = DIRECTION ( 'NONE',  ( 0.000000000000000000, 1.000000000000000000, 0.000000000000000000 ) ) ;
#1231 = CIRCLE ( 'NONE', #195, 1.499998416865968354 ) ;
#1232 = ORIENTED_EDGE ( 'NONE', *, *, #1127, .F. ) ;
#1233 = CARTESIAN_POINT ( 'NONE',  ( 20.29794201164653700, -17.89075290311214061, -9.305255386049283928 ) ) ;
#1234 = DIRECTION ( 'NONE',  ( 0.000000000000000000, -1.000000000000000000, 0.000000000000000000 ) ) ;
#1235 = VERTEX_POINT ( 'NONE', #4236 ) ;
#1236 = CARTESIAN_POINT ( 'NONE',  ( 1.602881691867997560, -18.24024391174314985, -0.9413329071678377957 ) ) ;
#1237 = CARTESIAN_POINT ( 'NONE',  ( -17.91127329249419020, -11.80256352392262897, -13.33391820524102478 ) ) ;
#1238 = DIRECTION ( 'NONE',  ( 0.000000000000000000, -1.000000000000000000, -0.000000000000000000 ) ) ;
#1239 = ORIENTED_EDGE ( 'NONE', *, *, #1048, .F. ) ;
#1240 = ORIENTED_EDGE ( 'NONE', *, *, #3382, .F. ) ;
#1241 = DIRECTION ( 'NONE',  ( 0.000000000000000000, -1.000000000000000000, -0.000000000000000000 ) ) ;
#1242 = CARTESIAN_POINT ( 'NONE',  ( 2.881133044427289569, -11.74024391174314985, 18.45886570815354588 ) ) ;
#1243 = CARTESIAN_POINT ( 'NONE',  ( -0.09646081554715262019, -15.41881397645487262, 15.23436567107600403 ) ) ;
#1244 = CIRCLE ( 'NONE', #654, 4.300000538983800524 ) ;
#1245 = CARTESIAN_POINT ( 'NONE',  ( 14.44911350416424867, -14.93560020091276286, -4.836381502330271864 ) ) ;
#1246 = ORIENTED_EDGE ( 'NONE', *, *, #2970, .F. ) ;
#1247 = EDGE_CURVE ( 'NONE', #3522, #2914, #642, .T. ) ;
#1248 = ADVANCED_FACE ( 'NONE', ( #2313 ), #4046, .T. ) ;
#1249 = ORIENTED_EDGE ( 'NONE', *, *, #1764, .T. ) ;
#1250 = CONICAL_SURFACE ( 'NONE', #2433, 2.843502884254425211, 0.7853981633974438381 ) ;
#1251 = CARTESIAN_POINT ( 'NONE',  ( 16.49011263901348912, -21.44024467468258877, 0.8719233200132475714 ) ) ;
#1252 = DIRECTION ( 'NONE',  ( 0.7250925912564739617, 0.4848096202463386684, 0.4890811448232012526 ) ) ;
#1253 = ORIENTED_EDGE ( 'NONE', *, *, #2163, .F. ) ;
#1254 = CARTESIAN_POINT ( 'NONE',  ( 20.89467183136051176, -12.39233191074037599, -7.876831845981459246 ) ) ;
#1255 = LINE ( 'NONE', #1346, #2692 ) ;
#1256 = VERTEX_POINT ( 'NONE', #3738 ) ;
#1257 = CARTESIAN_POINT ( 'NONE',  ( 0.000000000000000000, -19.74024467468260369, 0.000000000000000000 ) ) ;
#1258 = CARTESIAN_POINT ( 'NONE',  ( -18.27920134568345745, -11.66890879277416460, -12.82493761957724487 ) ) ;
#1259 = DIRECTION ( 'NONE',  ( 0.000000000000000000, 0.000000000000000000, 1.000000000000000000 ) ) ;
#1260 = ORIENTED_EDGE ( 'NONE', *, *, #1341, .F. ) ;
#1261 = AXIS2_PLACEMENT_3D ( 'NONE', #3713, #1989, #3405 ) ;
#1262 = ORIENTED_EDGE ( 'NONE', *, *, #889, .T. ) ;
#1263 = CARTESIAN_POINT ( 'NONE',  ( 0.000000000000000000, -19.74024467468260369, 0.000000000000000000 ) ) ;
#1264 = EDGE_CURVE ( 'NONE', #4059, #2804, #1231, .T. ) ;
#1265 = CARTESIAN_POINT ( 'NONE',  ( 13.76602476202161007, -5.440243911743150917, -13.09566955843749092 ) ) ;
#1266 = AXIS2_PLACEMENT_3D ( 'NONE', #2424, #311, #3075 ) ;
#1267 = DIRECTION ( 'NONE',  ( 0.7250925912564737397, 0.4848096202463385573, 0.4890811448232011416 ) ) ;
#1268 = ORIENTED_EDGE ( 'NONE', *, *, #1665, .F. ) ;
#1269 = AXIS2_PLACEMENT_3D ( 'NONE', #2610, #2300, #3629 ) ;
#1270 = CARTESIAN_POINT ( 'NONE',  ( 2.863514963322019824, -19.74024391174314985, -2.453053229422880843 ) ) ;
#1271 = DIRECTION ( 'NONE',  ( 0.000000000000000000, 0.000000000000000000, -1.000000000000000000 ) ) ;
#1272 = B_SPLINE_CURVE_WITH_KNOTS ( 'NONE', 3,
 ( #851, #1258, #3025, #478, #917, #2933, #123, #550 ),
 .UNSPECIFIED., .F., .F.,
 ( 4, 2, 2, 4 ),
 ( 0.001881051066894832459, 0.002511102708052198335, 0.003141154349209564212, 0.004401257631524296832 ),
 .UNSPECIFIED. ) ;
#1273 = EDGE_LOOP ( 'NONE', ( #2950, #2006, #958, #376, #15, #3128, #2618 ) ) ;
#1274 = FACE_BOUND ( 'NONE', #3728, .T. ) ;
#1275 = ADVANCED_FACE ( 'NONE', ( #2423 ), #1672, .F. ) ;
#1276 = DIRECTION ( 'NONE',  ( 0.000000000000000000, -1.000000000000000000, 0.000000000000000000 ) ) ;
#1277 = ORIENTED_EDGE ( 'NONE', *, *, #1227, .F. ) ;
#1278 = DIRECTION ( 'NONE',  ( 0.000000000000000000, 0.000000000000000000, 1.000000000000000000 ) ) ;
#1279 = ADVANCED_FACE ( 'NONE', ( #3096 ), #2069, .F. ) ;
#1280 = CARTESIAN_POINT ( 'NONE',  ( 8.304582354855945425, -19.74024467468260369, 12.77220082837763293 ) ) ;
#1281 = LINE ( 'NONE', #2064, #751 ) ;
#1282 = EDGE_CURVE ( 'NONE', #816, #2525, #3142, .T. ) ;
#1283 = ORIENTED_EDGE ( 'NONE', *, *, #430, .T. ) ;
#1284 = CIRCLE ( 'NONE', #2092, 3.500012878918495662 ) ;
#1285 = VERTEX_POINT ( 'NONE', #2746 ) ;
#1286 = CIRCLE ( 'NONE', #2321, 15.23467105286474599 ) ;
#1287 = DIRECTION ( 'NONE',  ( 0.000000000000000000, 0.000000000000000000, -1.000000000000000000 ) ) ;
#1288 = VECTOR ( 'NONE', #1463, 1000.000000000000000 ) ;
#1289 = DIRECTION ( 'NONE',  ( 0.000000000000000000, 0.000000000000000000, -1.000000000000000000 ) ) ;
#1290 = CARTESIAN_POINT ( 'NONE',  ( -16.67641251653122225, -24.44024467468260298, 1.506553575639421494 ) ) ;
#1291 = VECTOR ( 'NONE', #1590, 1000.000000000000000 ) ;
#1292 = DIRECTION ( 'NONE',  ( 0.000000000000000000, -1.000000000000000000, 0.000000000000000000 ) ) ;
#1293 = EDGE_LOOP ( 'NONE', ( #3384, #65, #3815, #2222 ) ) ;
#1294 = CARTESIAN_POINT ( 'NONE',  ( -14.48585689837608470, -13.32548733955935916, -5.529743640532542415 ) ) ;
#1295 = CARTESIAN_POINT ( 'NONE',  ( 2.785641287573402902, -23.94024467468259942, -14.97783044055317880 ) ) ;
#1296 = EDGE_LOOP ( 'NONE', ( #3751, #1587, #3287, #3853 ) ) ;
#1297 = DIRECTION ( 'NONE',  ( -0.000000000000000000, -1.000000000000000000, -0.000000000000000000 ) ) ;
#1298 = VECTOR ( 'NONE', #768, 1000.000000000000000 ) ;
#1299 = DIRECTION ( 'NONE',  ( 0.000000000000000000, 0.000000000000000000, -1.000000000000000000 ) ) ;
#1300 = VERTEX_POINT ( 'NONE', #3865 ) ;
#1301 = ADVANCED_FACE ( 'NONE', ( #4552 ), #3381, .T. ) ;
#1302 = DIRECTION ( 'NONE',  ( 0.000000000000000000, -1.000000000000000000, 0.000000000000000000 ) ) ;
#1303 = CARTESIAN_POINT ( 'NONE',  ( -7.368758282292265704, -23.44024467468258521, -16.96913001305625812 ) ) ;
#1304 = CARTESIAN_POINT ( 'NONE',  ( -11.94532621932560623, -15.36700533084019504, -9.460099087387723316 ) ) ;
#1305 = AXIS2_PLACEMENT_3D ( 'NONE', #168, #3370, #3300 ) ;
#1306 = VERTEX_POINT ( 'NONE', #1945 ) ;
#1307 = CARTESIAN_POINT ( 'NONE',  ( 0.000000000000000000, -9.240243911743149852, 0.000000000000000000 ) ) ;
#1308 = DIRECTION ( 'NONE',  ( 0.000000000000000000, 0.000000000000000000, 1.000000000000000000 ) ) ;
#1309 = DIRECTION ( 'NONE',  ( 0.000000000000000000, -1.000000000000000000, 0.000000000000000000 ) ) ;
#1310 = DIRECTION ( 'NONE',  ( 0.000000000000000000, -1.000000000000000000, 0.000000000000000000 ) ) ;
#1311 = ORIENTED_EDGE ( 'NONE', *, *, #1860, .T. ) ;
#1312 = DIRECTION ( 'NONE',  ( 0.000000000000000000, 0.000000000000000000, 1.000000000000000000 ) ) ;
#1313 = FACE_OUTER_BOUND ( 'NONE', #4424, .T. ) ;
#1314 = VECTOR ( 'NONE', #794, 1000.000000000000000 ) ;
#1315 = ORIENTED_EDGE ( 'NONE', *, *, #20, .T. ) ;
#1316 = AXIS2_PLACEMENT_3D ( 'NONE', #1201, #1178, #440 ) ;
#1317 = ORIENTED_EDGE ( 'NONE', *, *, #1622, .F. ) ;
#1318 = EDGE_CURVE ( 'NONE', #3859, #2265, #1012, .T. ) ;
#1319 = CARTESIAN_POINT ( 'NONE',  ( 0.000000000000000000, -9.240243911743149852, 0.000000000000000000 ) ) ;
#1320 = DIRECTION ( 'NONE',  ( 0.000000000000000000, 0.000000000000000000, -1.000000000000000000 ) ) ;
#1321 = ADVANCED_FACE ( 'NONE', ( #4081 ), #2089, .F. ) ;
#1322 = ORIENTED_EDGE ( 'NONE', *, *, #1999, .F. ) ;
#1323 = CYLINDRICAL_SURFACE ( 'NONE', #3575, 3.500003781483101761 ) ;
#1324 = CARTESIAN_POINT ( 'NONE',  ( -19.79696641278751912, -13.07870169447828701, -10.32710078460558201 ) ) ;
#1325 = EDGE_CURVE ( 'NONE', #127, #2045, #2037, .T. ) ;
#1326 = DIRECTION ( 'NONE',  ( 0.000000000000000000, -1.000000000000000000, 0.000000000000000000 ) ) ;
#1327 = ORIENTED_EDGE ( 'NONE', *, *, #3740, .T. ) ;
#1328 = CARTESIAN_POINT ( 'NONE',  ( -17.42966195223688786, -12.15895782011183890, -13.95609177384072730 ) ) ;
#1329 = CARTESIAN_POINT ( 'NONE',  ( 0.000000000000000000, -9.240243911743149852, 0.000000000000000000 ) ) ;
#1330 = DIRECTION ( 'NONE',  ( 0.000000000000000000, 1.000000000000000000, 0.000000000000000000 ) ) ;
#1331 = DIRECTION ( 'NONE',  ( 0.000000000000000000, 1.000000000000000000, 0.000000000000000000 ) ) ;
#1332 = CARTESIAN_POINT ( 'NONE',  ( 0.000000000000000000, -19.74024467468260369, 0.000000000000000000 ) ) ;
#1333 = VECTOR ( 'NONE', #625, 1000.000000000000000 ) ;
#1334 = EDGE_CURVE ( 'NONE', #415, #1221, #1244, .T. ) ;
#1335 = ORIENTED_EDGE ( 'NONE', *, *, #3861, .T. ) ;
#1336 = DIRECTION ( 'NONE',  ( 0.000000000000000000, -1.000000000000000000, -0.000000000000000000 ) ) ;
#1337 = DIRECTION ( 'NONE',  ( 0.000000000000000000, -1.000000000000000000, 0.000000000000000000 ) ) ;
#1338 = VECTOR ( 'NONE', #3332, 1000.000000000000000 ) ;
#1339 = EDGE_LOOP ( 'NONE', ( #23, #3771, #1018, #3661, #2030, #607, #2883, #1814, #3397, #570 ) ) ;
#1340 = ORIENTED_EDGE ( 'NONE', *, *, #3313, .T. ) ;
#1341 = EDGE_CURVE ( 'NONE', #1780, #2781, #3839, .T. ) ;
#1342 = VECTOR ( 'NONE', #1108, 1000.000000000000114 ) ;
#1343 = VERTEX_POINT ( 'NONE', #435 ) ;
#1344 = CIRCLE ( 'NONE', #754, 15.23467105286474244 ) ;
#1345 = DIRECTION ( 'NONE',  ( 0.000000000000000000, 1.000000000000000000, 0.000000000000000000 ) ) ;
#1346 = CARTESIAN_POINT ( 'NONE',  ( 11.03794002532960050, -11.74024391174314985, -10.50043296813963956 ) ) ;
#1347 = ORIENTED_EDGE ( 'NONE', *, *, #1865, .F. ) ;
#1348 = ADVANCED_FACE ( 'NONE', ( #3531 ), #3552, .F. ) ;
#1349 = CARTESIAN_POINT ( 'NONE',  ( -14.64849488113475928, -14.01169354639759668, -4.319501561277441226 ) ) ;
#1350 = CARTESIAN_POINT ( 'NONE',  ( -16.67641251653122225, -21.44024467468260298, 0.006555158773453037893 ) ) ;
#1351 = CARTESIAN_POINT ( 'NONE',  ( -4.174844080853880257, -20.04024391174315411, -13.68008491379807623 ) ) ;
#1352 = EDGE_LOOP ( 'NONE', ( #3810, #1041, #4446, #3634, #4330, #1283 ) ) ;
#1353 = CARTESIAN_POINT ( 'NONE',  ( -16.97683287772111882, -13.12214200346567416, -14.50376525425604335 ) ) ;
#1354 = LINE ( 'NONE', #2771, #3481 ) ;
#1355 = CARTESIAN_POINT ( 'NONE',  ( 17.99493682915814929, -13.41582196899924284, -8.776716771921003968 ) ) ;
#1356 = DIRECTION ( 'NONE',  ( 0.000000000000000000, 1.000000000000000000, 0.000000000000000000 ) ) ;
#1357 = CARTESIAN_POINT ( 'NONE',  ( -1.161555259982532951, -15.56687258421181674, 15.19111361957332740 ) ) ;
#1358 = AXIS2_PLACEMENT_3D ( 'NONE', #500, #1302, #216 ) ;
#1359 = ORIENTED_EDGE ( 'NONE', *, *, #2309, .T. ) ;
#1360 = AXIS2_PLACEMENT_3D ( 'NONE', #397, #1097, #1714 ) ;
#1361 = DIRECTION ( 'NONE',  ( 0.000000000000000000, 1.000000000000000000, -0.000000000000000000 ) ) ;
#1362 = DIRECTION ( 'NONE',  ( 0.000000000000000000, -1.000000000000000000, 0.000000000000000000 ) ) ;
#1363 = EDGE_CURVE ( 'NONE', #74, #2939, #1610, .T. ) ;
#1364 = CIRCLE ( 'NONE', #4106, 18.99999997190468548 ) ;
#1365 = VERTEX_POINT ( 'NONE', #1451 ) ;
#1366 = AXIS2_PLACEMENT_3D ( 'NONE', #2068, #687, #2374 ) ;
#1367 = ADVANCED_FACE ( 'NONE', ( #2136 ), #4279, .F. ) ;
#1368 = ORIENTED_EDGE ( 'NONE', *, *, #4426, .F. ) ;
#1369 = AXIS2_PLACEMENT_3D ( 'NONE', #3246, #69, #1485 ) ;
#1370 = ORIENTED_EDGE ( 'NONE', *, *, #1745, .T. ) ;
#1371 = CARTESIAN_POINT ( 'NONE',  ( 19.39217768578822287, -11.95814017535563423, -11.07013689735945405 ) ) ;
#1372 = CARTESIAN_POINT ( 'NONE',  ( -6.876569529771007439, -23.44024467468259942, 13.59441038041812178 ) ) ;
#1373 = ORIENTED_EDGE ( 'NONE', *, *, #1085, .T. ) ;
#1374 = CARTESIAN_POINT ( 'NONE',  ( 1.291011392630813770, -14.33455097006850032, 22.29125563339976779 ) ) ;
#1375 = AXIS2_PLACEMENT_3D ( 'NONE', #2271, #823, #2200 ) ;
#1376 = CARTESIAN_POINT ( 'NONE',  ( -19.94294810324898748, -15.05103111751886225, -10.04229434830518386 ) ) ;
#1377 = LINE ( 'NONE', #3858, #252 ) ;
#1378 = ORIENTED_EDGE ( 'NONE', *, *, #1699, .F. ) ;
#1379 = AXIS2_PLACEMENT_3D ( 'NONE', #1553, #1230, #1922 ) ;
#1380 = CARTESIAN_POINT ( 'NONE',  ( -17.40848648260659814, -17.12011434117315289, -13.98306856346507310 ) ) ;
#1381 = CARTESIAN_POINT ( 'NONE',  ( 16.49011263901348912, -21.44024467468258877, 2.371931004688453637 ) ) ;
#1382 = CARTESIAN_POINT ( 'NONE',  ( 10.59435114265487066, -20.04024391174315411, 6.571359617794060526 ) ) ;
#1383 = CIRCLE ( 'NONE', #3975, 1.499999999999986677 ) ;
#1384 = CARTESIAN_POINT ( 'NONE',  ( -3.283622030793897917, -14.74823821808550939, 14.87836046430592418 ) ) ;
#1385 = ORIENTED_EDGE ( 'NONE', *, *, #511, .F. ) ;
#1386 = CARTESIAN_POINT ( 'NONE',  ( 2.734462755184550224E-15, -19.74024467468260369, 22.32858287865848368 ) ) ;
#1387 = LINE ( 'NONE', #3845, #3041 ) ;
#1388 = ORIENTED_EDGE ( 'NONE', *, *, #2381, .T. ) ;
#1389 = ADVANCED_FACE ( 'NONE', ( #2207 ), #1174, .F. ) ;
#1390 = ORIENTED_EDGE ( 'NONE', *, *, #3382, .T. ) ;
#1391 = ADVANCED_FACE ( 'NONE', ( #1083 ), #784, .F. ) ;
#1392 = EDGE_LOOP ( 'NONE', ( #1260, #3905, #2892, #3153, #1388, #3941 ) ) ;
#1393 = CIRCLE ( 'NONE', #3911, 4.200000000000015277 ) ;
#1394 = CYLINDRICAL_SURFACE ( 'NONE', #1597, 3.500001967701191319 ) ;
#1395 = EDGE_CURVE ( 'NONE', #2451, #4544, #1615, .T. ) ;
#1396 = CIRCLE ( 'NONE', #3957, 2.800000000000000266 ) ;
#1397 = CARTESIAN_POINT ( 'NONE',  ( -12.59951146119461463, -20.04024391174315411, -8.564316261571642386 ) ) ;
#1398 = EDGE_LOOP ( 'NONE', ( #2822, #3533, #3351 ) ) ;
#1399 = DIRECTION ( 'NONE',  ( 0.000000000000000000, -1.000000000000000000, -0.000000000000000000 ) ) ;
#1400 = DIRECTION ( 'NONE',  ( -0.000000000000000000, -1.000000000000000000, -0.000000000000000000 ) ) ;
#1401 = DIRECTION ( 'NONE',  ( 0.000000000000000000, 1.000000000000000000, 0.000000000000000000 ) ) ;
#1402 = VERTEX_POINT ( 'NONE', #3886 ) ;
#1403 = CARTESIAN_POINT ( 'NONE',  ( -17.82758921730229318, -17.64325469644914079, -13.44484689701824998 ) ) ;
#1404 = CARTESIAN_POINT ( 'NONE',  ( 16.49011263901348912, -19.74024467468260369, 3.871938689363659147 ) ) ;
#1405 = DIRECTION ( 'NONE',  ( 0.000000000000000000, -1.000000000000000000, 0.000000000000000000 ) ) ;
#1406 = VERTEX_POINT ( 'NONE', #3209 ) ;
#1407 = EDGE_CURVE ( 'NONE', #3427, #685, #3909, .T. ) ;
#1408 = CARTESIAN_POINT ( 'NONE',  ( 11.85850739426002143, -20.04024391174315411, 6.481834994719561038 ) ) ;
#1409 = FACE_OUTER_BOUND ( 'NONE', #2106, .T. ) ;
#1410 = ORIENTED_EDGE ( 'NONE', *, *, #1491, .F. ) ;
#1411 = ORIENTED_EDGE ( 'NONE', *, *, #1227, .T. ) ;
#1412 = ORIENTED_EDGE ( 'NONE', *, *, #3471, .F. ) ;
#1413 = ORIENTED_EDGE ( 'NONE', *, *, #317, .F. ) ;
#1414 = CIRCLE ( 'NONE', #1705, 3.500005319962242734 ) ;
#1415 = CARTESIAN_POINT ( 'NONE',  ( 2.609779058742231150, -10.81586700979303650, 18.82112859423883933 ) ) ;
#1416 = CIRCLE ( 'NONE', #1783, 3.500005319962242734 ) ;
#1417 = LINE ( 'NONE', #3497, #3068 ) ;
#1418 = ORIENTED_EDGE ( 'NONE', *, *, #2981, .T. ) ;
#1419 = AXIS2_PLACEMENT_3D ( 'NONE', #2841, #3553, #3956 ) ;
#1420 = DIRECTION ( 'NONE',  ( -0.2346289642695505717, 0.000000000000000000, -0.9720850009776912382 ) ) ;
#1421 = EDGE_CURVE ( 'NONE', #4368, #1900, #2348, .T. ) ;
#1422 = CARTESIAN_POINT ( 'NONE',  ( -6.548037819462874332, -19.74024467468260369, -14.82054562470691828 ) ) ;
#1423 = CARTESIAN_POINT ( 'NONE',  ( -11.08962119771676846, -12.07273408081743327, -12.48102880225905764 ) ) ;
#1424 = ORIENTED_EDGE ( 'NONE', *, *, #4270, .F. ) ;
#1425 = DIRECTION ( 'NONE',  ( 0.000000000000000000, 0.000000000000000000, 1.000000000000000000 ) ) ;
#1426 = ADVANCED_FACE ( 'NONE', ( #3577 ), #413, .F. ) ;
#1427 = CARTESIAN_POINT ( 'NONE',  ( 0.000000000000000000, -24.44024467468260298, 0.000000000000000000 ) ) ;
#1428 = PLANE ( 'NONE',  #3316 ) ;
#1429 = DIRECTION ( 'NONE',  ( 0.000000000000000000, 1.000000000000000000, 0.000000000000000000 ) ) ;
#1430 = VERTEX_POINT ( 'NONE', #1496 ) ;
#1431 = CARTESIAN_POINT ( 'NONE',  ( 17.99493682915814929, -13.41582196899924284, -8.776716771921003968 ) ) ;
#1432 = CARTESIAN_POINT ( 'NONE',  ( -8.892188351362477115E-08, -11.74024391174314985, -3.490104777428252594E-08 ) ) ;
#1433 = DIRECTION ( 'NONE',  ( 0.000000000000000000, 0.000000000000000000, -1.000000000000000000 ) ) ;
#1434 = ORIENTED_EDGE ( 'NONE', *, *, #4422, .T. ) ;
#1435 = ORIENTED_EDGE ( 'NONE', *, *, #3888, .T. ) ;
#1436 = EDGE_LOOP ( 'NONE', ( #2893, #1544, #3005, #2980, #4559, #3983, #2010 ) ) ;
#1437 = AXIS2_PLACEMENT_3D ( 'NONE', #3433, #1399, #3181 ) ;
#1438 = CIRCLE ( 'NONE', #4035, 18.99999997190468548 ) ;
#1439 = FACE_OUTER_BOUND ( 'NONE', #138, .T. ) ;
#1440 = DIRECTION ( 'NONE',  ( -0.5064050326945273017, 0.000000000000000000, -0.8622957397909690735 ) ) ;
#1441 = VERTEX_POINT ( 'NONE', #1771 ) ;
#1442 = ADVANCED_FACE ( 'NONE', ( #4301 ), #1428, .F. ) ;
#1443 = DIRECTION ( 'NONE',  ( 0.000000000000000000, 1.000000000000000000, -0.000000000000000000 ) ) ;
#1444 = CARTESIAN_POINT ( 'NONE',  ( -3.798940690844345269, -14.26791715516096914, 14.75646944786300985 ) ) ;
#1445 = CARTESIAN_POINT ( 'NONE',  ( -10.55202925632023714, -13.01382942573811441, -11.59867705249171621 ) ) ;
#1446 =( BOUNDED_CURVE ( )  B_SPLINE_CURVE ( 3, ( #1473, #1840, #2206, #1123 ),
 .UNSPECIFIED., .F., .F. ) 
 B_SPLINE_CURVE_WITH_KNOTS ( ( 4, 4 ),
 ( 2.909399975495874369, 3.899638791052687292 ),
 .UNSPECIFIED. ) 
 CURVE ( )  GEOMETRIC_REPRESENTATION_ITEM ( )  RATIONAL_B_SPLINE_CURVE ( ( 1.000000000000000000, 0.9199413207258635428, 0.9199413207258635428, 1.000000000000000000 ) ) 
 REPRESENTATION_ITEM ( '' )  );
#1447 = ORIENTED_EDGE ( 'NONE', *, *, #2786, .T. ) ;
#1448 = VECTOR ( 'NONE', #3151, 1000.000000000000000 ) ;
#1449 = LINE ( 'NONE', #2861, #2245 ) ;
#1450 = DIRECTION ( 'NONE',  ( 0.000000000000000000, -1.000000000000000000, 0.000000000000000000 ) ) ;
#1451 = CARTESIAN_POINT ( 'NONE',  ( -2.992416143417360619, -18.24024391174314985, -8.766108512878421521 ) ) ;
#1452 = CARTESIAN_POINT ( 'NONE',  ( 16.49011263901348912, -24.44024467468260298, 2.371931004688453637 ) ) ;
#1453 = VECTOR ( 'NONE', #4166, 1000.000000000000000 ) ;
#1454 = ORIENTED_EDGE ( 'NONE', *, *, #3173, .T. ) ;
#1455 = LINE ( 'NONE', #2592, #134 ) ;
#1456 = DIRECTION ( 'NONE',  ( -0.9308674106457824893, 0.000000000000000000, -0.3653571729111340649 ) ) ;
#1457 = EDGE_LOOP ( 'NONE', ( #3742, #4414, #238, #3175, #1031, #1979, #3781, #1459 ) ) ;
#1458 = ORIENTED_EDGE ( 'NONE', *, *, #1885, .F. ) ;
#1459 = ORIENTED_EDGE ( 'NONE', *, *, #4472, .F. ) ;
#1460 = CONICAL_SURFACE ( 'NONE', #4055, 1.950000000000000400, 0.7853981633974480570 ) ;
#1461 = ORIENTED_EDGE ( 'NONE', *, *, #1210, .F. ) ;
#1462 = CARTESIAN_POINT ( 'NONE',  ( 19.68136394640057318, -11.75043115882644429, -10.54766297532363239 ) ) ;
#1463 = DIRECTION ( 'NONE',  ( -0.000000000000000000, -1.000000000000000000, -0.000000000000000000 ) ) ;
#1464 = ORIENTED_EDGE ( 'NONE', *, *, #716, .T. ) ;
#1465 = EDGE_CURVE ( 'NONE', #3447, #44, #2651, .T. ) ;
#1466 = CARTESIAN_POINT ( 'NONE',  ( 0.000000000000000000, -20.04024391174315411, 0.000000000000000000 ) ) ;
#1467 = AXIS2_PLACEMENT_3D ( 'NONE', #3289, #2598, #2897 ) ;
#1468 = CARTESIAN_POINT ( 'NONE',  ( 14.59271268420337009, -14.54024391174315589, -4.375835760775884431 ) ) ;
#1469 = EDGE_CURVE ( 'NONE', #723, #1092, #1393, .T. ) ;
#1470 = DIRECTION ( 'NONE',  ( 0.000000000000000000, 0.000000000000000000, -1.000000000000000000 ) ) ;
#1471 = VERTEX_POINT ( 'NONE', #828 ) ;
#1472 = CARTESIAN_POINT ( 'NONE',  ( -9.498455438204606693, -14.54024391174315056, -11.91111042655227870 ) ) ;
#1473 = CARTESIAN_POINT ( 'NONE',  ( 19.22551812830358031, -9.240243911743149852, -8.301614933310037969 ) ) ;
#1474 = DIRECTION ( 'NONE',  ( 0.000000000000000000, 1.000000000000000000, -0.000000000000000000 ) ) ;
#1475 = DIRECTION ( 'NONE',  ( 0.000000000000000000, 1.000000000000000000, 0.000000000000000000 ) ) ;
#1476 = ORIENTED_EDGE ( 'NONE', *, *, #4296, .T. ) ;
#1477 = DIRECTION ( 'NONE',  ( 0.000000000000000000, -1.000000000000000000, 0.000000000000000000 ) ) ;
#1478 = CARTESIAN_POINT ( 'NONE',  ( -1.991109457884061351, -11.67325963075241546, 22.24037634112115569 ) ) ;
#1479 = ORIENTED_EDGE ( 'NONE', *, *, #2066, .F. ) ;
#1480 = EDGE_CURVE ( 'NONE', #2962, #3859, #587, .T. ) ;
#1481 = ORIENTED_EDGE ( 'NONE', *, *, #1363, .T. ) ;
#1482 = DIRECTION ( 'NONE',  ( 0.000000000000000000, 1.000000000000000000, 0.000000000000000000 ) ) ;
#1483 = CARTESIAN_POINT ( 'NONE',  ( -4.072212721851071748, -13.12214200346550896, 21.95425117503741674 ) ) ;
#1484 = EDGE_CURVE ( 'NONE', #1779, #2278, #480, .T. ) ;
#1485 = DIRECTION ( 'NONE',  ( 1.000000000000000000, 0.000000000000000000, 0.000000000000000000 ) ) ;
#1486 = VECTOR ( 'NONE', #604, 1000.000000000000114 ) ;
#1487 = VERTEX_POINT ( 'NONE', #1886 ) ;
#1488 = CARTESIAN_POINT ( 'NONE',  ( 7.251671934585591117, -18.24024391174314985, 3.743544394079491688 ) ) ;
#1489 = DIRECTION ( 'NONE',  ( 0.000000000000000000, 0.000000000000000000, 1.000000000000000000 ) ) ;
#1490 = CARTESIAN_POINT ( 'NONE',  ( -10.34916939771882483, -19.74024467468260369, 9.657269615893438797 ) ) ;
#1491 = EDGE_CURVE ( 'NONE', #1900, #4368, #953, .T. ) ;
#1492 = ORIENTED_EDGE ( 'NONE', *, *, #3061, .T. ) ;
#1493 = AXIS2_PLACEMENT_3D ( 'NONE', #982, #3458, #218 ) ;
#1494 = CARTESIAN_POINT ( 'NONE',  ( 12.55732009770051683, -14.73632767265777055, -8.628768514799228129 ) ) ;
#1495 = DIRECTION ( 'NONE',  ( 0.000000000000000000, 0.000000000000000000, -1.000000000000000000 ) ) ;
#1496 = CARTESIAN_POINT ( 'NONE',  ( -17.04808700010667621, -9.404669340300968017, -12.66485376927993123 ) ) ;
#1497 = CARTESIAN_POINT ( 'NONE',  ( 0.000000000000000000, -9.240243911743149852, 0.000000000000000000 ) ) ;
#1498 = ORIENTED_EDGE ( 'NONE', *, *, #2163, .T. ) ;
#1499 = CARTESIAN_POINT ( 'NONE',  ( 2.785641287573402014, -19.74024467468260369, -14.97783044055317880 ) ) ;
#1500 = DIRECTION ( 'NONE',  ( -4.263256414560601746E-14, 0.000000000000000000, 1.000000000000000000 ) ) ;
#1501 = VERTEX_POINT ( 'NONE', #2575 ) ;
#1502 = VERTEX_POINT ( 'NONE', #1848 ) ;
#1503 = ORIENTED_EDGE ( 'NONE', *, *, #2794, .F. ) ;
#1504 = FACE_OUTER_BOUND ( 'NONE', #554, .T. ) ;
#1505 = CARTESIAN_POINT ( 'NONE',  ( -5.566096497573605362, -11.74024391174314985, 14.18145891947581028 ) ) ;
#1506 = CARTESIAN_POINT ( 'NONE',  ( -8.157907867629823784, -9.240243911743149852, 20.78494974381870009 ) ) ;
#1507 = ORIENTED_EDGE ( 'NONE', *, *, #3852, .F. ) ;
#1508 = MANIFOLD_SOLID_BREP ( '\X2\501289d2\X0\2', #2174 ) ;
#1509 = AXIS2_PLACEMENT_3D ( 'NONE', #3297, #2605, #1145 ) ;
#1510 = CARTESIAN_POINT ( 'NONE',  ( 18.19405382607571298, -11.74024391174314985, -4.243472189751869905 ) ) ;
#1511 = CARTESIAN_POINT ( 'NONE',  ( 19.51906079531388727, -17.63466535672181124, -10.84384244778329709 ) ) ;
#1512 = AXIS2_PLACEMENT_3D ( 'NONE', #1033, #2088, #3510 ) ;
#1513 = CARTESIAN_POINT ( 'NONE',  ( -13.14511727391977480, -15.41881397645487262, -7.700720352271659408 ) ) ;
#1514 = EDGE_LOOP ( 'NONE', ( #1719, #1464, #1021, #3056 ) ) ;
#1515 = CARTESIAN_POINT ( 'NONE',  ( -14.61261138540685245, -19.74024467468260369, -4.308919886476533456 ) ) ;
#1516 = CARTESIAN_POINT ( 'NONE',  ( -19.46912891146407176, -12.15895782011175008, -10.93245776565884420 ) ) ;
#1517 = DIRECTION ( 'NONE',  ( 0.000000000000000000, -1.000000000000000000, 0.000000000000000000 ) ) ;
#1518 = CARTESIAN_POINT ( 'NONE',  ( -6.548037819462874332, -18.24024391174314985, -14.82054562470692183 ) ) ;
#1519 = ORIENTED_EDGE ( 'NONE', *, *, #1984, .F. ) ;
#1520 = CARTESIAN_POINT ( 'NONE',  ( 0.000000000000000000, -11.74024391174314985, 0.000000000000000000 ) ) ;
#1521 = CYLINDRICAL_SURFACE ( 'NONE', #2671, 1.950000000000000400 ) ;
#1522 = ORIENTED_EDGE ( 'NONE', *, *, #4364, .F. ) ;
#1523 = CIRCLE ( 'NONE', #337, 15.23467105286474599 ) ;
#1524 = DIRECTION ( 'NONE',  ( 0.8660254037844432595, 0.000000000000000000, -0.4999999999999919509 ) ) ;
#1525 = ADVANCED_FACE ( 'NONE', ( #1183 ), #90, .F. ) ;
#1526 = EDGE_CURVE ( 'NONE', #3522, #1441, #881, .T. ) ;
#1527 = VERTEX_POINT ( 'NONE', #4398 ) ;
#1528 = EDGE_CURVE ( 'NONE', #248, #382, #2988, .T. ) ;
#1529 = LINE ( 'NONE', #2267, #422 ) ;
#1530 = CONICAL_SURFACE ( 'NONE', #2268, 1.500003942275042412, 0.7853981633974482790 ) ;
#1531 = ORIENTED_EDGE ( 'NONE', *, *, #1191, .F. ) ;
#1532 = ADVANCED_FACE ( 'NONE', ( #1504 ), #3639, .T. ) ;
#1533 = CARTESIAN_POINT ( 'NONE',  ( 18.66524935776118355, -14.18461533006938069, -12.25455715508534205 ) ) ;
#1534 = EDGE_CURVE ( 'NONE', #1285, #3562, #1538, .T. ) ;
#1535 = CARTESIAN_POINT ( 'NONE',  ( 0.000000000000000000, -9.240243911743149852, 0.000000000000000000 ) ) ;
#1536 = B_SPLINE_CURVE_WITH_KNOTS ( 'NONE', 3,
 ( #3045, #2253, #4473, #2342, #1627, #4115 ),
 .UNSPECIFIED., .F., .F.,
 ( 4, 2, 4 ),
 ( 2.420350281742763641E-05, 0.0006694346669020830379, 0.001314665830986738422 ),
 .UNSPECIFIED. ) ;
#1537 = ORIENTED_EDGE ( 'NONE', *, *, #1925, .T. ) ;
#1538 = CIRCLE ( 'NONE', #4130, 18.99999997190468548 ) ;
#1539 = CARTESIAN_POINT ( 'NONE',  ( -0.2716376456724212685, -19.74024467468260369, -16.68167080711551975 ) ) ;
#1540 = CYLINDRICAL_SURFACE ( 'NONE', #3154, 2.843502884254436758 ) ;
#1541 = CARTESIAN_POINT ( 'NONE',  ( 17.28744413675675062, -12.97949331077753499, -8.431649543379840850 ) ) ;
#1542 = CARTESIAN_POINT ( 'NONE',  ( -11.24418879988331632, -11.74024391174314985, -14.10026872856032298 ) ) ;
#1543 = CIRCLE ( 'NONE', #954, 1.499999999999986899 ) ;
#1544 = ORIENTED_EDGE ( 'NONE', *, *, #1665, .T. ) ;
#1545 = ORIENTED_EDGE ( 'NONE', *, *, #1866, .F. ) ;
#1546 = CYLINDRICAL_SURFACE ( 'NONE', #559, 1.500003942275042412 ) ;
#1547 = DIRECTION ( 'NONE',  ( 0.000000000000000000, 0.000000000000000000, -1.000000000000000000 ) ) ;
#1548 = DIRECTION ( 'NONE',  ( 0.000000000000000000, 0.000000000000000000, -1.000000000000000000 ) ) ;
#1549 = DIRECTION ( 'NONE',  ( 0.000000000000000000, 0.000000000000000000, -1.000000000000000000 ) ) ;
#1550 = ADVANCED_FACE ( 'NONE', ( #3617 ), #4037, .F. ) ;
#1551 = VERTEX_POINT ( 'NONE', #2266 ) ;
#1552 = CARTESIAN_POINT ( 'NONE',  ( -16.72060993834193710, -11.74024391174314985, -6.214547829859890626 ) ) ;
#1553 = CARTESIAN_POINT ( 'NONE',  ( 0.000000000000000000, -9.240243911743149852, 0.000000000000000000 ) ) ;
#1554 = VERTEX_POINT ( 'NONE', #1229 ) ;
#1555 = CARTESIAN_POINT ( 'NONE',  ( 18.87786905550362704, -12.94852264988197632, -11.92464995436423969 ) ) ;
#1556 = CONICAL_SURFACE ( 'NONE', #297, 1.499998416865968354, 0.7853981633974490562 ) ;
#1557 = DIRECTION ( 'NONE',  ( 0.2624624360366730191, -0.8511485643991801853, -0.4545982742938099452 ) ) ;
#1558 = ORIENTED_EDGE ( 'NONE', *, *, #1860, .F. ) ;
#1559 = AXIS2_PLACEMENT_3D ( 'NONE', #560, #1571, #1549 ) ;
#1560 = DIRECTION ( 'NONE',  ( 0.000000000000000000, 1.000000000000000000, 0.000000000000000000 ) ) ;
#1561 = EDGE_CURVE ( 'NONE', #3772, #3200, #3690, .T. ) ;
#1562 = CARTESIAN_POINT ( 'NONE',  ( -18.15908131615623944, -11.70617198861649833, -12.99282029131266114 ) ) ;
#1563 = CARTESIAN_POINT ( 'NONE',  ( 0.000000000000000000, -19.74024467468260369, 0.000000000000000000 ) ) ;
#1564 = AXIS2_PLACEMENT_3D ( 'NONE', #3350, #1218, #169 ) ;
#1565 = ORIENTED_EDGE ( 'NONE', *, *, #3545, .T. ) ;
#1566 = ORIENTED_EDGE ( 'NONE', *, *, #1318, .F. ) ;
#1567 = FACE_OUTER_BOUND ( 'NONE', #3881, .T. ) ;
#1568 = CARTESIAN_POINT ( 'NONE',  ( -0.0001668234838807192914, -19.74024391174314985, 4.026971601162080631E-05 ) ) ;
#1569 = AXIS2_PLACEMENT_3D ( 'NONE', #1452, #1405, #710 ) ;
#1570 = CARTESIAN_POINT ( 'NONE',  ( -9.535153046303076252, -20.04024391174315411, -10.03713617270151914 ) ) ;
#1571 = DIRECTION ( 'NONE',  ( 0.000000000000000000, -1.000000000000000000, 0.000000000000000000 ) ) ;
#1572 = ORIENTED_EDGE ( 'NONE', *, *, #2155, .F. ) ;
#1573 = CARTESIAN_POINT ( 'NONE',  ( -15.26189373184703513, -12.41276168467299357, -5.441229541741638087 ) ) ;
#1574 = DIRECTION ( 'NONE',  ( 0.000000000000000000, 0.000000000000000000, 1.000000000000000000 ) ) ;
#1575 = DIRECTION ( 'NONE',  ( -0.4898787601332589281, 0.000000000000000000, -0.8717905713933254974 ) ) ;
#1576 = ORIENTED_EDGE ( 'NONE', *, *, #3012, .T. ) ;
#1577 = CARTESIAN_POINT ( 'NONE',  ( 20.07929615933596779, -17.95219547923301917, -9.768171474033499280 ) ) ;
#1578 = AXIS2_PLACEMENT_3D ( 'NONE', #1539, #1104, #33 ) ;
#1579 = DIRECTION ( 'NONE',  ( 0.06101040030062737651, 0.4848096202463385573, -0.8724891765355937689 ) ) ;
#1580 = EDGE_CURVE ( 'NONE', #4388, #793, #3312, .T. ) ;
#1581 = ORIENTED_EDGE ( 'NONE', *, *, #1585, .T. ) ;
#1582 = CARTESIAN_POINT ( 'NONE',  ( -2.423349639469138506, -9.240243911743149852, 20.80059456668416473 ) ) ;
#1583 = CARTESIAN_POINT ( 'NONE',  ( 15.71452609481872820, -12.55653130960080688, -3.259033134693756217 ) ) ;
#1584 = VECTOR ( 'NONE', #937, 1000.000000000000114 ) ;
#1585 = EDGE_CURVE ( 'NONE', #1611, #1904, #2719, .T. ) ;
#1586 = FACE_OUTER_BOUND ( 'NONE', #1062, .T. ) ;
#1587 = ORIENTED_EDGE ( 'NONE', *, *, #319, .T. ) ;
#1588 = EDGE_LOOP ( 'NONE', ( #367, #1170, #489, #1454 ) ) ;
#1589 =( GEOMETRIC_REPRESENTATION_CONTEXT ( 3 ) GLOBAL_UNCERTAINTY_ASSIGNED_CONTEXT ( ( #3850 ) ) GLOBAL_UNIT_ASSIGNED_CONTEXT ( ( #470, #3294, #2621 ) ) REPRESENTATION_CONTEXT ( 'NONE', 'WORKASPACE' ) );
#1590 = DIRECTION ( 'NONE',  ( 0.6234762387187180455, 0.000000000000000000, 0.7818422985187999386 ) ) ;
#1591 = CARTESIAN_POINT ( 'NONE',  ( -16.67641251653122225, -19.74024467468260369, 0.006555158773453037893 ) ) ;
#1592 = DIRECTION ( 'NONE',  ( 0.000000000000000000, 1.000000000000000000, 0.000000000000000000 ) ) ;
#1593 = EDGE_CURVE ( 'NONE', #2676, #45, #3486, .T. ) ;
#1594 = CARTESIAN_POINT ( 'NONE',  ( 13.93162546197970642, -15.51902752800123331, -6.166746236927586722 ) ) ;
#1595 = ORIENTED_EDGE ( 'NONE', *, *, #276, .F. ) ;
#1596 = CARTESIAN_POINT ( 'NONE',  ( -3.811229891200368546E-07, -19.74024391174314985, 1.292481749723593018E-06 ) ) ;
#1597 = AXIS2_PLACEMENT_3D ( 'NONE', #4202, #2851, #4221 ) ;
#1598 = DIRECTION ( 'NONE',  ( 8.659560562354936556E-17, -0.7071067811865473507, 0.7071067811865477948 ) ) ;
#1599 = CARTESIAN_POINT ( 'NONE',  ( 0.000000000000000000, -14.54024391174315056, 0.000000000000000000 ) ) ;
#1600 = AXIS2_PLACEMENT_3D ( 'NONE', #468, #1184, #1574 ) ;
#1601 = VERTEX_POINT ( 'NONE', #1967 ) ;
#1602 = CARTESIAN_POINT ( 'NONE',  ( -15.94574476875267344, -12.97949331077753143, -10.75554101724591405 ) ) ;
#1603 = FACE_OUTER_BOUND ( 'NONE', #1095, .T. ) ;
#1604 = EDGE_LOOP ( 'NONE', ( #832, #147, #3834, #693 ) ) ;
#1605 = EDGE_CURVE ( 'NONE', #2420, #3492, #271, .T. ) ;
#1606 = PLANE ( 'NONE',  #2689 ) ;
#1607 = CARTESIAN_POINT ( 'NONE',  ( -17.66509037222857614, -11.95606361694957975, -13.65839184543595586 ) ) ;
#1608 = DIRECTION ( 'NONE',  ( 0.000000000000000000, -1.000000000000000000, -0.000000000000000000 ) ) ;
#1609 = ORIENTED_EDGE ( 'NONE', *, *, #2294, .T. ) ;
#1610 = CIRCLE ( 'NONE', #2504, 22.32858287865848368 ) ;
#1611 = VERTEX_POINT ( 'NONE', #3078 ) ;
#1612 = DIRECTION ( 'NONE',  ( 0.2624624360366730191, -0.8511485643991807404, -0.4545982742938087240 ) ) ;
#1613 = DIRECTION ( 'NONE',  ( 0.000000000000000000, -1.000000000000000000, 0.000000000000000000 ) ) ;
#1614 = CARTESIAN_POINT ( 'NONE',  ( 0.000000000000000000, -19.74024467468260369, 0.000000000000000000 ) ) ;
#1615 = CIRCLE ( 'NONE', #805, 15.23467105286474599 ) ;
#1616 = CARTESIAN_POINT ( 'NONE',  ( -7.311831691836800928, -20.04024391174315411, -17.07072855189295524 ) ) ;
#1617 = ORIENTED_EDGE ( 'NONE', *, *, #2339, .T. ) ;
#1618 = DIRECTION ( 'NONE',  ( 0.000000000000000000, -1.000000000000000000, 0.000000000000000000 ) ) ;
#1619 = DIRECTION ( 'NONE',  ( -0.000000000000000000, -1.000000000000000000, -0.000000000000000000 ) ) ;
#1620 = EDGE_CURVE ( 'NONE', #2781, #2499, #1686, .T. ) ;
#1621 = VERTEX_POINT ( 'NONE', #3036 ) ;
#1622 = EDGE_CURVE ( 'NONE', #694, #4572, #951, .T. ) ;
#1623 = EDGE_CURVE ( 'NONE', #2939, #2525, #3404, .T. ) ;
#1624 = CARTESIAN_POINT ( 'NONE',  ( -0.2716376456724211019, -21.44024467468260298, -15.18166627350870712 ) ) ;
#1625 = CARTESIAN_POINT ( 'NONE',  ( 19.77334198496583539, -17.85339273060598941, -10.37210490280098085 ) ) ;
#1626 = ORIENTED_EDGE ( 'NONE', *, *, #447, .T. ) ;
#1627 = CARTESIAN_POINT ( 'NONE',  ( 20.42020367051004825, -11.74484130141155447, -9.034754314681242349 ) ) ;
#1628 = CARTESIAN_POINT ( 'NONE',  ( -19.66915502206694555, -16.66308758698945880, -10.56986784032640614 ) ) ;
#1629 = ADVANCED_FACE ( 'NONE', ( #3800 ), #2379, .T. ) ;
#1630 = CARTESIAN_POINT ( 'NONE',  ( -13.14511727391977480, -15.41881397645487262, -7.700720352271659408 ) ) ;
#1631 = ORIENTED_EDGE ( 'NONE', *, *, #4216, .F. ) ;
#1632 = CIRCLE ( 'NONE', #2221, 22.32858287865848368 ) ;
#1633 = ORIENTED_EDGE ( 'NONE', *, *, #3448, .T. ) ;
#1634 = LINE ( 'NONE', #598, #2695 ) ;
#1635 = CARTESIAN_POINT ( 'NONE',  ( -13.95406949423954757, -9.240243911743149852, -12.89511316283464382 ) ) ;
#1636 = CARTESIAN_POINT ( 'NONE',  ( 16.49011263901348912, -23.44024467468259942, 2.371931004688453637 ) ) ;
#1637 = AXIS2_PLACEMENT_3D ( 'NONE', #1638, #1292, #601 ) ;
#1638 = CARTESIAN_POINT ( 'NONE',  ( -0.2716376456724212685, -19.74024467468260369, -16.68167080711551975 ) ) ;
#1639 = VERTEX_POINT ( 'NONE', #4485 ) ;
#1640 = VECTOR ( 'NONE', #2019, 1000.000000000000227 ) ;
#1641 = FACE_BOUND ( 'NONE', #3241, .T. ) ;
#1642 = DIRECTION ( 'NONE',  ( 0.000000000000000000, 0.000000000000000000, -1.000000000000000000 ) ) ;
#1643 = ADVANCED_FACE ( 'NONE', ( #4461 ), #2663, .T. ) ;
#1644 = ORIENTED_EDGE ( 'NONE', *, *, #3408, .T. ) ;
#1645 = CARTESIAN_POINT ( 'NONE',  ( 21.15315695296775900, -14.62017016220073451, -7.149098532429713160 ) ) ;
#1646 = DIRECTION ( 'NONE',  ( 0.000000000000000000, -1.000000000000000000, 0.000000000000000000 ) ) ;
#1647 = ORIENTED_EDGE ( 'NONE', *, *, #1014, .F. ) ;
#1648 = B_SPLINE_CURVE_WITH_KNOTS ( 'NONE', 3,
 ( #2439, #4518, #1349, #615 ),
 .UNSPECIFIED., .F., .F.,
 ( 4, 4 ),
 ( 4.847066880700386104E-11, 0.0007927849067495768356 ),
 .UNSPECIFIED. ) ;
#1649 = CARTESIAN_POINT ( 'NONE',  ( -16.67641251653122225, -23.44024467468259942, 1.506553575639421494 ) ) ;
#1650 = CARTESIAN_POINT ( 'NONE',  ( 19.05106846563615619, -14.06716509211449839, -9.291826568372927753 ) ) ;
#1651 = CARTESIAN_POINT ( 'NONE',  ( -0.2716376456724212685, -19.74024467468260369, -16.68167080711551975 ) ) ;
#1652 = ORIENTED_EDGE ( 'NONE', *, *, #4548, .F. ) ;
#1653 = AXIS2_PLACEMENT_3D ( 'NONE', #4318, #2951, #1839 ) ;
#1654 = AXIS2_PLACEMENT_3D ( 'NONE', #1290, #3775, #600 ) ;
#1655 = CARTESIAN_POINT ( 'NONE',  ( 16.50231144140071038, -15.83606536679733523, -8.776716771921003968 ) ) ;
#1656 = AXIS2_PLACEMENT_3D ( 'NONE', #3474, #2105, #2852 ) ;
#1657 = FACE_OUTER_BOUND ( 'NONE', #3596, .T. ) ;
#1658 = LINE ( 'NONE', #2048, #2022 ) ;
#1659 = CARTESIAN_POINT ( 'NONE',  ( -2.507457929069458302, -15.24343639035113895, 15.02930876075978084 ) ) ;
#1660 = CIRCLE ( 'NONE', #1073, 3.500001967701191319 ) ;
#1661 = ORIENTED_EDGE ( 'NONE', *, *, #2827, .T. ) ;
#1662 = DIRECTION ( 'NONE',  ( 0.9888334116298549414, 0.000000000000000000, -0.1490251121269897949 ) ) ;
#1663 = FACE_OUTER_BOUND ( 'NONE', #1757, .T. ) ;
#1664 = ORIENTED_EDGE ( 'NONE', *, *, #3471, .T. ) ;
#1665 = EDGE_CURVE ( 'NONE', #2490, #3407, #210, .T. ) ;
#1666 = EDGE_CURVE ( 'NONE', #602, #871, #725, .T. ) ;
#1667 = B_SPLINE_CURVE_WITH_KNOTS ( 'NONE', 3,
 ( #4278, #3627, #1770, #3551 ),
 .UNSPECIFIED., .F., .F.,
 ( 4, 4 ),
 ( 0.000000000000000000, 1.000000000000000000 ),
 .UNSPECIFIED. ) ;
#1668 = ORIENTED_EDGE ( 'NONE', *, *, #1759, .F. ) ;
#1669 = VECTOR ( 'NONE', #3203, 1000.000000000000000 ) ;
#1670 = ADVANCED_FACE ( 'NONE', ( #4079 ), #3425, .T. ) ;
#1671 = CARTESIAN_POINT ( 'NONE',  ( 15.20893439831867333, -60.65685102412353302, -0.8851647059355786107 ) ) ;
#1672 = CONICAL_SURFACE ( 'NONE', #1084, 2.843502884254425211, 0.7853981633974438381 ) ;
#1673 = FACE_OUTER_BOUND ( 'NONE', #2370, .T. ) ;
#1674 = EDGE_LOOP ( 'NONE', ( #1531, #3997, #215, #1228 ) ) ;
#1675 = DIRECTION ( 'NONE',  ( 0.000000000000000000, 0.000000000000000000, -1.000000000000000000 ) ) ;
#1676 = EDGE_CURVE ( 'NONE', #1005, #439, #884, .T. ) ;
#1677 = DIRECTION ( 'NONE',  ( 0.000000000000000000, 1.000000000000000000, -0.000000000000000000 ) ) ;
#1678 = CARTESIAN_POINT ( 'NONE',  ( 0.000000000000000000, -14.54024391174315056, 0.000000000000000000 ) ) ;
#1679 = ORIENTED_EDGE ( 'NONE', *, *, #61, .F. ) ;
#1680 = DIRECTION ( 'NONE',  ( 0.9591681338952284808, 0.000000000000000000, 0.2828365091708374690 ) ) ;
#1681 = PLANE ( 'NONE',  #3638 ) ;
#1682 = CARTESIAN_POINT ( 'NONE',  ( -14.60667533172692778, -19.74024467468260369, 4.328999635310111671 ) ) ;
#1683 = CARTESIAN_POINT ( 'NONE',  ( -17.57249208858810618, -14.06716509211449839, -11.85279597629123671 ) ) ;
#1684 = CARTESIAN_POINT ( 'NONE',  ( -2.220023022332878959, -15.36700533084020037, 15.07500550612218149 ) ) ;
#1685 = ORIENTED_EDGE ( 'NONE', *, *, #1014, .T. ) ;
#1686 = LINE ( 'NONE', #1251, #438 ) ;
#1687 = DIRECTION ( 'NONE',  ( 0.000000000000000000, 0.000000000000000000, 1.000000000000000000 ) ) ;
#1688 =( GEOMETRIC_REPRESENTATION_CONTEXT ( 3 ) GLOBAL_UNCERTAINTY_ASSIGNED_CONTEXT ( ( #2506 ) ) GLOBAL_UNIT_ASSIGNED_CONTEXT ( ( #2643, #819, #67 ) ) REPRESENTATION_CONTEXT ( 'NONE', 'WORKASPACE' ) );
#1689 = ORIENTED_EDGE ( 'NONE', *, *, #3929, .F. ) ;
#1690 = EDGE_CURVE ( 'NONE', #1441, #793, #4210, .T. ) ;
#1691 = ORIENTED_EDGE ( 'NONE', *, *, #1958, .T. ) ;
#1692 = CARTESIAN_POINT ( 'NONE',  ( -1.735393022059070312, -11.70277046417876576, 19.86908797206632116 ) ) ;
#1693 = DIRECTION ( 'NONE',  ( -0.000000000000000000, -1.000000000000000000, -0.000000000000000000 ) ) ;
#1694 = ORIENTED_EDGE ( 'NONE', *, *, #276, .T. ) ;
#1695 = DIRECTION ( 'NONE',  ( -0.000000000000000000, -1.000000000000000000, -0.000000000000000000 ) ) ;
#1696 = FACE_OUTER_BOUND ( 'NONE', #2612, .T. ) ;
#1697 = DIRECTION ( 'NONE',  ( 0.000000000000000000, 0.000000000000000000, -1.000000000000000000 ) ) ;
#1698 = ORIENTED_EDGE ( 'NONE', *, *, #4143, .T. ) ;
#1699 = EDGE_CURVE ( 'NONE', #1551, #4072, #356, .T. ) ;
#1700 = CARTESIAN_POINT ( 'NONE',  ( -18.78135383892231403, -17.90045055350953618, -12.07697573913400824 ) ) ;
#1701 = DIRECTION ( 'NONE',  ( -0.000000000000000000, -1.000000000000000000, -0.000000000000000000 ) ) ;
#1702 = FACE_OUTER_BOUND ( 'NONE', #3398, .T. ) ;
#1703 = FACE_OUTER_BOUND ( 'NONE', #1398, .T. ) ;
#1704 = CARTESIAN_POINT ( 'NONE',  ( -16.80216848883442537, -9.240243911743149852, -12.49897963337429019 ) ) ;
#1705 = AXIS2_PLACEMENT_3D ( 'NONE', #760, #1797, #3891 ) ;
#1706 = ORIENTED_EDGE ( 'NONE', *, *, #2527, .F. ) ;
#1707 = DIRECTION ( 'NONE',  ( -0.000000000000000000, -1.000000000000000000, -0.000000000000000000 ) ) ;
#1708 = DIRECTION ( 'NONE',  ( 0.000000000000000000, 1.000000000000000000, -0.000000000000000000 ) ) ;
#1709 = AXIS2_PLACEMENT_3D ( 'NONE', #2327, #2659, #1289 ) ;
#1710 = VERTEX_POINT ( 'NONE', #970 ) ;
#1711 = VERTEX_POINT ( 'NONE', #3445 ) ;
#1712 = CIRCLE ( 'NONE', #1493, 3.500003781483101761 ) ;
#1713 = ORIENTED_EDGE ( 'NONE', *, *, #3103, .T. ) ;
#1714 = DIRECTION ( 'NONE',  ( -0.2624624360366729636, 0.8511485643991806294, 0.4545982742938091126 ) ) ;
#1715 = ORIENTED_EDGE ( 'NONE', *, *, #3408, .F. ) ;
#1716 = DIRECTION ( 'NONE',  ( -0.7861029915571017268, 0.4848096202463385573, 0.3834080317123993997 ) ) ;
#1717 = CARTESIAN_POINT ( 'NONE',  ( 7.368756555013558085, -24.44024467468260298, 16.96913241080905976 ) ) ;
#1718 = CARTESIAN_POINT ( 'NONE',  ( 0.000000000000000000, -11.74024391174314985, 0.000000000000000000 ) ) ;
#1719 = ORIENTED_EDGE ( 'NONE', *, *, #3463, .F. ) ;
#1720 = CARTESIAN_POINT ( 'NONE',  ( -16.85808337186709238, -15.64062326199243813, -14.64194780558023012 ) ) ;
#1721 = ADVANCED_FACE ( 'NONE', ( #1641, #539, #184 ), #4420, .F. ) ;
#1722 = ADVANCED_FACE ( 'NONE', ( #3057 ), #1086, .F. ) ;
#1723 = DIRECTION ( 'NONE',  ( 0.000000000000000000, 0.000000000000000000, -1.000000000000000000 ) ) ;
#1724 = CARTESIAN_POINT ( 'NONE',  ( -16.59832810088351351, -13.41582196899924284, -11.19571404758680089 ) ) ;
#1725 = FACE_OUTER_BOUND ( 'NONE', #111, .T. ) ;
#1726 = VECTOR ( 'NONE', #1420, 1000.000000000000114 ) ;
#1727 = VERTEX_POINT ( 'NONE', #3557 ) ;
#1728 = CARTESIAN_POINT ( 'NONE',  ( 13.38773329445172777, -20.04024391174315411, 3.992218804751106465 ) ) ;
#1729 = FACE_OUTER_BOUND ( 'NONE', #474, .T. ) ;
#1730 = EDGE_CURVE ( 'NONE', #4297, #273, #691, .T. ) ;
#1731 = VECTOR ( 'NONE', #4140, 1000.000000000000000 ) ;
#1732 = ORIENTED_EDGE ( 'NONE', *, *, #3873, .F. ) ;
#1733 = CIRCLE ( 'NONE', #4324, 4.200000000000015277 ) ;
#1734 = ORIENTED_EDGE ( 'NONE', *, *, #1115, .F. ) ;
#1735 = VECTOR ( 'NONE', #494, 1000.000000000000000 ) ;
#1736 = VERTEX_POINT ( 'NONE', #2819 ) ;
#1737 = CARTESIAN_POINT ( 'NONE',  ( 7.368756555013558085, -24.44024467468260298, 16.96913241080905976 ) ) ;
#1738 = LINE ( 'NONE', #3222, #1288 ) ;
#1739 = ORIENTED_EDGE ( 'NONE', *, *, #47, .T. ) ;
#1740 = CARTESIAN_POINT ( 'NONE',  ( 16.49011263901348912, -24.44024467468260298, 5.871943883606949299 ) ) ;
#1741 = AXIS2_PLACEMENT_3D ( 'NONE', #4519, #4570, #3525 ) ;
#1742 = CARTESIAN_POINT ( 'NONE',  ( -4.768734349589252908, -13.01382942573812151, 14.93766392369582618 ) ) ;
#1743 = B_SPLINE_SURFACE_WITH_KNOTS ( 'NONE', 3, 1, ( 
 ( #3612, #149 ),
 ( #4328, #1845 ),
 ( #1891, #3306 ),
 ( #3685, #2891 ) ),
 .UNSPECIFIED., .F., .F., .F.,
 ( 4, 4 ),
 ( 2, 2 ),
 ( 0.000000000000000000, 1.000000000000000000 ),
 ( 0.000000000000000000, 1.000000000000000000 ),
 .UNSPECIFIED. ) ;
#1744 = LINE ( 'NONE', #749, #2770 ) ;
#1745 = EDGE_CURVE ( 'NONE', #2246, #3470, #2800, .T. ) ;
#1746 = ORIENTED_EDGE ( 'NONE', *, *, #3719, .T. ) ;
#1747 = DIRECTION ( 'NONE',  ( -0.2828365091708374690, 0.000000000000000000, 0.9591681338952284808 ) ) ;
#1748 = LINE ( 'NONE', #753, #4108 ) ;
#1749 = DIRECTION ( 'NONE',  ( 0.000000000000000000, -1.000000000000000000, 0.000000000000000000 ) ) ;
#1750 = DIRECTION ( 'NONE',  ( 0.2624624360366664688, -0.8511485643991805183, 0.4545982742938129983 ) ) ;
#1751 = ORIENTED_EDGE ( 'NONE', *, *, #622, .F. ) ;
#1752 = DIRECTION ( 'NONE',  ( 0.000000000000000000, -1.000000000000000000, 0.000000000000000000 ) ) ;
#1753 = DIRECTION ( 'NONE',  ( -0.7250925912564739617, -0.4848096202463386684, -0.4890811448232012526 ) ) ;
#1754 = ORIENTED_EDGE ( 'NONE', *, *, #1124, .T. ) ;
#1755 = ORIENTED_EDGE ( 'NONE', *, *, #1804, .T. ) ;
#1756 = ORIENTED_EDGE ( 'NONE', *, *, #3630, .F. ) ;
#1757 = EDGE_LOOP ( 'NONE', ( #644, #1087, #2181, #2474, #1661, #1411 ) ) ;
#1758 = AXIS2_PLACEMENT_3D ( 'NONE', #4347, #3978, #6 ) ;
#1759 = EDGE_CURVE ( 'NONE', #3022, #3317, #3844, .T. ) ;
#1760 = CARTESIAN_POINT ( 'NONE',  ( 2.828803170676072121, -11.74024391174314985, 18.78823758509432551 ) ) ;
#1761 = PRODUCT_DEFINITION_CONTEXT ( 'detailed design', #4185, 'design' ) ;
#1762 = CARTESIAN_POINT ( 'NONE',  ( -14.61261171380932566, -14.54024391174315056, -4.308919983314798863 ) ) ;
#1763 = ORIENTED_EDGE ( 'NONE', *, *, #2806, .F. ) ;
#1764 = EDGE_CURVE ( 'NONE', #1776, #2481, #2777, .T. ) ;
#1765 = FACE_OUTER_BOUND ( 'NONE', #4244, .T. ) ;
#1766 = DIRECTION ( 'NONE',  ( -0.000000000000000000, 1.000000000000000000, -0.000000000000000000 ) ) ;
#1767 = CARTESIAN_POINT ( 'NONE',  ( -10.67966853382927539, -12.55653130960080510, -11.97966223919970652 ) ) ;
#1768 = ORIENTED_EDGE ( 'NONE', *, *, #3106, .T. ) ;
#1769 = CARTESIAN_POINT ( 'NONE',  ( -18.10960197421245965, -17.84521717158233045, -13.06268903512325963 ) ) ;
#1770 = CARTESIAN_POINT ( 'NONE',  ( -4.174844080853880257, -20.04024391174315411, -13.68008491379807623 ) ) ;
#1771 = CARTESIAN_POINT ( 'NONE',  ( -16.67641251653122225, -23.44024467468259942, -1.993448392061769825 ) ) ;
#1772 = DIRECTION ( 'NONE',  ( -0.000000000000000000, 1.000000000000000000, -0.000000000000000000 ) ) ;
#1773 = ORIENTED_EDGE ( 'NONE', *, *, #3570, .T. ) ;
#1774 = DIRECTION ( 'NONE',  ( -0.5249248720733412643, -0.8511485643991807404, 0.000000000000000000 ) ) ;
#1775 = PLANE ( 'NONE',  #1042 ) ;
#1776 = VERTEX_POINT ( 'NONE', #3890 ) ;
#1777 = EDGE_LOOP ( 'NONE', ( #81, #294, #4285, #3847, #3001, #2765 ) ) ;
#1778 = EDGE_CURVE ( 'NONE', #3470, #462, #3767, .T. ) ;
#1779 = VERTEX_POINT ( 'NONE', #2427 ) ;
#1780 = VERTEX_POINT ( 'NONE', #669 ) ;
#1781 = CIRCLE ( 'NONE', #231, 3.500003781483101761 ) ;
#1782 = CARTESIAN_POINT ( 'NONE',  ( 1.892198300769547759, -9.586689807668070884, 18.90605167749642490 ) ) ;
#1783 = AXIS2_PLACEMENT_3D ( 'NONE', #4305, #508, #1130 ) ;
#1784 = CARTESIAN_POINT ( 'NONE',  ( 1.570504236613031956, -9.240243911743158733, 18.93498126154759120 ) ) ;
#1785 = EDGE_LOOP ( 'NONE', ( #1268, #1074, #3706, #2041 ) ) ;
#1786 = CARTESIAN_POINT ( 'NONE',  ( 16.49011263901348912, -19.74024467468260369, 0.8719233200132475714 ) ) ;
#1787 = LINE ( 'NONE', #701, #1669 ) ;
#1788 = DIRECTION ( 'NONE',  ( 0.000000000000000000, 0.000000000000000000, 1.000000000000000000 ) ) ;
#1789 = EDGE_LOOP ( 'NONE', ( #3918, #4450, #1826, #4154 ) ) ;
#1790 = CARTESIAN_POINT ( 'NONE',  ( 12.69125459457272775, -14.91486303225149612, -8.431521507914736091 ) ) ;
#1791 = CARTESIAN_POINT ( 'NONE',  ( -0.2716376456724212685, -23.44024467468259942, -16.68167080711551975 ) ) ;
#1792 =( BOUNDED_CURVE ( )  B_SPLINE_CURVE ( 3, ( #1992, #2338, #1949, #1974 ),
 .UNSPECIFIED., .F., .T. ) 
 B_SPLINE_CURVE_WITH_KNOTS ( ( 4, 4 ),
 ( 4.532882159585466475, 4.649739656345062144 ),
 .UNSPECIFIED. ) 
 CURVE ( )  GEOMETRIC_REPRESENTATION_ITEM ( )  RATIONAL_B_SPLINE_CURVE ( ( 1.000000000000000000, 0.9988623508296525788, 0.9988623508296525788, 1.000000000000000000 ) ) 
 REPRESENTATION_ITEM ( '' )  );
#1793 = DIRECTION ( 'NONE',  ( 0.000000000000000000, -1.000000000000000000, 0.000000000000000000 ) ) ;
#1794 = DIRECTION ( 'NONE',  ( 0.000000000000000000, -1.000000000000000000, -0.000000000000000000 ) ) ;
#1795 = ORIENTED_EDGE ( 'NONE', *, *, #2445, .T. ) ;
#1796 = CARTESIAN_POINT ( 'NONE',  ( 10.59435114265487599, -20.04024391174315411, 6.571359617794056973 ) ) ;
#1797 = DIRECTION ( 'NONE',  ( 0.000000000000000000, -1.000000000000000000, 0.000000000000000000 ) ) ;
#1798 = ORIENTED_EDGE ( 'NONE', *, *, #1972, .F. ) ;
#1799 = EDGE_LOOP ( 'NONE', ( #1011, #914, #3778, #18, #528, #2650, #389 ) ) ;
#1800 = EDGE_CURVE ( 'NONE', #170, #1402, #1543, .T. ) ;
#1801 = ORIENTED_EDGE ( 'NONE', *, *, #2752, .F. ) ;
#1802 = AXIS2_PLACEMENT_3D ( 'NONE', #1236, #3024, #3678 ) ;
#1803 = CIRCLE ( 'NONE', #1654, 3.500001967701191319 ) ;
#1804 = EDGE_CURVE ( 'NONE', #3609, #694, #588, .T. ) ;
#1805 = CIRCLE ( 'NONE', #2994, 3.500012878918495218 ) ;
#1806 = CARTESIAN_POINT ( 'NONE',  ( 20.15566457462288597, -11.65006323048823411, -9.610357950918590575 ) ) ;
#1807 = LINE ( 'NONE', #1397, #4466 ) ;
#1808 = VERTEX_POINT ( 'NONE', #2073 ) ;
#1809 = VECTOR ( 'NONE', #2461, 1000.000000000000114 ) ;
#1810 = ADVANCED_FACE ( 'NONE', ( #4217, #735 ), #2750, .F. ) ;
#1811 = CARTESIAN_POINT ( 'NONE',  ( 16.49011263901348912, -23.44024467468259942, 2.371931004688453637 ) ) ;
#1812 = CARTESIAN_POINT ( 'NONE',  ( 5.239190399699317879, -9.240243911743149852, 21.70521830525994744 ) ) ;
#1813 = DIRECTION ( 'NONE',  ( -0.8660254037844363761, 0.000000000000000000, -0.5000000000000039968 ) ) ;
#1814 = ORIENTED_EDGE ( 'NONE', *, *, #285, .T. ) ;
#1815 = VECTOR ( 'NONE', #2173, 1000.000000000000000 ) ;
#1816 = CARTESIAN_POINT ( 'NONE',  ( 12.96273648872733375, -15.21178185037257968, -8.007868683145911604 ) ) ;
#1817 = EDGE_CURVE ( 'NONE', #2347, #432, #3534, .T. ) ;
#1818 = CARTESIAN_POINT ( 'NONE',  ( 8.304582354855945425, -20.04024391174315411, 12.77220082837763293 ) ) ;
#1819 = CARTESIAN_POINT ( 'NONE',  ( -16.67641251653122225, -19.74024467468260369, 1.506553575639421494 ) ) ;
#1820 = DIRECTION ( 'NONE',  ( 0.000000000000000000, -1.000000000000000000, 0.000000000000000000 ) ) ;
#1821 = CONICAL_SURFACE ( 'NONE', #2567, 2.843502884254425211, 0.7853981633974438381 ) ;
#1822 = ORIENTED_EDGE ( 'NONE', *, *, #4499, .F. ) ;
#1823 = CARTESIAN_POINT ( 'NONE',  ( -6.941786363968607709, -11.74024391174314985, 17.68648074121581359 ) ) ;
#1824 = EDGE_CURVE ( 'NONE', #170, #3846, #3868, .T. ) ;
#1825 = CARTESIAN_POINT ( 'NONE',  ( -0.2716376456724212685, -19.74024467468260369, -16.68167080711551975 ) ) ;
#1826 = ORIENTED_EDGE ( 'NONE', *, *, #3991, .F. ) ;
#1827 = EDGE_LOOP ( 'NONE', ( #3581, #1121, #2065, #3335 ) ) ;
#1828 = ORIENTED_EDGE ( 'NONE', *, *, #4488, .T. ) ;
#1829 = DIRECTION ( 'NONE',  ( 0.000000000000000000, -1.000000000000000000, -0.000000000000000000 ) ) ;
#1830 = ADVANCED_FACE ( 'NONE', ( #364 ), #2405, .F. ) ;
#1831 = CARTESIAN_POINT ( 'NONE',  ( -3.018783936899415377, -17.45890695610186327, 22.12405453183146165 ) ) ;
#1832 = CARTESIAN_POINT ( 'NONE',  ( -4.847374690087496774, -18.24024391174314985, -7.984558662671595641 ) ) ;
#1833 = ORIENTED_EDGE ( 'NONE', *, *, #3694, .F. ) ;
#1834 = DIRECTION ( 'NONE',  ( -0.000000000000000000, -1.000000000000000000, -0.000000000000000000 ) ) ;
#1835 = AXIS2_PLACEMENT_3D ( 'NONE', #1107, #4257, #387 ) ;
#1836 = LINE ( 'NONE', #4250, #3076 ) ;
#1837 = FACE_OUTER_BOUND ( 'NONE', #3475, .T. ) ;
#1838 = ORIENTED_EDGE ( 'NONE', *, *, #811, .T. ) ;
#1839 = DIRECTION ( 'NONE',  ( 0.9888334116298548304, 0.000000000000000000, -0.1490251121269899337 ) ) ;
#1840 = CARTESIAN_POINT ( 'NONE',  ( 19.22551812830358386, -9.240243911743149852, -9.867437057023433766 ) ) ;
#1841 = DIRECTION ( 'NONE',  ( 0.000000000000000000, 0.000000000000000000, -1.000000000000000000 ) ) ;
#1842 = CARTESIAN_POINT ( 'NONE',  ( -2.992416143417361063, -20.04024391174315411, -14.47999171228702942 ) ) ;
#1843 = VERTEX_POINT ( 'NONE', #3824 ) ;
#1844 = DIRECTION ( 'NONE',  ( 0.7250925912564739617, 0.4848096202463385573, 0.4890811448232011971 ) ) ;
#1845 = CARTESIAN_POINT ( 'NONE',  ( -9.535153046303076252, -19.74024391174314985, -10.03713617270151914 ) ) ;
#1846 = ORIENTED_EDGE ( 'NONE', *, *, #511, .T. ) ;
#1847 = VERTEX_POINT ( 'NONE', #3191 ) ;
#1848 = CARTESIAN_POINT ( 'NONE',  ( 13.76602476202161007, -9.240243911743149852, -13.09566955843749092 ) ) ;
#1849 = CARTESIAN_POINT ( 'NONE',  ( -1.341699368004060311, -12.97949331077753499, 19.18719056062560924 ) ) ;
#1850 = CARTESIAN_POINT ( 'NONE',  ( -5.405131727644559625, -11.74024391174314985, 17.20563602404304504 ) ) ;
#1851 = AXIS2_PLACEMENT_3D ( 'NONE', #2498, #1038, #3914 ) ;
#1852 = ORIENTED_EDGE ( 'NONE', *, *, #469, .T. ) ;
#1853 = LINE ( 'NONE', #3970, #2523 ) ;
#1854 = AXIS2_PLACEMENT_3D ( 'NONE', #903, #2940, #2596 ) ;
#1855 = CARTESIAN_POINT ( 'NONE',  ( 19.77334198496583539, -17.85339273060598941, -10.37210490280098085 ) ) ;
#1856 = CARTESIAN_POINT ( 'NONE',  ( -15.85201540700480471, -15.83606536679733523, -9.903062543455256161 ) ) ;
#1857 = VERTEX_POINT ( 'NONE', #2844 ) ;
#1858 = CIRCLE ( 'NONE', #461, 15.23467105286474599 ) ;
#1859 = CARTESIAN_POINT ( 'NONE',  ( 18.78783480742141165, -9.240243911743149852, -2.831477031766768793 ) ) ;
#1860 = EDGE_CURVE ( 'NONE', #4297, #3270, #3252, .T. ) ;
#1861 = LINE ( 'NONE', #3277, #2191 ) ;
#1862 = CARTESIAN_POINT ( 'NONE',  ( 17.28744413675674352, -12.97949331077753143, -8.431649543379839074 ) ) ;
#1863 = CARTESIAN_POINT ( 'NONE',  ( 13.24157808946692683, -15.41881397645487439, -7.533645318804462754 ) ) ;
#1864 = ORIENTED_EDGE ( 'NONE', *, *, #1817, .F. ) ;
#1865 = EDGE_CURVE ( 'NONE', #4071, #2451, #3468, .T. ) ;
#1866 = EDGE_CURVE ( 'NONE', #3689, #3492, #3169, .T. ) ;
#1867 = CARTESIAN_POINT ( 'NONE',  ( 16.49011263901348912, -19.74024467468260369, 2.371931004688453637 ) ) ;
#1868 = DIRECTION ( 'NONE',  ( 0.06101040030062736957, 0.4848096202463385018, -0.8724891765355936579 ) ) ;
#1869 = ORIENTED_EDGE ( 'NONE', *, *, #4197, .F. ) ;
#1870 = EDGE_LOOP ( 'NONE', ( #955, #1768, #3585, #3729 ) ) ;
#1871 = EDGE_CURVE ( 'NONE', #219, #2357, #3305, .T. ) ;
#1872 = DIRECTION ( 'NONE',  ( 0.8660254037844432595, 0.000000000000000000, -0.4999999999999919509 ) ) ;
#1873 = EDGE_CURVE ( 'NONE', #3517, #2258, #3536, .T. ) ;
#1874 = CARTESIAN_POINT ( 'NONE',  ( -13.92134056071486015, -19.74024391174314985, -17.45743032700978148 ) ) ;
#1875 = CIRCLE ( 'NONE', #3926, 15.23467105286474599 ) ;
#1876 = ORIENTED_EDGE ( 'NONE', *, *, #663, .F. ) ;
#1877 = AXIS2_PLACEMENT_3D ( 'NONE', #1026, #1004, #2414 ) ;
#1878 = AXIS2_PLACEMENT_3D ( 'NONE', #578, #1960, #2721 ) ;
#1879 = DIRECTION ( 'NONE',  ( 0.000000000000000000, -1.000000000000000000, 0.000000000000000000 ) ) ;
#1880 = VECTOR ( 'NONE', #3732, 1000.000000000000114 ) ;
#1881 = CARTESIAN_POINT ( 'NONE',  ( -5.416091309369668316, -11.74024391174314985, 18.21169826954499982 ) ) ;
#1882 = ORIENTED_EDGE ( 'NONE', *, *, #3740, .F. ) ;
#1883 = CARTESIAN_POINT ( 'NONE',  ( -0.2716376456724208244, -23.44024467468259942, -13.18166627350870712 ) ) ;
#1884 = CARTESIAN_POINT ( 'NONE',  ( -6.941786363968607709, -9.240243911743149852, 17.68648074121581359 ) ) ;
#1885 = EDGE_CURVE ( 'NONE', #3407, #1808, #2189, .T. ) ;
#1886 = CARTESIAN_POINT ( 'NONE',  ( 14.34286924013302311, -20.04024391174315411, 5.135883959888596806 ) ) ;
#1887 = DIRECTION ( 'NONE',  ( 0.000000000000000000, 0.000000000000000000, 1.000000000000000000 ) ) ;
#1888 = ORIENTED_EDGE ( 'NONE', *, *, #703, .T. ) ;
#1889 = VERTEX_POINT ( 'NONE', #2890 ) ;
#1890 = DIRECTION ( 'NONE',  ( 0.000000000000000000, 0.000000000000000000, -1.000000000000000000 ) ) ;
#1891 = CARTESIAN_POINT ( 'NONE',  ( -11.21490221596232395, -20.04024391174315411, -9.332922623038605536 ) ) ;
#1892 = CARTESIAN_POINT ( 'NONE',  ( -7.368758282292265704, -19.74024467468260369, -16.96913001305625812 ) ) ;
#1893 = VECTOR ( 'NONE', #2534, 1000.000000000000000 ) ;
#1894 = CARTESIAN_POINT ( 'NONE',  ( 13.24157808946692683, -15.41881397645487439, -7.533645318804462754 ) ) ;
#1895 = ORIENTED_EDGE ( 'NONE', *, *, #2500, .T. ) ;
#1896 = DIRECTION ( 'NONE',  ( 0.000000000000000000, -1.000000000000000000, -0.000000000000000000 ) ) ;
#1897 = CARTESIAN_POINT ( 'NONE',  ( -4.222754281106928964, -20.04024391174315411, -10.86110217632416486 ) ) ;
#1898 = DIRECTION ( 'NONE',  ( 0.000000000000000000, 0.000000000000000000, -1.000000000000000000 ) ) ;
#1899 = EDGE_CURVE ( 'NONE', #2579, #2382, #1455, .T. ) ;
#1900 = VERTEX_POINT ( 'NONE', #3934 ) ;
#1901 = DIRECTION ( 'NONE',  ( -0.000000000000000000, -1.000000000000000000, -0.000000000000000000 ) ) ;
#1902 = DIRECTION ( 'NONE',  ( 0.000000000000000000, 1.000000000000000000, 0.000000000000000000 ) ) ;
#1903 = ADVANCED_FACE ( 'NONE', ( #4327 ), #4494, .F. ) ;
#1904 = VERTEX_POINT ( 'NONE', #485 ) ;
#1905 = AXIS2_PLACEMENT_3D ( 'NONE', #4441, #1618, #3358 ) ;
#1906 = DIRECTION ( 'NONE',  ( 0.000000000000000000, 1.000000000000000000, -0.000000000000000000 ) ) ;
#1907 =( BOUNDED_CURVE ( )  B_SPLINE_CURVE ( 3, ( #3626, #453, #1172, #2608 ),
 .UNSPECIFIED., .F., .F. ) 
 B_SPLINE_CURVE_WITH_KNOTS ( ( 4, 4 ),
 ( 1.633445650834524310, 1.750303147594119979 ),
 .UNSPECIFIED. ) 
 CURVE ( )  GEOMETRIC_REPRESENTATION_ITEM ( )  RATIONAL_B_SPLINE_CURVE ( ( 1.000000000000000000, 0.9988623508296525788, 0.9988623508296525788, 1.000000000000000000 ) ) 
 REPRESENTATION_ITEM ( '' )  );
#1908 = CYLINDRICAL_SURFACE ( 'NONE', #1163, 1.500003942275042412 ) ;
#1909 = CARTESIAN_POINT ( 'NONE',  ( 10.59435114265487066, -20.04024391174315411, 6.571359617794060526 ) ) ;
#1910 = B_SPLINE_CURVE_WITH_KNOTS ( 'NONE', 3,
 ( #4030, #3307, #4009, #4393, #1224, #3709, #925, #1962 ),
 .UNSPECIFIED., .F., .F.,
 ( 4, 2, 2, 4 ),
 ( 0.000000000000000000, 0.001419897010465081535, 0.002129845515697623495, 0.002839794020930166106 ),
 .UNSPECIFIED. ) ;
#1911 = CIRCLE ( 'NONE', #3393, 22.32858287865848368 ) ;
#1912 = ORIENTED_EDGE ( 'NONE', *, *, #2091, .F. ) ;
#1913 = EDGE_LOOP ( 'NONE', ( #2213, #3538, #116, #2192, #3232 ) ) ;
#1914 = FACE_OUTER_BOUND ( 'NONE', #1296, .T. ) ;
#1915 = CARTESIAN_POINT ( 'NONE',  ( 7.298382766259764232, -20.04024391174315411, 11.83227017786017043 ) ) ;
#1916 = CARTESIAN_POINT ( 'NONE',  ( -14.84340253739867244, -16.55431728125409663, -8.846228265211895092 ) ) ;
#1917 = DIRECTION ( 'NONE',  ( 0.000000000000000000, 1.000000000000000000, 0.000000000000000000 ) ) ;
#1918 = ORIENTED_EDGE ( 'NONE', *, *, #4093, .F. ) ;
#1919 = CARTESIAN_POINT ( 'NONE',  ( -16.67641251653122225, -23.44024467468259942, 1.506553575639421494 ) ) ;
#1920 = B_SPLINE_CURVE_WITH_KNOTS ( 'NONE', 3,
 ( #4206, #2416, #3835, #658, #2062, #3476, #304, #1374, #3271, #773, #801, #71, #3597, #3569, #2902, #3359, #540, #94, #1099, #2556 ),
 .UNSPECIFIED., .F., .F.,
 ( 4, 2, 2, 2, 2, 2, 2, 2, 2, 4 ),
 ( 1.511402716668509724E-17, 0.0007340007229780830603, 0.001468001445956151159, 0.002202002168934219257, 0.002936002891912287138, 0.003670003614890355453, 0.004404004337868428105, 0.005138005060846500757, 0.005505005422335540986, 0.005872005783824582083 ),
 .UNSPECIFIED. ) ;
#1921 = EDGE_CURVE ( 'NONE', #2404, #273, #1911, .T. ) ;
#1922 = DIRECTION ( 'NONE',  ( -0.8660254037844363761, 0.000000000000000000, -0.5000000000000039968 ) ) ;
#1923 = CARTESIAN_POINT ( 'NONE',  ( -7.368758282292265704, -23.44024467468258521, -16.96913001305625812 ) ) ;
#1924 = ORIENTED_EDGE ( 'NONE', *, *, #2889, .F. ) ;
#1925 = EDGE_CURVE ( 'NONE', #2480, #219, #1396, .T. ) ;
#1926 = CARTESIAN_POINT ( 'NONE',  ( 19.84964471043945622, -17.90045055350952907, -10.22664167240428590 ) ) ;
#1927 = CIRCLE ( 'NONE', #1261, 1.500003942275042412 ) ;
#1928 = CARTESIAN_POINT ( 'NONE',  ( 0.000000000000000000, -9.240243911743149852, 0.000000000000000000 ) ) ;
#1929 = EDGE_LOOP ( 'NONE', ( #4530, #998 ) ) ;
#1930 = CIRCLE ( 'NONE', #1266, 2.843502884254425211 ) ;
#1931 = EDGE_CURVE ( 'NONE', #3447, #711, #3239, .T. ) ;
#1932 = DIRECTION ( 'NONE',  ( 0.000000000000000000, 0.000000000000000000, -1.000000000000000000 ) ) ;
#1933 = DIRECTION ( 'NONE',  ( 0.000000000000000000, 0.000000000000000000, -1.000000000000000000 ) ) ;
#1934 = CARTESIAN_POINT ( 'NONE',  ( -0.2716376456724212685, -19.74024467468260369, -18.18167534072233238 ) ) ;
#1935 = CIRCLE ( 'NONE', #4160, 1.950000000000000400 ) ;
#1936 = VERTEX_POINT ( 'NONE', #3981 ) ;
#1937 = ORIENTED_EDGE ( 'NONE', *, *, #830, .F. ) ;
#1938 = DIRECTION ( 'NONE',  ( -0.5249248720733412643, -0.8511485643991806294, 0.000000000000000000 ) ) ;
#1939 = CYLINDRICAL_SURFACE ( 'NONE', #902, 18.99999997190468548 ) ;
#1940 = DIRECTION ( 'NONE',  ( 0.000000000000000000, 0.000000000000000000, -1.000000000000000000 ) ) ;
#1941 = CARTESIAN_POINT ( 'NONE',  ( 13.53165620169088434, -15.55889521742618875, -7.006086544667553540 ) ) ;
#1942 = ORIENTED_EDGE ( 'NONE', *, *, #1465, .T. ) ;
#1943 = DIRECTION ( 'NONE',  ( 0.000000000000000000, -1.000000000000000000, 0.000000000000000000 ) ) ;
#1944 = CARTESIAN_POINT ( 'NONE',  ( 16.49011263901348912, -20.04024391174315411, 2.371931004688453637 ) ) ;
#1945 = CARTESIAN_POINT ( 'NONE',  ( -10.34916939771882483, -21.44024467468257100, 11.65727099358063867 ) ) ;
#1946 = ADVANCED_FACE ( 'NONE', ( #1914 ), #2520, .T. ) ;
#1947 = EDGE_LOOP ( 'NONE', ( #2462, #1537, #804, #2123, #4516, #2252, #3682 ) ) ;
#1948 = CARTESIAN_POINT ( 'NONE',  ( 20.66938522772794684, -17.45890695610188104, -8.447683688024557824 ) ) ;
#1949 = CARTESIAN_POINT ( 'NONE',  ( -12.48305437458680345, -11.74024391174314985, -13.46374133842484611 ) ) ;
#1950 = VERTEX_POINT ( 'NONE', #2912 ) ;
#1951 = CIRCLE ( 'NONE', #4538, 1.950000000000000400 ) ;
#1952 = DIRECTION ( 'NONE',  ( 0.000000000000000000, 0.000000000000000000, 1.000000000000000000 ) ) ;
#1953 = AXIS2_PLACEMENT_3D ( 'NONE', #2614, #1477, #2542 ) ;
#1954 = CIRCLE ( 'NONE', #628, 1.500007684675205955 ) ;
#1955 = CARTESIAN_POINT ( 'NONE',  ( 14.78377479401513739, -13.97230051526935490, -3.840185253011161759 ) ) ;
#1956 = FACE_OUTER_BOUND ( 'NONE', #2681, .T. ) ;
#1957 = VERTEX_POINT ( 'NONE', #1823 ) ;
#1958 = EDGE_CURVE ( 'NONE', #162, #854, #324, .T. ) ;
#1959 = ORIENTED_EDGE ( 'NONE', *, *, #4533, .T. ) ;
#1960 = DIRECTION ( 'NONE',  ( -0.7861029915571018378, 0.4848096202463385573, 0.3834080317123995107 ) ) ;
#1961 = CARTESIAN_POINT ( 'NONE',  ( 0.000000000000000000, -5.440243911743150917, 0.000000000000000000 ) ) ;
#1962 = CARTESIAN_POINT ( 'NONE',  ( -17.18342691098901653, -9.240243911743158733, -8.107394065115906656 ) ) ;
#1963 = LINE ( 'NONE', #2264, #973 ) ;
#1964 = EDGE_CURVE ( 'NONE', #2144, #4247, #926, .T. ) ;
#1965 = ADVANCED_FACE ( 'NONE', ( #416, #813 ), #1129, .T. ) ;
#1966 = ORIENTED_EDGE ( 'NONE', *, *, #4444, .T. ) ;
#1967 = CARTESIAN_POINT ( 'NONE',  ( -18.22419489818416594, -9.240243911743149852, -5.373892373817770185 ) ) ;
#1968 = CIRCLE ( 'NONE', #3150, 1.500000000000009104 ) ;
#1969 = FACE_OUTER_BOUND ( 'NONE', #876, .T. ) ;
#1970 = CARTESIAN_POINT ( 'NONE',  ( -0.2393571366500319431, -16.55431728125409663, 17.27787780859160094 ) ) ;
#1971 = ORIENTED_EDGE ( 'NONE', *, *, #1282, .T. ) ;
#1972 = EDGE_CURVE ( 'NONE', #3544, #2731, #996, .T. ) ;
#1973 = CARTESIAN_POINT ( 'NONE',  ( 21.07163478694445402, -13.27875329034332097, -7.386135265476722722 ) ) ;
#1974 = CARTESIAN_POINT ( 'NONE',  ( -12.19795202126762135, -11.74024391174314985, -13.28379939896303519 ) ) ;
#1975 = ORIENTED_EDGE ( 'NONE', *, *, #2970, .T. ) ;
#1976 = DIRECTION ( 'NONE',  ( 0.000000000000000000, 0.000000000000000000, -1.000000000000000000 ) ) ;
#1977 = CARTESIAN_POINT ( 'NONE',  ( 1.423574776558980920E-08, -11.74024391174314985, 9.445913396230088825E-08 ) ) ;
#1978 = CARTESIAN_POINT ( 'NONE',  ( -11.76203422360321404, -15.24343639035113718, -9.686176645874814639 ) ) ;
#1979 = ORIENTED_EDGE ( 'NONE', *, *, #1407, .F. ) ;
#1980 = EDGE_LOOP ( 'NONE', ( #4356, #1698 ) ) ;
#1981 = CYLINDRICAL_SURFACE ( 'NONE', #698, 15.23467105286474599 ) ;
#1982 = DIRECTION ( 'NONE',  ( 0.000000000000000000, -1.000000000000000000, 0.000000000000000000 ) ) ;
#1983 = CYLINDRICAL_SURFACE ( 'NONE', #4034, 3.500001967701191319 ) ;
#1984 = EDGE_CURVE ( 'NONE', #3699, #1904, #4007, .T. ) ;
#1985 = AXIS2_PLACEMENT_3D ( 'NONE', #229, #2287, #249 ) ;
#1986 = CARTESIAN_POINT ( 'NONE',  ( -1.396608728274626010, -13.41582196899924284, 19.97243081950765031 ) ) ;
#1987 = ORIENTED_EDGE ( 'NONE', *, *, #850, .T. ) ;
#1988 = CARTESIAN_POINT ( 'NONE',  ( -14.84156023583700090, -12.84478541746792324, -5.412664760184773272 ) ) ;
#1989 = DIRECTION ( 'NONE',  ( 0.000000000000000000, -1.000000000000000000, 0.000000000000000000 ) ) ;
#1990 = ORIENTED_EDGE ( 'NONE', *, *, #2285, .T. ) ;
#1991 = CYLINDRICAL_SURFACE ( 'NONE', #492, 1.999999835263590597 ) ;
#1992 = CARTESIAN_POINT ( 'NONE',  ( -13.06374769279817727, -11.74024391174314985, -13.79632179790281121 ) ) ;
#1993 = ORIENTED_EDGE ( 'NONE', *, *, #2238, .F. ) ;
#1994 = CARTESIAN_POINT ( 'NONE',  ( -7.916284924056191663, -20.04024391174315411, -9.363363012190484724 ) ) ;
#1995 = CARTESIAN_POINT ( 'NONE',  ( -19.49686629571137075, -17.10940454738790351, -10.88439112174960144 ) ) ;
#1996 = CARTESIAN_POINT ( 'NONE',  ( -11.41298599549319803, -14.93560020091276641, -10.09510860560599710 ) ) ;
#1997 = ORIENTED_EDGE ( 'NONE', *, *, #190, .F. ) ;
#1998 = ADVANCED_FACE ( 'NONE', ( #4028 ), #1546, .F. ) ;
#1999 = EDGE_CURVE ( 'NONE', #446, #4523, #857, .T. ) ;
#2000 = CARTESIAN_POINT ( 'NONE',  ( -10.34916939771882483, -19.74024467468260369, 13.15727493585568197 ) ) ;
#2001 = CARTESIAN_POINT ( 'NONE',  ( -16.80216848883442537, -9.240243911743149852, -12.49897963337429019 ) ) ;
#2002 = CARTESIAN_POINT ( 'NONE',  ( -6.876569529771007439, -19.74024467468260369, 13.59441038041812178 ) ) ;
#2003 = CIRCLE ( 'NONE', #3559, 1.999999835263590597 ) ;
#2004 = LINE ( 'NONE', #3402, #2607 ) ;
#2005 = EDGE_CURVE ( 'NONE', #496, #4095, #2677, .T. ) ;
#2006 = ORIENTED_EDGE ( 'NONE', *, *, #2179, .T. ) ;
#2007 = VECTOR ( 'NONE', #1475, 1000.000000000000000 ) ;
#2008 = DIRECTION ( 'NONE',  ( 0.000000000000000000, 1.000000000000000000, -0.000000000000000000 ) ) ;
#2009 = DIRECTION ( 'NONE',  ( 0.7250925912564737397, 0.4848096202463385573, 0.4890811448232011416 ) ) ;
#2010 = ORIENTED_EDGE ( 'NONE', *, *, #3509, .T. ) ;
#2011 = ADVANCED_FACE ( 'NONE', ( #3072 ), #4096, .F. ) ;
#2012 = ORIENTED_EDGE ( 'NONE', *, *, #4474, .F. ) ;
#2013 = ADVANCED_FACE ( 'NONE', ( #3730 ), #4053, .F. ) ;
#2014 = CARTESIAN_POINT ( 'NONE',  ( 0.000000000000000000, -19.74024467468260369, 0.000000000000000000 ) ) ;
#2015 = LINE ( 'NONE', #2039, #30 ) ;
#2016 = VERTEX_POINT ( 'NONE', #3752 ) ;
#2017 = CARTESIAN_POINT ( 'NONE',  ( 13.03580432646033849, -11.90502121089091325, -11.01683483309486355 ) ) ;
#2018 = CARTESIAN_POINT ( 'NONE',  ( -16.59832810088351351, -13.41582196899924284, -11.19571404758680089 ) ) ;
#2019 = DIRECTION ( 'NONE',  ( 0.7250925912564737397, 0.4848096202463385573, 0.4890811448232011416 ) ) ;
#2020 = EDGE_LOOP ( 'NONE', ( #3919, #1798, #4313, #1694 ) ) ;
#2021 = VECTOR ( 'NONE', #4588, 999.9999999999998863 ) ;
#2022 = VECTOR ( 'NONE', #3863, 1000.000000000000000 ) ;
#2023 = CARTESIAN_POINT ( 'NONE',  ( 7.468613574803566506E-08, -19.74024391174314985, -5.955808618801808437E-08 ) ) ;
#2024 = CIRCLE ( 'NONE', #479, 3.500005319962242734 ) ;
#2025 = EDGE_CURVE ( 'NONE', #1471, #4325, #3741, .T. ) ;
#2026 = CARTESIAN_POINT ( 'NONE',  ( 2.924236717914955985, -11.74024391174314985, 18.12588803243854940 ) ) ;
#2027 = FACE_OUTER_BOUND ( 'NONE', #1157, .T. ) ;
#2028 = FACE_BOUND ( 'NONE', #861, .T. ) ;
#2029 = CIRCLE ( 'NONE', #35, 3.500012878918495218 ) ;
#2030 = ORIENTED_EDGE ( 'NONE', *, *, #1334, .T. ) ;
#2031 = CARTESIAN_POINT ( 'NONE',  ( 0.000000000000000000, -18.24024391174314985, 0.000000000000000000 ) ) ;
#2032 = DIRECTION ( 'NONE',  ( 0.000000000000000000, 1.000000000000000000, -0.000000000000000000 ) ) ;
#2033 = ORIENTED_EDGE ( 'NONE', *, *, #1824, .T. ) ;
#2034 = VERTEX_POINT ( 'NONE', #965 ) ;
#2035 = AXIS2_PLACEMENT_3D ( 'NONE', #3176, #742, #1045 ) ;
#2036 = DIRECTION ( 'NONE',  ( -0.000000000000000000, 1.000000000000000000, -0.000000000000000000 ) ) ;
#2037 = CIRCLE ( 'NONE', #3764, 2.299999337383687337 ) ;
#2038 = ADVANCED_FACE ( 'NONE', ( #1567 ), #2098, .F. ) ;
#2039 = CARTESIAN_POINT ( 'NONE',  ( 17.18140602111815340, -18.24024391174314985, 14.26060581207274147 ) ) ;
#2040 = ADVANCED_FACE ( 'NONE', ( #619 ), #3420, .F. ) ;
#2041 = ORIENTED_EDGE ( 'NONE', *, *, #2457, .F. ) ;
#2042 = CARTESIAN_POINT ( 'NONE',  ( 13.74226126286298388, -11.74024391174314808, -11.37319905844485390 ) ) ;
#2043 = DIRECTION ( 'NONE',  ( 0.000000000000000000, 0.000000000000000000, -1.000000000000000000 ) ) ;
#2044 = DIRECTION ( 'NONE',  ( 0.000000000000000000, 0.000000000000000000, -1.000000000000000000 ) ) ;
#2045 = VERTEX_POINT ( 'NONE', #3029 ) ;
#2046 = CARTESIAN_POINT ( 'NONE',  ( 18.47983900216788555, -11.74024391174314985, -4.415376471642332490 ) ) ;
#2047 = DIRECTION ( 'NONE',  ( -0.4898787601332589281, 0.000000000000000000, -0.8717905713933254974 ) ) ;
#2048 = CARTESIAN_POINT ( 'NONE',  ( 14.35150432586670277, -18.24024391174314985, 17.10555267333984730 ) ) ;
#2049 = CARTESIAN_POINT ( 'NONE',  ( -4.222754281106928964, -20.04024391174315411, -10.86110217632416486 ) ) ;
#2050 = DIRECTION ( 'NONE',  ( 0.000000000000000000, -1.000000000000000000, 0.000000000000000000 ) ) ;
#2051 = ORIENTED_EDGE ( 'NONE', *, *, #4526, .F. ) ;
#2052 = CARTESIAN_POINT ( 'NONE',  ( -0.9041646559402466421, -17.85339273060598586, 22.31026892809831352 ) ) ;
#2053 = CARTESIAN_POINT ( 'NONE',  ( -16.67641251653122225, -21.44024467468260298, 1.506553575639421494 ) ) ;
#2054 = AXIS2_PLACEMENT_3D ( 'NONE', #2548, #3336, #2619 ) ;
#2055 = ORIENTED_EDGE ( 'NONE', *, *, #447, .F. ) ;
#2056 = B_SPLINE_CURVE_WITH_KNOTS ( 'NONE', 3,
 ( #2559, #3322, #4342, #3973 ),
 .UNSPECIFIED., .F., .F.,
 ( 4, 4 ),
 ( 0.004745497031822792228, 0.005046053562759483108 ),
 .UNSPECIFIED. ) ;
#2057 = ORIENTED_EDGE ( 'NONE', *, *, #3012, .F. ) ;
#2058 = CARTESIAN_POINT ( 'NONE',  ( 20.80116098981146067, -12.15895782011177317, -8.116484143092140613 ) ) ;
#2059 = CARTESIAN_POINT ( 'NONE',  ( 1.423574776558980920E-08, -19.74024391174314985, 9.445913396230088825E-08 ) ) ;
#2060 = EDGE_LOOP ( 'NONE', ( #715, #627, #4004, #4149 ) ) ;
#2061 = EDGE_CURVE ( 'NONE', #2731, #3544, #178, .T. ) ;
#2062 = CARTESIAN_POINT ( 'NONE',  ( 0.9927897839469375096, -13.14509943695905925, 22.30666311200277008 ) ) ;
#2063 = CARTESIAN_POINT ( 'NONE',  ( -19.66086042783085475, -12.57774619675153360, -10.58482846216397455 ) ) ;
#2064 = CARTESIAN_POINT ( 'NONE',  ( -0.2716376456724212685, -21.44024467468260298, -18.18167534072233238 ) ) ;
#2065 = ORIENTED_EDGE ( 'NONE', *, *, #1580, .F. ) ;
#2066 = EDGE_CURVE ( 'NONE', #2156, #1601, #1364, .T. ) ;
#2067 = CARTESIAN_POINT ( 'NONE',  ( -17.91937381529065831, -17.72106473633387225, -13.32244611775949394 ) ) ;
#2068 = CARTESIAN_POINT ( 'NONE',  ( 0.000000000000000000, -9.240243911743149852, 0.000000000000000000 ) ) ;
#2069 = CYLINDRICAL_SURFACE ( 'NONE', #2412, 2.843502884254435870 ) ;
#2070 = CARTESIAN_POINT ( 'NONE',  ( -17.42641315052001971, -11.74024391174314985, -6.734298445920021692 ) ) ;
#2071 = AXIS2_PLACEMENT_3D ( 'NONE', #995, #2032, #1687 ) ;
#2072 = EDGE_LOOP ( 'NONE', ( #3472, #3758, #963, #1424 ) ) ;
#2073 = CARTESIAN_POINT ( 'NONE',  ( 15.06455176649859062, -19.74024467468260369, -2.270348467411842819 ) ) ;
#2074 = FACE_OUTER_BOUND ( 'NONE', #3848, .T. ) ;
#2075 = ORIENTED_EDGE ( 'NONE', *, *, #3171, .T. ) ;
#2076 = ORIENTED_EDGE ( 'NONE', *, *, #2786, .F. ) ;
#2077 = AXIS2_PLACEMENT_3D ( 'NONE', #2401, #2050, #3120 ) ;
#2078 = EDGE_LOOP ( 'NONE', ( #3357, #1277, #2613, #2894 ) ) ;
#2079 = ADVANCED_FACE ( 'NONE', ( #4121, #945 ), #2372, .T. ) ;
#2080 = CARTESIAN_POINT ( 'NONE',  ( -16.67641251653122225, -19.74024467468260369, 1.506553575639421494 ) ) ;
#2081 = DIRECTION ( 'NONE',  ( -0.3271289199373138001, -0.9446650917445150730, -0.02438307158611107903 ) ) ;
#2082 = EDGE_LOOP ( 'NONE', ( #3613, #3625, #1852, #786, #1206 ) ) ;
#2083 = FACE_OUTER_BOUND ( 'NONE', #1066, .T. ) ;
#2084 = DIRECTION ( 'NONE',  ( 0.000000000000000000, 0.000000000000000000, -1.000000000000000000 ) ) ;
#2085 = DIRECTION ( 'NONE',  ( 0.1424481005527914734, -0.9446650917445150730, 0.2954934907713343550 ) ) ;
#2086 = ORIENTED_EDGE ( 'NONE', *, *, #3648, .F. ) ;
#2087 = FACE_BOUND ( 'NONE', #2227, .T. ) ;
#2088 = DIRECTION ( 'NONE',  ( 0.9720822250391994990, 0.000000000000000000, -0.2346404648879631683 ) ) ;
#2089 = CYLINDRICAL_SURFACE ( 'NONE', #2263, 1.950000000000000400 ) ;
#2090 = CARTESIAN_POINT ( 'NONE',  ( 7.368756555013558085, -24.44024467468260298, 16.96913241080905976 ) ) ;
#2091 = EDGE_CURVE ( 'NONE', #1165, #432, #3008, .T. ) ;
#2092 = AXIS2_PLACEMENT_3D ( 'NONE', #1944, #186, #2129 ) ;
#2093 = ORIENTED_EDGE ( 'NONE', *, *, #4533, .F. ) ;
#2094 = VECTOR ( 'NONE', #2085, 1000.000000000000114 ) ;
#2095 = CARTESIAN_POINT ( 'NONE',  ( 13.02011119244868986, -20.04024391174315411, 5.308073977314659686 ) ) ;
#2096 = CARTESIAN_POINT ( 'NONE',  ( -11.59201112060480021, -19.74024467468260369, 9.885366976939687689 ) ) ;
#2097 = B_SPLINE_CURVE_WITH_KNOTS ( 'NONE', 3,
 ( #2587, #2673, #1955, #1216, #2632, #4048, #4000, #1583, #873, #2276, #3702, #4411, #3003, #4091 ),
 .UNSPECIFIED., .F., .F.,
 ( 4, 2, 2, 2, 2, 2, 4 ),
 ( 0.000000000000000000, 0.001197606960103824282, 0.001796410440155736532, 0.002395213920207648565, 0.002994017400259557128, 0.003592820880311466125, 0.004790427840415274578 ),
 .UNSPECIFIED. ) ;
#2098 = CONICAL_SURFACE ( 'NONE', #2992, 1.499998416865968354, 0.7853981633974490562 ) ;
#2099 = ORIENTED_EDGE ( 'NONE', *, *, #298, .F. ) ;
#2100 = CIRCLE ( 'NONE', #3291, 15.23467105286474599 ) ;
#2101 = ADVANCED_FACE ( 'NONE', ( #922 ), #2326, .T. ) ;
#2102 = ADVANCED_FACE ( 'NONE', ( #3773 ), #1981, .F. ) ;
#2103 = ORIENTED_EDGE ( 'NONE', *, *, #2408, .F. ) ;
#2104 = CARTESIAN_POINT ( 'NONE',  ( -9.665174484252931464, -18.24024391174314985, -20.12833976745605113 ) ) ;
#2105 = DIRECTION ( 'NONE',  ( 0.7250925912564739617, 0.4848096202463386684, 0.4890811448232012526 ) ) ;
#2106 = EDGE_LOOP ( 'NONE', ( #1668, #2233, #3050, #4549 ) ) ;
#2107 = CARTESIAN_POINT ( 'NONE',  ( 17.99493682915813864, -13.41582196899923574, -8.776716771920998639 ) ) ;
#2108 = VECTOR ( 'NONE', #2178, 999.9999999999998863 ) ;
#2109 = DIRECTION ( 'NONE',  ( 0.7250925912564739617, 0.4848096202463386684, 0.4890811448232012526 ) ) ;
#2110 = CARTESIAN_POINT ( 'NONE',  ( 3.018535280583155789, -11.84240514762305629, 16.99396605767498514 ) ) ;
#2111 = ORIENTED_EDGE ( 'NONE', *, *, #4145, .F. ) ;
#2112 = CARTESIAN_POINT ( 'NONE',  ( 0.000000000000000000, -24.44024467468260298, 0.000000000000000000 ) ) ;
#2113 = CARTESIAN_POINT ( 'NONE',  ( -9.498455438204606693, -19.74024391174314985, -11.91111042655227870 ) ) ;
#2114 = DIRECTION ( 'NONE',  ( 0.000000000000000000, 1.000000000000000000, -0.000000000000000000 ) ) ;
#2115 = CARTESIAN_POINT ( 'NONE',  ( 7.368756555013558085, -24.44024467468260298, 12.66913187182525569 ) ) ;
#2116 = ORIENTED_EDGE ( 'NONE', *, *, #3450, .F. ) ;
#2117 = DIRECTION ( 'NONE',  ( 7.542278155393309182E-16, 0.000000000000000000, -1.000000000000000000 ) ) ;
#2118 = EDGE_CURVE ( 'NONE', #1306, #4354, #1634, .T. ) ;
#2119 = CARTESIAN_POINT ( 'NONE',  ( 0.2667783048710755112, -12.15895782011172344, 22.32698910971140194 ) ) ;
#2120 = CARTESIAN_POINT ( 'NONE',  ( -0.2716376456724212685, -21.44024467468260298, -16.68167080711551975 ) ) ;
#2121 = ORIENTED_EDGE ( 'NONE', *, *, #4062, .F. ) ;
#2122 = ORIENTED_EDGE ( 'NONE', *, *, #4474, .T. ) ;
#2123 = ORIENTED_EDGE ( 'NONE', *, *, #119, .F. ) ;
#2124 = AXIS2_PLACEMENT_3D ( 'NONE', #2031, #2008, #1312 ) ;
#2125 = CARTESIAN_POINT ( 'NONE',  ( -16.67641251653122225, -19.74024467468260369, 1.506553575639421494 ) ) ;
#2126 = VECTOR ( 'NONE', #3610, 1000.000000000000000 ) ;
#2127 = CARTESIAN_POINT ( 'NONE',  ( -1.067307902525639562, -9.240243911743149852, 21.58350562854086974 ) ) ;
#2128 = ORIENTED_EDGE ( 'NONE', *, *, #3034, .T. ) ;
#2129 = DIRECTION ( 'NONE',  ( 0.000000000000000000, 0.000000000000000000, 1.000000000000000000 ) ) ;
#2130 = DIRECTION ( 'NONE',  ( 0.2624624360366662468, -0.8511485643991804073, 0.4545982742938134979 ) ) ;
#2131 = FACE_OUTER_BOUND ( 'NONE', #1588, .T. ) ;
#2132 = ORIENTED_EDGE ( 'NONE', *, *, #4548, .T. ) ;
#2133 = LINE ( 'NONE', #3550, #3737 ) ;
#2134 = CARTESIAN_POINT ( 'NONE',  ( -11.84604844345274799, -9.240243911743149852, -14.85500370944918380 ) ) ;
#2135 = EDGE_CURVE ( 'NONE', #4303, #1889, #243, .T. ) ;
#2136 = FACE_OUTER_BOUND ( 'NONE', #2656, .T. ) ;
#2137 = CARTESIAN_POINT ( 'NONE',  ( -16.59832810088351351, -13.41582196899924284, -11.19571404758680089 ) ) ;
#2138 = ORIENTED_EDGE ( 'NONE', *, *, #2738, .F. ) ;
#2139 = CARTESIAN_POINT ( 'NONE',  ( -0.5797780693767523585, -17.74151458344643828, 22.32156848921786363 ) ) ;
#2140 = CARTESIAN_POINT ( 'NONE',  ( -4.222754281106928964, -19.74024391174314985, -10.86110217632416486 ) ) ;
#2141 = DIRECTION ( 'NONE',  ( 0.000000000000000000, -1.000000000000000000, 0.000000000000000000 ) ) ;
#2142 = AXIS2_PLACEMENT_3D ( 'NONE', #4421, #1252, #2664 ) ;
#2143 = EDGE_CURVE ( 'NONE', #3362, #1889, #3882, .T. ) ;
#2144 = VERTEX_POINT ( 'NONE', #4073 ) ;
#2145 = ORIENTED_EDGE ( 'NONE', *, *, #1154, .T. ) ;
#2146 = AXIS2_PLACEMENT_3D ( 'NONE', #1616, #3285, #1181 ) ;
#2147 = CARTESIAN_POINT ( 'NONE',  ( 15.08275967404870599, -16.55431728125409663, -8.431649543379837297 ) ) ;
#2148 = CIRCLE ( 'NONE', #2378, 4.300000538983800524 ) ;
#2149 = CARTESIAN_POINT ( 'NONE',  ( 18.47983900216788555, -11.74024391174314985, -4.415376471642332490 ) ) ;
#2150 = EDGE_CURVE ( 'NONE', #106, #3734, #4394, .T. ) ;
#2151 = ORIENTED_EDGE ( 'NONE', *, *, #4568, .T. ) ;
#2152 = CARTESIAN_POINT ( 'NONE',  ( 0.0001182863390096087819, -19.74024391174314985, 0.0001243385169827157391 ) ) ;
#2153 = CARTESIAN_POINT ( 'NONE',  ( -3.811229891200368546E-07, -11.74024391174314985, 1.292481749723593018E-06 ) ) ;
#2154 = DIRECTION ( 'NONE',  ( 0.000000000000000000, -1.000000000000000000, -0.000000000000000000 ) ) ;
#2155 = EDGE_CURVE ( 'NONE', #2234, #2503, #2837, .T. ) ;
#2156 = VERTEX_POINT ( 'NONE', #4524 ) ;
#2157 = B_SPLINE_CURVE_WITH_KNOTS ( 'NONE', 3,
 ( #3807, #631, #2317, #279, #4515, #3042 ),
 .UNSPECIFIED., .F., .F.,
 ( 4, 2, 4 ),
 ( 0.009233330927542162531, 0.01064757017465048188, 0.01206180942175880122 ),
 .UNSPECIFIED. ) ;
#2158 = LINE ( 'NONE', #826, #920 ) ;
#2159 = DIRECTION ( 'NONE',  ( -0.000000000000000000, -1.000000000000000000, -0.000000000000000000 ) ) ;
#2160 = CARTESIAN_POINT ( 'NONE',  ( 1.309883523748409720E-06, -9.240243911743149852, -3.161786843175905636E-07 ) ) ;
#2161 = CARTESIAN_POINT ( 'NONE',  ( -13.06374769279817727, -11.74024391174314985, -13.79632179790281121 ) ) ;
#2162 = ORIENTED_EDGE ( 'NONE', *, *, #2896, .T. ) ;
#2163 = EDGE_CURVE ( 'NONE', #1160, #919, #2362, .T. ) ;
#2164 = DIRECTION ( 'NONE',  ( -0.7245276690072633974, 0.000000000000000000, 0.6892457158683698015 ) ) ;
#2165 = DIRECTION ( 'NONE',  ( -0.000000000000000000, -1.000000000000000000, -0.000000000000000000 ) ) ;
#2166 = ORIENTED_EDGE ( 'NONE', *, *, #850, .F. ) ;
#2167 = VECTOR ( 'NONE', #400, 1000.000000000000000 ) ;
#2168 = VERTEX_POINT ( 'NONE', #4187 ) ;
#2169 = VERTEX_POINT ( 'NONE', #3461 ) ;
#2170 = CARTESIAN_POINT ( 'NONE',  ( 8.770548820495610798, -18.24024391174314985, 4.442386150360104757 ) ) ;
#2171 = AXIS2_PLACEMENT_3D ( 'NONE', #3707, #202, #1612 ) ;
#2172 = AXIS2_PLACEMENT_3D ( 'NONE', #3021, #2387, #569 ) ;
#2173 = DIRECTION ( 'NONE',  ( -0.000000000000000000, -1.000000000000000000, -0.000000000000000000 ) ) ;
#2174 = CLOSED_SHELL ( 'NONE', ( #3231, #3944, #2684, #1321, #1391, #2850, #673, #3561, #3038, #3456, #2040, #4233, #1197, #1136, #3776, #1830, #949, #222, #19, #2038, #2687, #2647, #102, #1002, #163, #2573, #3833, #3939, #2202, #1998, #1426, #3588, #2557, #4199, #3262, #4086, #3724, #1367, #2885, #1643, #992, #2013, #2101, #1670, #4465, #3052, #2867, #3334, #684, #3527, #4273, #1721, #401, #2102, #1946, #3165, #3516, #943, #1810, #2440, #1043, #2726, #2492, #536, #4005, #2344, #1532, #2426, #2177, #4500, #649, #2488, #1525, #467, #2768, #24, #1903, #2340, #1225, #1442, #2783, #244, #2431, #4520, #1629, #233, #814, #235, #2079, #2301, #652, #2966, #3321, #3611, #2946, #2832, #2011, #4090, #227, #2203, #1550, #2466, #1147, #864, #3502, #3237, #3309, #4355, #507, #1389, #1965, #2838, #1275, #1279, #255, #3164, #1301, #1248, #2590, #1348, #3817, #3033, #1722, #2631, #3127, #4003, #610, #2866 ) ) ;
#2175 = ORIENTED_EDGE ( 'NONE', *, *, #910, .T. ) ;
#2176 = FACE_OUTER_BOUND ( 'NONE', #1604, .T. ) ;
#2177 = ADVANCED_FACE ( 'NONE', ( #2087, #4211, #3507, #706 ), #2491, .T. ) ;
#2178 = DIRECTION ( 'NONE',  ( -0.9591681338952284808, 0.000000000000000000, -0.2828365091708374690 ) ) ;
#2179 = EDGE_CURVE ( 'NONE', #1639, #1300, #3878, .T. ) ;
#2180 = CARTESIAN_POINT ( 'NONE',  ( 16.49011263901348912, -19.74024467468260369, 2.371931004688453637 ) ) ;
#2181 = ORIENTED_EDGE ( 'NONE', *, *, #663, .T. ) ;
#2182 = AXIS2_PLACEMENT_3D ( 'NONE', #353, #3156, #4294 ) ;
#2183 = DIRECTION ( 'NONE',  ( -0.000000000000000000, -1.000000000000000000, -0.000000000000000000 ) ) ;
#2184 = CARTESIAN_POINT ( 'NONE',  ( 5.732795238494882817, -18.24024391174314985, 7.044702529907220345 ) ) ;
#2185 = DIRECTION ( 'NONE',  ( 0.000000000000000000, 0.000000000000000000, -1.000000000000000000 ) ) ;
#2186 = CARTESIAN_POINT ( 'NONE',  ( -3.186594149212271354, -12.04888176373918007, 22.10081941037455877 ) ) ;
#2187 = AXIS2_PLACEMENT_3D ( 'NONE', #3440, #1749, #3161 ) ;
#2188 = EDGE_LOOP ( 'NONE', ( #2955, #3131, #3138, #1713, #552 ) ) ;
#2189 = LINE ( 'NONE', #107, #2126 ) ;
#2190 = LINE ( 'NONE', #1202, #4514 ) ;
#2191 = VECTOR ( 'NONE', #100, 1000.000000000000000 ) ;
#2192 = ORIENTED_EDGE ( 'NONE', *, *, #4197, .T. ) ;
#2193 = ORIENTED_EDGE ( 'NONE', *, *, #1491, .T. ) ;
#2194 = FILL_AREA_STYLE ('',( #112 ) ) ;
#2195 = CARTESIAN_POINT ( 'NONE',  ( -4.380059843193962799, -14.79379330265630976, 21.89477070514154988 ) ) ;
#2196 = CARTESIAN_POINT ( 'NONE',  ( 0.000000000000000000, -11.74024391174314985, 0.000000000000000000 ) ) ;
#2197 = ORIENTED_EDGE ( 'NONE', *, *, #3083, .T. ) ;
#2198 = CYLINDRICAL_SURFACE ( 'NONE', #378, 1.950000000000000400 ) ;
#2199 = VECTOR ( 'NONE', #40, 1000.000000000000000 ) ;
#2200 = DIRECTION ( 'NONE',  ( 0.000000000000000000, 0.000000000000000000, 1.000000000000000000 ) ) ;
#2201 = CARTESIAN_POINT ( 'NONE',  ( -5.200918093674902210, -10.80961019228043796, 18.27553817095592592 ) ) ;
#2202 = ADVANCED_FACE ( 'NONE', ( #3482 ), #3185, .F. ) ;
#2203 = ADVANCED_FACE ( 'NONE', ( #4163 ), #2421, .T. ) ;
#2204 = ORIENTED_EDGE ( 'NONE', *, *, #3014, .T. ) ;
#2205 = DIRECTION ( 'NONE',  ( 0.000000000000000000, 0.000000000000000000, -1.000000000000000000 ) ) ;
#2206 = CARTESIAN_POINT ( 'NONE',  ( 17.91652324187714385, -9.240243911743149852, -10.78270277604730687 ) ) ;
#2207 = FACE_OUTER_BOUND ( 'NONE', #4484, .T. ) ;
#2208 = CARTESIAN_POINT ( 'NONE',  ( -0.2716376456724211019, -21.44024467468260298, -15.18166627350870712 ) ) ;
#2209 = EDGE_CURVE ( 'NONE', #3664, #4413, #154, .T. ) ;
#2210 = ORIENTED_EDGE ( 'NONE', *, *, #2551, .F. ) ;
#2211 = DIRECTION ( 'NONE',  ( 0.000000000000000000, -1.000000000000000000, -0.000000000000000000 ) ) ;
#2212 = CARTESIAN_POINT ( 'NONE',  ( -1.790302382329635345, -12.13909912240047362, 20.65432823094836223 ) ) ;
#2213 = ORIENTED_EDGE ( 'NONE', *, *, #89, .F. ) ;
#2214 = CARTESIAN_POINT ( 'NONE',  ( 19.20235060659299009, -12.15895782011171988, -11.39453134405268564 ) ) ;
#2215 = EDGE_LOOP ( 'NONE', ( #3917, #537 ) ) ;
#2216 = ORIENTED_EDGE ( 'NONE', *, *, #4286, .F. ) ;
#2217 = DIRECTION ( 'NONE',  ( 0.000000000000000000, 0.000000000000000000, -1.000000000000000000 ) ) ;
#2218 = B_SPLINE_CURVE_WITH_KNOTS ( 'NONE', 3,
 ( #4144, #1017, #3821, #1357, #3441, #3466, #2747, #1684, #1659, #990, #1384, #3143 ),
 .UNSPECIFIED., .F., .F.,
 ( 4, 2, 2, 2, 2, 4 ),
 ( 0.004997864060039297618, 0.005916783787973172067, 0.006376243651940108857, 0.006835703515907045648, 0.007754623243840918362, 0.008673542971774791943 ),
 .UNSPECIFIED. ) ;
#2219 = DIRECTION ( 'NONE',  ( 0.000000000000000000, -1.000000000000000000, 0.000000000000000000 ) ) ;
#2220 = CARTESIAN_POINT ( 'NONE',  ( -0.2716376456724211019, -19.74024467468260369, -15.18166627350870712 ) ) ;
#2221 = AXIS2_PLACEMENT_3D ( 'NONE', #4532, #1362, #858 ) ;
#2222 = ORIENTED_EDGE ( 'NONE', *, *, #3668, .T. ) ;
#2223 = EDGE_CURVE ( 'NONE', #2234, #4071, #321, .T. ) ;
#2224 = AXIS2_PLACEMENT_3D ( 'NONE', #643, #4482, #4553 ) ;
#2225 = CARTESIAN_POINT ( 'NONE',  ( 19.45851170219502535, -17.56123416636931722, -10.95197944108711141 ) ) ;
#2226 = DIRECTION ( 'NONE',  ( 0.000000000000000000, 0.000000000000000000, -1.000000000000000000 ) ) ;
#2227 = EDGE_LOOP ( 'NONE', ( #2349, #1888 ) ) ;
#2228 = AXIS2_PLACEMENT_3D ( 'NONE', #2655, #875, #1887 ) ;
#2229 = PLANE ( 'NONE',  #1653 ) ;
#2230 = LINE ( 'NONE', #525, #4344 ) ;
#2231 = DIRECTION ( 'NONE',  ( 0.9591647876192754829, 0.000000000000000000, 0.2828478569677878585 ) ) ;
#2232 = CARTESIAN_POINT ( 'NONE',  ( -3.404678558444019565, -23.44024467468259942, -15.12151661303875372 ) ) ;
#2233 = ORIENTED_EDGE ( 'NONE', *, *, #3173, .F. ) ;
#2234 = VERTEX_POINT ( 'NONE', #98 ) ;
#2235 = CARTESIAN_POINT ( 'NONE',  ( 0.000000000000000000, -24.44024467468260298, 0.000000000000000000 ) ) ;
#2236 = CARTESIAN_POINT ( 'NONE',  ( -0.3396215775718416374, -11.86549351917168238, 22.32671437368464495 ) ) ;
#2237 = CARTESIAN_POINT ( 'NONE',  ( 0.000000000000000000, -14.54024391174315056, 0.000000000000000000 ) ) ;
#2238 = EDGE_CURVE ( 'NONE', #127, #3609, #2158, .T. ) ;
#2239 = CARTESIAN_POINT ( 'NONE',  ( 0.000000000000000000, -5.440243911743150917, 0.000000000000000000 ) ) ;
#2240 = ORIENTED_EDGE ( 'NONE', *, *, #3318, .F. ) ;
#2241 = VERTEX_POINT ( 'NONE', #410 ) ;
#2242 = CARTESIAN_POINT ( 'NONE',  ( -16.88595738498950638, -11.74024391174314985, -6.333545861313068848 ) ) ;
#2243 = CARTESIAN_POINT ( 'NONE',  ( 16.49011263901348912, -24.44024467468260298, -1.128081874230041581 ) ) ;
#2244 = CARTESIAN_POINT ( 'NONE',  ( -0.2716376456724212685, -23.44024467468259942, -16.68167080711551975 ) ) ;
#2245 = VECTOR ( 'NONE', #3233, 1000.000000000000000 ) ;
#2246 = VERTEX_POINT ( 'NONE', #1859 ) ;
#2247 = VECTOR ( 'NONE', #56, 1000.000000000000000 ) ;
#2248 = CIRCLE ( 'NONE', #2775, 1.950000000000000400 ) ;
#2249 = CARTESIAN_POINT ( 'NONE',  ( 18.66835606953756255, -15.05103111751882849, -12.24995250961589477 ) ) ;
#2250 = CIRCLE ( 'NONE', #3883, 1.950000000000000400 ) ;
#2251 = PLANE ( 'NONE',  #322 ) ;
#2252 = ORIENTED_EDGE ( 'NONE', *, *, #4563, .T. ) ;
#2253 = CARTESIAN_POINT ( 'NONE',  ( 20.73288484343544624, -12.04842314358700150, -8.291464231452268407 ) ) ;
#2254 = CARTESIAN_POINT ( 'NONE',  ( -14.60667533172692778, -19.74024467468260369, 4.328999635310111671 ) ) ;
#2255 = LINE ( 'NONE', #3681, #905 ) ;
#2256 = VERTEX_POINT ( 'NONE', #1883 ) ;
#2257 = AXIS2_PLACEMENT_3D ( 'NONE', #2316, #3452, #567 ) ;
#2258 = VERTEX_POINT ( 'NONE', #2884 ) ;
#2259 = EDGE_CURVE ( 'NONE', #505, #4567, #3276, .T. ) ;
#2260 = DIRECTION ( 'NONE',  ( 0.7245276690072633974, 0.000000000000000000, -0.6892457158683696905 ) ) ;
#2261 = CYLINDRICAL_SURFACE ( 'NONE', #2601, 2.843502884254436758 ) ;
#2262 = CARTESIAN_POINT ( 'NONE',  ( 1.409321644585576738, -14.54024391174315056, 15.16934456695797984 ) ) ;
#2263 = AXIS2_PLACEMENT_3D ( 'NONE', #3511, #2539, #3255 ) ;
#2264 = CARTESIAN_POINT ( 'NONE',  ( -8.157907867629823784, -5.440243911743150917, 20.78494974381870009 ) ) ;
#2265 = VERTEX_POINT ( 'NONE', #2537 ) ;
#2266 = CARTESIAN_POINT ( 'NONE',  ( -11.59201112060480021, -19.74024467468260369, 9.885366976939687689 ) ) ;
#2267 = CARTESIAN_POINT ( 'NONE',  ( -8.892188351362477115E-08, -19.74024391174314985, -3.490104777428252594E-08 ) ) ;
#2268 = AXIS2_PLACEMENT_3D ( 'NONE', #3530, #197, #2299 ) ;
#2269 = DIRECTION ( 'NONE',  ( 0.000000000000000000, 0.000000000000000000, -1.000000000000000000 ) ) ;
#2270 = ORIENTED_EDGE ( 'NONE', *, *, #1421, .F. ) ;
#2271 = CARTESIAN_POINT ( 'NONE',  ( 0.000000000000000000, -18.24024391174314985, 0.000000000000000000 ) ) ;
#2272 = CARTESIAN_POINT ( 'NONE',  ( 0.000000000000000000, -5.440243911743150917, 0.000000000000000000 ) ) ;
#2273 = ORIENTED_EDGE ( 'NONE', *, *, #1676, .F. ) ;
#2274 = AXIS2_PLACEMENT_3D ( 'NONE', #3607, #2863, #2565 ) ;
#2275 = DIRECTION ( 'NONE',  ( 0.000000000000000000, -1.000000000000000000, 0.000000000000000000 ) ) ;
#2276 = CARTESIAN_POINT ( 'NONE',  ( 16.18597853329167080, -12.17502805705849767, -3.316500283821727901 ) ) ;
#2277 = CARTESIAN_POINT ( 'NONE',  ( 2.785641287573402014, -19.74024467468260369, -14.97783044055317880 ) ) ;
#2278 = VERTEX_POINT ( 'NONE', #1515 ) ;
#2279 = ORIENTED_EDGE ( 'NONE', *, *, #3592, .T. ) ;
#2280 = CARTESIAN_POINT ( 'NONE',  ( -16.67641251653122225, -21.44024467468260298, 1.506553575639421494 ) ) ;
#2281 = EDGE_CURVE ( 'NONE', #2911, #2847, #1907, .T. ) ;
#2282 = CARTESIAN_POINT ( 'NONE',  ( -17.18342691098901653, -9.240243911743158733, -8.107394065115906656 ) ) ;
#2283 = LINE ( 'NONE', #2985, #32 ) ;
#2284 = CARTESIAN_POINT ( 'NONE',  ( -13.92134056071486015, -9.240243911743149852, -17.45743032700978148 ) ) ;
#2285 = EDGE_CURVE ( 'NONE', #45, #4359, #3806, .T. ) ;
#2286 = ORIENTED_EDGE ( 'NONE', *, *, #328, .T. ) ;
#2287 = DIRECTION ( 'NONE',  ( 0.000000000000000000, -1.000000000000000000, 0.000000000000000000 ) ) ;
#2288 = DIRECTION ( 'NONE',  ( 0.000000000000000000, 0.000000000000000000, -1.000000000000000000 ) ) ;
#2289 = CARTESIAN_POINT ( 'NONE',  ( -4.372043771870193218, -14.27831961600984023, 21.89636709959274796 ) ) ;
#2290 = ORIENTED_EDGE ( 'NONE', *, *, #2143, .F. ) ;
#2291 = VECTOR ( 'NONE', #3067, 1000.000000000000000 ) ;
#2292 = CARTESIAN_POINT ( 'NONE',  ( 14.85668945569119082, -11.74024391174314985, -11.84393420065867808 ) ) ;
#2293 = AXIS2_PLACEMENT_3D ( 'NONE', #3386, #272, #907 ) ;
#2294 = EDGE_CURVE ( 'NONE', #4406, #690, #2390, .T. ) ;
#2295 = CARTESIAN_POINT ( 'NONE',  ( 3.601004831796030814, -13.75544359479278889, 14.91845317874140164 ) ) ;
#2296 = ORIENTED_EDGE ( 'NONE', *, *, #4114, .T. ) ;
#2297 = VECTOR ( 'NONE', #2047, 1000.000000000000000 ) ;
#2298 = DIRECTION ( 'NONE',  ( 0.000000000000000000, 0.000000000000000000, -1.000000000000000000 ) ) ;
#2299 = DIRECTION ( 'NONE',  ( 0.000000000000000000, 0.000000000000000000, -1.000000000000000000 ) ) ;
#2300 = DIRECTION ( 'NONE',  ( -0.7861029915571017268, 0.4848096202463385573, 0.3834080317123993997 ) ) ;
#2301 = ADVANCED_FACE ( 'NONE', ( #4023 ), #384, .F. ) ;
#2302 = CIRCLE ( 'NONE', #2458, 4.300000538983802301 ) ;
#2303 = ORIENTED_EDGE ( 'NONE', *, *, #4408, .F. ) ;
#2304 = ORIENTED_EDGE ( 'NONE', *, *, #4472, .T. ) ;
#2305 = CARTESIAN_POINT ( 'NONE',  ( 16.49011263901348912, -19.74024467468260369, 2.371931004688453637 ) ) ;
#2306 = DIRECTION ( 'NONE',  ( 0.000000000000000000, -1.000000000000000000, -0.000000000000000000 ) ) ;
#2307 = CARTESIAN_POINT ( 'NONE',  ( 17.55844307787872438, -16.48740848991258190, -9.291826568372927753 ) ) ;
#2308 = DIRECTION ( 'NONE',  ( -0.7861029915571017268, 0.4848096202463385573, 0.3834080317123993997 ) ) ;
#2309 = EDGE_CURVE ( 'NONE', #1092, #3683, #2133, .T. ) ;
#2310 = ORIENTED_EDGE ( 'NONE', *, *, #3798, .T. ) ;
#2311 = CARTESIAN_POINT ( 'NONE',  ( 0.000000000000000000, -19.74024467468260369, 0.000000000000000000 ) ) ;
#2312 = CARTESIAN_POINT ( 'NONE',  ( 16.49011263901348912, -21.44024467468258877, 3.871938689363659147 ) ) ;
#2313 = FACE_OUTER_BOUND ( 'NONE', #1789, .T. ) ;
#2314 = SHAPE_DEFINITION_REPRESENTATION ( #3555, #264 ) ;
#2315 = ORIENTED_EDGE ( 'NONE', *, *, #1484, .F. ) ;
#2316 = CARTESIAN_POINT ( 'NONE',  ( 0.000000000000000000, -11.74024391174314985, 0.000000000000000000 ) ) ;
#2317 = CARTESIAN_POINT ( 'NONE',  ( -13.52739372106930738, -9.965051904045123976, -13.34370501661203079 ) ) ;
#2318 = ORIENTED_EDGE ( 'NONE', *, *, #1469, .T. ) ;
#2319 = AXIS2_PLACEMENT_3D ( 'NONE', #2272, #3675, #498 ) ;
#2320 = PLANE ( 'NONE',  #1802 ) ;
#2321 = AXIS2_PLACEMENT_3D ( 'NONE', #1427, #3576, #3953 ) ;
#2322 = DIRECTION ( 'NONE',  ( -0.000000000000000000, -1.000000000000000000, -0.000000000000000000 ) ) ;
#2323 = FACE_OUTER_BOUND ( 'NONE', #3280, .T. ) ;
#2324 = ORIENTED_EDGE ( 'NONE', *, *, #1964, .T. ) ;
#2325 = ORIENTED_EDGE ( 'NONE', *, *, #1325, .T. ) ;
#2326 = PLANE ( 'NONE',  #402 ) ;
#2327 = CARTESIAN_POINT ( 'NONE',  ( 7.368756555013558085, -23.44024467468260653, 16.96913241080905976 ) ) ;
#2328 = CARTESIAN_POINT ( 'NONE',  ( 3.663164909914490952, -19.74024467468260369, 14.78771195728961452 ) ) ;
#2329 = CARTESIAN_POINT ( 'NONE',  ( 22.07924842834475143, -9.240243911743149852, -3.327519416809084696 ) ) ;
#2330 = ORIENTED_EDGE ( 'NONE', *, *, #2356, .F. ) ;
#2331 = CARTESIAN_POINT ( 'NONE',  ( -16.67641251653122225, -23.44024467468259942, 1.506553575639421494 ) ) ;
#2332 = AXIS2_PLACEMENT_3D ( 'NONE', #379, #3903, #1489 ) ;
#2333 = PLANE ( 'NONE',  #3261 ) ;
#2334 = APPLICATION_PROTOCOL_DEFINITION ( 'draft international standard', 'automotive_design', 1998, #4185 ) ;
#2335 = EDGE_LOOP ( 'NONE', ( #2430, #592, #3424, #1347 ) ) ;
#2336 = CIRCLE ( 'NONE', #345, 18.99999997190468548 ) ;
#2337 = DIRECTION ( 'NONE',  ( -0.000000000000000000, -1.000000000000000000, -0.000000000000000000 ) ) ;
#2338 = CARTESIAN_POINT ( 'NONE',  ( -12.77198162961563099, -11.74024391174314985, -13.63477671632721311 ) ) ;
#2339 = EDGE_CURVE ( 'NONE', #1554, #3683, #3703, .T. ) ;
#2340 = ADVANCED_FACE ( 'NONE', ( #3998 ), #2229, .T. ) ;
#2341 = EDGE_LOOP ( 'NONE', ( #2121, #4397, #1609 ) ) ;
#2342 = CARTESIAN_POINT ( 'NONE',  ( 20.50392330677733099, -11.80334395871425279, -8.842808121415075107 ) ) ;
#2343 = CARTESIAN_POINT ( 'NONE',  ( -19.85153428378966112, -15.88922176410213005, -10.22236658917150542 ) ) ;
#2344 = ADVANCED_FACE ( 'NONE', ( #3574 ), #122, .F. ) ;
#2345 = EDGE_CURVE ( 'NONE', #2168, #2404, #1449, .T. ) ;
#2346 = CARTESIAN_POINT ( 'NONE',  ( -4.262985056702870423, -19.74024391174314985, -12.13457192332814927 ) ) ;
#2347 = VERTEX_POINT ( 'NONE', #1472 ) ;
#2348 = CIRCLE ( 'NONE', #1758, 1.500000000000008660 ) ;
#2349 = ORIENTED_EDGE ( 'NONE', *, *, #1873, .T. ) ;
#2350 = CARTESIAN_POINT ( 'NONE',  ( -2.017698159884617759, -18.24024391174314985, 1.133790046969303633 ) ) ;
#2351 = FACE_OUTER_BOUND ( 'NONE', #3275, .T. ) ;
#2352 = CARTESIAN_POINT ( 'NONE',  ( 8.770548820495610798, -18.24024391174314985, 4.442386150360104757 ) ) ;
#2353 = EDGE_CURVE ( 'NONE', #327, #1285, #3951, .T. ) ;
#2354 = AXIS2_PLACEMENT_3D ( 'NONE', #2331, #1943, #585 ) ;
#2355 = CARTESIAN_POINT ( 'NONE',  ( -21.41686564689175754, -19.74024391174314985, -6.315337171226914847 ) ) ;
#2356 = EDGE_CURVE ( 'NONE', #3601, #4477, #9, .T. ) ;
#2357 = VERTEX_POINT ( 'NONE', #76 ) ;
#2358 = DIRECTION ( 'NONE',  ( 0.000000000000000000, 0.000000000000000000, -1.000000000000000000 ) ) ;
#2359 = LINE ( 'NONE', #230, #744 ) ;
#2360 = ORIENTED_EDGE ( 'NONE', *, *, #4310, .F. ) ;
#2361 = ORIENTED_EDGE ( 'NONE', *, *, #2720, .T. ) ;
#2362 = B_SPLINE_CURVE_WITH_KNOTS ( 'NONE', 3,
 ( #3884, #1700, #3159, #3115, #3529, #4232, #1769, #2067, #1403, #2446, #308, #1380, #3092, #686, #286, #1720, #4501, #3906, #1057, #664, #4255, #2769, #1081, #4574, #1353, #3140, #2468, #1328 ),
 .UNSPECIFIED., .F., .F.,
 ( 4, 2, 2, 2, 2, 2, 2, 2, 2, 2, 2, 2, 2, 4 ),
 ( 0.006890196073147181362, 0.007402207068666810143, 0.007914218064186439791, 0.008426229059706068572, 0.008938240055225697353, 0.009450251050745326134, 0.009962262046264954915, 0.01098628403730420727, 0.01201030602834345790, 0.01252231702386308321, 0.01303432801938270852, 0.01354633901490233383, 0.01405835001042195914, 0.01508237200146121323 ),
 .UNSPECIFIED. ) ;
#2363 = LINE ( 'NONE', #1671, #2486 ) ;
#2364 = CARTESIAN_POINT ( 'NONE',  ( -10.34916939771882483, -19.74024467468260369, 14.65727887813072350 ) ) ;
#2365 = VERTEX_POINT ( 'NONE', #4047 ) ;
#2366 = EDGE_CURVE ( 'NONE', #4407, #4118, #3134, .T. ) ;
#2367 = CARTESIAN_POINT ( 'NONE',  ( -3.811229891200368546E-07, -9.240243911743149852, 1.292481749723593018E-06 ) ) ;
#2368 = FACE_OUTER_BOUND ( 'NONE', #4349, .T. ) ;
#2369 = CARTESIAN_POINT ( 'NONE',  ( -3.506771410481431150, -14.54024391174315767, 14.82557777503545005 ) ) ;
#2370 = EDGE_LOOP ( 'NONE', ( #1418, #4511, #2657, #4146 ) ) ;
#2371 = VECTOR ( 'NONE', #3622, 1000.000000000000000 ) ;
#2372 = PLANE ( 'NONE',  #1878 ) ;
#2373 = CARTESIAN_POINT ( 'NONE',  ( -0.2716376456724212685, -21.44024467468260298, -18.18167534072233238 ) ) ;
#2374 = DIRECTION ( 'NONE',  ( 0.000000000000000000, 0.000000000000000000, 1.000000000000000000 ) ) ;
#2375 = CIRCLE ( 'NONE', #1559, 3.500012878918495218 ) ;
#2376 = DIRECTION ( 'NONE',  ( 0.000000000000000000, 1.000000000000000000, -0.000000000000000000 ) ) ;
#2377 = EDGE_LOOP ( 'NONE', ( #458, #3158, #1370, #4510, #4582, #4460, #3528 ) ) ;
#2378 = AXIS2_PLACEMENT_3D ( 'NONE', #198, #4412, #526 ) ;
#2379 = PLANE ( 'NONE',  #2124 ) ;
#2380 = DIRECTION ( 'NONE',  ( 0.000000000000000000, -1.000000000000000000, 0.000000000000000000 ) ) ;
#2381 = EDGE_CURVE ( 'NONE', #2879, #2499, #3500, .T. ) ;
#2382 = VERTEX_POINT ( 'NONE', #3394 ) ;
#2383 = EDGE_CURVE ( 'NONE', #3427, #711, #3701, .T. ) ;
#2384 = VERTEX_POINT ( 'NONE', #1582 ) ;
#2385 = B_SPLINE_CURVE_WITH_KNOTS ( 'NONE', 3,
 ( #3765, #193, #214, #2713 ),
 .UNSPECIFIED., .F., .F.,
 ( 4, 4 ),
 ( 4.847066865941101308E-11, 0.0007927849067495614400 ),
 .UNSPECIFIED. ) ;
#2386 = CARTESIAN_POINT ( 'NONE',  ( -3.724591492469569332, -9.240243911743149852, 19.62349365841000903 ) ) ;
#2387 = DIRECTION ( 'NONE',  ( -0.000000000000000000, -1.000000000000000000, -0.000000000000000000 ) ) ;
#2388 = ORIENTED_EDGE ( 'NONE', *, *, #2413, .F. ) ;
#2389 = CARTESIAN_POINT ( 'NONE',  ( 12.03182691830458140, -13.32548733955935560, -9.780248249313583386 ) ) ;
#2390 = CIRCLE ( 'NONE', #4249, 2.843502884254425211 ) ;
#2391 = CARTESIAN_POINT ( 'NONE',  ( -19.01501595260498334, -17.76123625061875444, -11.70520489721066149 ) ) ;
#2392 = DIRECTION ( 'NONE',  ( 0.000000000000000000, 0.000000000000000000, 1.000000000000000000 ) ) ;
#2393 = VERTEX_POINT ( 'NONE', #4409 ) ;
#2394 = AXIS2_PLACEMENT_3D ( 'NONE', #196, #1906, #1278 ) ;
#2395 = AXIS2_PLACEMENT_3D ( 'NONE', #3186, #385, #2814 ) ;
#2396 = CARTESIAN_POINT ( 'NONE',  ( 18.31968438552647882, -9.965051904045125752, -5.043214101134276817 ) ) ;
#2397 = AXIS2_PLACEMENT_3D ( 'NONE', #1535, #140, #4361 ) ;
#2398 = DIRECTION ( 'NONE',  ( 0.000000000000000000, 1.000000000000000000, 0.000000000000000000 ) ) ;
#2399 = CYLINDRICAL_SURFACE ( 'NONE', #1215, 4.200000000000007283 ) ;
#2400 = CARTESIAN_POINT ( 'NONE',  ( 5.172276436593879367, -20.04024391174315411, 13.27244744659476083 ) ) ;
#2401 = CARTESIAN_POINT ( 'NONE',  ( 0.000000000000000000, -19.74024467468260369, 0.000000000000000000 ) ) ;
#2402 = AXIS2_PLACEMENT_3D ( 'NONE', #533, #2959, #1940 ) ;
#2403 = EDGE_CURVE ( 'NONE', #1847, #220, #934, .T. ) ;
#2404 = VERTEX_POINT ( 'NONE', #3369 ) ;
#2405 = CYLINDRICAL_SURFACE ( 'NONE', #3319, 4.200000000000007283 ) ;
#2406 = CARTESIAN_POINT ( 'NONE',  ( 1.409321644585576738, -14.54024391174315056, 15.16934456695797984 ) ) ;
#2407 = ORIENTED_EDGE ( 'NONE', *, *, #915, .F. ) ;
#2408 = EDGE_CURVE ( 'NONE', #2241, #3846, #1536, .T. ) ;
#2409 = ORIENTED_EDGE ( 'NONE', *, *, #1865, .T. ) ;
#2410 = VECTOR ( 'NONE', #27, 1000.000000000000000 ) ;
#2411 = CARTESIAN_POINT ( 'NONE',  ( 11.03793977726396847, -14.27329368403623455, -10.50043273215389128 ) ) ;
#2412 = AXIS2_PLACEMENT_3D ( 'NONE', #1724, #4504, #1016 ) ;
#2413 = EDGE_CURVE ( 'NONE', #2169, #2168, #2989, .T. ) ;
#2414 = DIRECTION ( 'NONE',  ( 0.000000000000000000, 0.000000000000000000, 1.000000000000000000 ) ) ;
#2415 = ORIENTED_EDGE ( 'NONE', *, *, #3592, .F. ) ;
#2416 = CARTESIAN_POINT ( 'NONE',  ( 0.4507955198894473270, -12.32590800750501892, 22.32479034477948687 ) ) ;
#2417 = DIRECTION ( 'NONE',  ( 0.000000000000000000, 0.000000000000000000, -1.000000000000000000 ) ) ;
#2418 = FACE_OUTER_BOUND ( 'NONE', #2691, .T. ) ;
#2419 =( BOUNDED_CURVE ( )  B_SPLINE_CURVE ( 3, ( #3797, #582, #2797, #1704 ),
 .UNSPECIFIED., .F., .F. ) 
 B_SPLINE_CURVE_WITH_KNOTS ( ( 4, 4 ),
 ( 2.383546516126901604, 2.909399975495873925 ),
 .UNSPECIFIED. ) 
 CURVE ( )  GEOMETRIC_REPRESENTATION_ITEM ( )  RATIONAL_B_SPLINE_CURVE ( ( 1.000000000000000000, 0.9770889566688236716, 0.9770889566688236716, 1.000000000000000000 ) ) 
 REPRESENTATION_ITEM ( '' )  );
#2420 = VERTEX_POINT ( 'NONE', #4068 ) ;
#2421 = PLANE ( 'NONE',  #99 ) ;
#2422 = DIRECTION ( 'NONE',  ( 0.000000000000000000, 0.000000000000000000, -1.000000000000000000 ) ) ;
#2423 = FACE_OUTER_BOUND ( 'NONE', #426, .T. ) ;
#2424 = CARTESIAN_POINT ( 'NONE',  ( -17.57249208858810618, -14.06716509211449839, -11.85279597629123671 ) ) ;
#2425 = ORIENTED_EDGE ( 'NONE', *, *, #190, .T. ) ;
#2426 = ADVANCED_FACE ( 'NONE', ( #2715 ), #3725, .F. ) ;
#2427 = CARTESIAN_POINT ( 'NONE',  ( -14.66070814233061093, -19.74024467468260369, -4.323103126723153444 ) ) ;
#2428 = DIRECTION ( 'NONE',  ( 0.06101040030062736957, 0.4848096202463385018, -0.8724891765355936579 ) ) ;
#2429 = PRESENTATION_LAYER_ASSIGNMENT (  '', '', ( #278 ) ) ;
#2430 = ORIENTED_EDGE ( 'NONE', *, *, #2223, .F. ) ;
#2431 = ADVANCED_FACE ( 'NONE', ( #3746 ), #2320, .T. ) ;
#2432 = ORIENTED_EDGE ( 'NONE', *, *, #3372, .T. ) ;
#2433 = AXIS2_PLACEMENT_3D ( 'NONE', #1650, #2697, #4452 ) ;
#2434 = VERTEX_POINT ( 'NONE', #524 ) ;
#2435 = PRODUCT_RELATED_PRODUCT_CATEGORY ( 'part', '', ( #3229 ) ) ;
#2436 = CARTESIAN_POINT ( 'NONE',  ( 2.167779694831988735, -9.969778092571564443, 18.87643863752574092 ) ) ;
#2437 = CARTESIAN_POINT ( 'NONE',  ( -2.992416143417359731, -19.74024467468260369, -14.47999171228702764 ) ) ;
#2438 = VERTEX_POINT ( 'NONE', #571 ) ;
#2439 = CARTESIAN_POINT ( 'NONE',  ( -14.61261171380932566, -14.54024391174315056, -4.308919983314798863 ) ) ;
#2440 = ADVANCED_FACE ( 'NONE', ( #2652 ), #894, .T. ) ;
#2441 = CARTESIAN_POINT ( 'NONE',  ( -4.867048522293994317, -12.85333190322882757, 15.02256743583622800 ) ) ;
#2442 = CARTESIAN_POINT ( 'NONE',  ( -10.55453243951145126, -13.33401533197100797, -11.35319426449682112 ) ) ;
#2443 = ORIENTED_EDGE ( 'NONE', *, *, #3450, .T. ) ;
#2444 = B_SPLINE_CURVE_WITH_KNOTS ( 'NONE', 3,
 ( #1894, #152, #1941, #3356, #3383, #1594, #3013, #4418, #3636, #1245, #2661, #464 ),
 .UNSPECIFIED., .F., .F.,
 ( 4, 2, 2, 2, 2, 4 ),
 ( 0.004997864060039300220, 0.005916783787973174669, 0.006376243651940113194, 0.006835703515907050852, 0.007754623243840923566, 0.008673542971774797147 ),
 .UNSPECIFIED. ) ;
#2445 = EDGE_CURVE ( 'NONE', #1950, #2034, #4104, .T. ) ;
#2446 = CARTESIAN_POINT ( 'NONE',  ( -17.65060129082854701, -17.45890695610189880, -13.67637084380706369 ) ) ;
#2447 = DIRECTION ( 'NONE',  ( -0.6505791381832861653, 0.000000000000000000, -0.7594384668692341078 ) ) ;
#2448 = CARTESIAN_POINT ( 'NONE',  ( 17.99493682915814929, -13.41582196899924284, -8.776716771921003968 ) ) ;
#2449 = CARTESIAN_POINT ( 'NONE',  ( 5.732795238494882817, -20.04024391174315411, 7.044702529907220345 ) ) ;
#2450 = VECTOR ( 'NONE', #2820, 1000.000000000000000 ) ;
#2451 = VERTEX_POINT ( 'NONE', #847 ) ;
#2452 = CARTESIAN_POINT ( 'NONE',  ( -9.498455438204606693, -11.74024391174314985, -11.91111042655227870 ) ) ;
#2453 = DIRECTION ( 'NONE',  ( -0.7861029915571017268, 0.4848096202463385573, 0.3834080317123993997 ) ) ;
#2454 = AXIS2_PLACEMENT_3D ( 'NONE', #287, #1917, #1524 ) ;
#2455 = EDGE_LOOP ( 'NONE', ( #1572, #2093, #54, #2519 ) ) ;
#2456 = ORIENTED_EDGE ( 'NONE', *, *, #2353, .T. ) ;
#2457 = EDGE_CURVE ( 'NONE', #3407, #764, #2622, .T. ) ;
#2458 = AXIS2_PLACEMENT_3D ( 'NONE', #1126, #3162, #3578 ) ;
#2459 = ORIENTED_EDGE ( 'NONE', *, *, #964, .F. ) ;
#2460 = LINE ( 'NONE', #3874, #1815 ) ;
#2461 = DIRECTION ( 'NONE',  ( -0.6505791153609797872, 0.000000000000000000, -0.7594384864201476626 ) ) ;
#2462 = ORIENTED_EDGE ( 'NONE', *, *, #763, .F. ) ;
#2463 = LINE ( 'NONE', #1052, #1726 ) ;
#2464 = CARTESIAN_POINT ( 'NONE',  ( -15.94574476875268054, -12.97949331077753499, -10.75554101724591938 ) ) ;
#2465 = DIRECTION ( 'NONE',  ( 0.000000000000000000, 1.000000000000000000, -0.000000000000000000 ) ) ;
#2466 = ADVANCED_FACE ( 'NONE', ( #142 ), #1606, .T. ) ;
#2467 = VERTEX_POINT ( 'NONE', #594 ) ;
#2468 = CARTESIAN_POINT ( 'NONE',  ( -17.26887239563831145, -12.39233191074045770, -14.15690068670681434 ) ) ;
#2469 = FACE_OUTER_BOUND ( 'NONE', #399, .T. ) ;
#2470 = CARTESIAN_POINT ( 'NONE',  ( -16.67641251653122225, -23.44024467468259942, 1.506553575639421494 ) ) ;
#2471 = LINE ( 'NONE', #38, #1342 ) ;
#2472 = AXIS2_PLACEMENT_3D ( 'NONE', #752, #2515, #2205 ) ;
#2473 = CIRCLE ( 'NONE', #4396, 15.23467105286474599 ) ;
#2474 = ORIENTED_EDGE ( 'NONE', *, *, #1690, .T. ) ;
#2475 = VECTOR ( 'NONE', #2649, 1000.000000000000227 ) ;
#2476 = CARTESIAN_POINT ( 'NONE',  ( 13.02011119244868986, -19.74024391174314985, 5.308073977314659686 ) ) ;
#2477 = CARTESIAN_POINT ( 'NONE',  ( -4.262985056702870423, -19.74024391174314985, -12.13457192332814927 ) ) ;
#2478 = ORIENTED_EDGE ( 'NONE', *, *, #1006, .T. ) ;
#2479 = AXIS2_PLACEMENT_3D ( 'NONE', #2237, #2595, #130 ) ;
#2480 = VERTEX_POINT ( 'NONE', #2977 ) ;
#2481 = VERTEX_POINT ( 'NONE', #1994 ) ;
#2482 = CARTESIAN_POINT ( 'NONE',  ( -16.99202175493849865, -12.13909912240046829, -11.87761145902751281 ) ) ;
#2483 = CARTESIAN_POINT ( 'NONE',  ( -2.423349639469138506, -9.240243911743149852, 20.80059456668416473 ) ) ;
#2484 = ORIENTED_EDGE ( 'NONE', *, *, #3313, .F. ) ;
#2485 = CARTESIAN_POINT ( 'NONE',  ( 5.172276436593879367, -20.04024391174315411, 13.27244744659476083 ) ) ;
#2486 = VECTOR ( 'NONE', #2036, 1000.000000000000000 ) ;
#2487 = LINE ( 'NONE', #1119, #2410 ) ;
#2488 = ADVANCED_FACE ( 'NONE', ( #3415 ), #239, .F. ) ;
#2489 = DIRECTION ( 'NONE',  ( 0.000000000000000000, 0.000000000000000000, -1.000000000000000000 ) ) ;
#2490 = VERTEX_POINT ( 'NONE', #681 ) ;
#2491 = PLANE ( 'NONE',  #3659 ) ;
#2492 = ADVANCED_FACE ( 'NONE', ( #2083 ), #4569, .F. ) ;
#2493 = CARTESIAN_POINT ( 'NONE',  ( 5.732795238494882817, -18.24024391174314985, 7.044702529907220345 ) ) ;
#2494 = DIRECTION ( 'NONE',  ( 0.000000000000000000, -1.000000000000000000, -0.000000000000000000 ) ) ;
#2495 = LINE ( 'NONE', #1842, #2007 ) ;
#2496 = ORIENTED_EDGE ( 'NONE', *, *, #3406, .T. ) ;
#2497 = CARTESIAN_POINT ( 'NONE',  ( -0.1343568283909017391, -17.49020801895346366, 22.32858287865849078 ) ) ;
#2498 = CARTESIAN_POINT ( 'NONE',  ( 17.99493682915814929, -13.41582196899924284, -8.776716771921003968 ) ) ;
#2499 = VERTEX_POINT ( 'NONE', #4224 ) ;
#2500 = EDGE_CURVE ( 'NONE', #2911, #1554, #2924, .T. ) ;
#2501 = ORIENTED_EDGE ( 'NONE', *, *, #2179, .F. ) ;
#2502 = ORIENTED_EDGE ( 'NONE', *, *, #4410, .T. ) ;
#2503 = VERTEX_POINT ( 'NONE', #1740 ) ;
#2504 = AXIS2_PLACEMENT_3D ( 'NONE', #3955, #1517, #3930 ) ;
#2505 = CARTESIAN_POINT ( 'NONE',  ( 1.739294335192435259, -9.407182151902652834, 18.92098148191983853 ) ) ;
#2506 = UNCERTAINTY_MEASURE_WITH_UNIT (LENGTH_MEASURE( 1.000000000000000082E-05 ), #2643, 'distance_accuracy_value', 'NONE');
#2507 = AXIS2_PLACEMENT_3D ( 'NONE', #3656, #3961, #1155 ) ;
#2508 = DIRECTION ( 'NONE',  ( 0.000000000000000000, 0.000000000000000000, -1.000000000000000000 ) ) ;
#2509 = ORIENTED_EDGE ( 'NONE', *, *, #2345, .T. ) ;
#2510 = LINE ( 'NONE', #1786, #2167 ) ;
#2511 = DIRECTION ( 'NONE',  ( 0.7818422985187998275, 0.000000000000000000, -0.6234762387187179344 ) ) ;
#2512 = CARTESIAN_POINT ( 'NONE',  ( 2.733274933429753695, -12.84478541746791969, 15.55950057612418469 ) ) ;
#2513 = EDGE_CURVE ( 'NONE', #4198, #1711, #281, .T. ) ;
#2514 = ORIENTED_EDGE ( 'NONE', *, *, #2091, .T. ) ;
#2515 = DIRECTION ( 'NONE',  ( 0.000000000000000000, -1.000000000000000000, 0.000000000000000000 ) ) ;
#2516 = DIRECTION ( 'NONE',  ( 0.000000000000000000, 0.000000000000000000, -1.000000000000000000 ) ) ;
#2517 = DIRECTION ( 'NONE',  ( 0.000000000000000000, 0.000000000000000000, 1.000000000000000000 ) ) ;
#2518 = FACE_OUTER_BOUND ( 'NONE', #3705, .T. ) ;
#2519 = ORIENTED_EDGE ( 'NONE', *, *, #3348, .T. ) ;
#2520 = PLANE ( 'NONE',  #4177 ) ;
#2521 = CARTESIAN_POINT ( 'NONE',  ( -16.67641251653122225, -24.44024467468260298, 5.006555543340613035 ) ) ;
#2522 = DIRECTION ( 'NONE',  ( 0.000000000000000000, -1.000000000000000000, 0.000000000000000000 ) ) ;
#2523 = VECTOR ( 'NONE', #1834, 1000.000000000000000 ) ;
#2524 = ORIENTED_EDGE ( 'NONE', *, *, #702, .T. ) ;
#2525 = VERTEX_POINT ( 'NONE', #2809 ) ;
#2526 = AXIS2_PLACEMENT_3D ( 'NONE', #1961, #3378, #4525 ) ;
#2527 = EDGE_CURVE ( 'NONE', #1601, #2574, #3155, .T. ) ;
#2528 = EDGE_CURVE ( 'NONE', #166, #4223, #2463, .T. ) ;
#2529 = CARTESIAN_POINT ( 'NONE',  ( -1.790302382329634678, -12.13909912240046829, 20.65432823094835157 ) ) ;
#2530 = VECTOR ( 'NONE', #125, 1000.000000000000000 ) ;
#2531 = ORIENTED_EDGE ( 'NONE', *, *, #3804, .F. ) ;
#2532 = CIRCLE ( 'NONE', #160, 3.500003781483101761 ) ;
#2533 = DIRECTION ( 'NONE',  ( -0.000000000000000000, -1.000000000000000000, 0.000000000000000000 ) ) ;
#2534 = DIRECTION ( 'NONE',  ( 0.000000000000000000, -1.000000000000000000, -0.000000000000000000 ) ) ;
#2535 = CARTESIAN_POINT ( 'NONE',  ( 14.35150439341706630, -19.74024467468260369, 17.10555275385310026 ) ) ;
#2536 = ORIENTED_EDGE ( 'NONE', *, *, #3225, .F. ) ;
#2537 = CARTESIAN_POINT ( 'NONE',  ( -3.371499037574388957, -12.15895782011171455, 22.07257591693268139 ) ) ;
#2538 = CARTESIAN_POINT ( 'NONE',  ( 8.770548820495610798, -20.04024391174315411, 4.442386150360104757 ) ) ;
#2539 = DIRECTION ( 'NONE',  ( 0.000000000000000000, -1.000000000000000000, 0.000000000000000000 ) ) ;
#2540 = CARTESIAN_POINT ( 'NONE',  ( -5.416091309369668316, -11.74024391174314985, 18.21169826954499982 ) ) ;
#2541 = ORIENTED_EDGE ( 'NONE', *, *, #3680, .T. ) ;
#2542 = DIRECTION ( 'NONE',  ( 0.000000000000000000, 0.000000000000000000, -1.000000000000000000 ) ) ;
#2543 = CARTESIAN_POINT ( 'NONE',  ( 5.172276436593879367, -20.04024391174315411, 13.27244744659476083 ) ) ;
#2544 = EDGE_LOOP ( 'NONE', ( #4338, #1492, #1751, #87 ) ) ;
#2545 = AXIS2_PLACEMENT_3D ( 'NONE', #2932, #55, #433 ) ;
#2546 = CIRCLE ( 'NONE', #2843, 22.32858287865848368 ) ;
#2547 = ORIENTED_EDGE ( 'NONE', *, *, #1804, .F. ) ;
#2548 = CARTESIAN_POINT ( 'NONE',  ( -0.2716376456724212685, -23.44024467468259942, -16.68167080711551975 ) ) ;
#2549 = B_SPLINE_CURVE_WITH_KNOTS ( 'NONE', 3,
 ( #1516, #4346, #2063, #1009, #1324, #4546, #3434, #1029, #3769, #4137, #1376, #3478, #2343, #4207, #1628, #1995, #3836, #217, #595, #2391, #2790, #260 ),
 .UNSPECIFIED., .F., .F.,
 ( 4, 2, 2, 2, 2, 2, 2, 2, 2, 2, 4 ),
 ( 8.716877585302701703E-17, 0.0008612745091434787685, 0.001291911763715172454, 0.001722549018286866247, 0.002583823527430251666, 0.003445098036573637518, 0.004306372545717022937, 0.005167647054860409657, 0.006028921564003796377, 0.006459558818575488436, 0.006890196073147181362 ),
 .UNSPECIFIED. ) ;
#2550 = AXIS2_PLACEMENT_3D ( 'NONE', #1867, #2937, #2957 ) ;
#2551 = EDGE_CURVE ( 'NONE', #1402, #170, #398, .T. ) ;
#2552 = EDGE_CURVE ( 'NONE', #4359, #1639, #1648, .T. ) ;
#2553 = CARTESIAN_POINT ( 'NONE',  ( 18.85673976542065589, -9.240243911743149852, -6.586155978007051992 ) ) ;
#2554 = DIRECTION ( 'NONE',  ( -0.000000000000000000, -1.000000000000000000, -0.000000000000000000 ) ) ;
#2555 = EDGE_LOOP ( 'NONE', ( #1476, #699, #1098, #3148 ) ) ;
#2556 = CARTESIAN_POINT ( 'NONE',  ( 2.617898859349152290E-15, -17.38468126452042384, 22.32858287865848368 ) ) ;
#2557 = ADVANCED_FACE ( 'NONE', ( #4181, #1765 ), #1028, .T. ) ;
#2558 = CARTESIAN_POINT ( 'NONE',  ( 20.72101958355942131, -17.35236961549522405, -8.319913189655798291 ) ) ;
#2559 = CARTESIAN_POINT ( 'NONE',  ( 3.047248485467942272E-15, -12.01571392010914430, 22.32858287865848368 ) ) ;
#2560 = VERTEX_POINT ( 'NONE', #3524 ) ;
#2561 = CIRCLE ( 'NONE', #2782, 1.950000000000000400 ) ;
#2562 = CARTESIAN_POINT ( 'NONE',  ( -5.422072196460042903, -11.74024391174314985, 17.87824890607893380 ) ) ;
#2563 = B_SPLINE_CURVE_WITH_KNOTS ( 'NONE', 3,
 ( #1630, #283, #3790, #3814, #617, #575, #2699, #1304, #1978, #1996, #941, #636 ),
 .UNSPECIFIED., .F., .F.,
 ( 4, 2, 2, 2, 2, 4 ),
 ( 0.004997864060039296751, 0.005916783787973172067, 0.006376243651940107990, 0.006835703515907043913, 0.007754623243840919229, 0.008673542971774793678 ),
 .UNSPECIFIED. ) ;
#2564 = CARTESIAN_POINT ( 'NONE',  ( 7.468613574803563859E-08, -9.240243911743149852, -5.955808618801808437E-08 ) ) ;
#2565 = DIRECTION ( 'NONE',  ( 0.000000000000000000, 0.000000000000000000, -1.000000000000000000 ) ) ;
#2566 = CARTESIAN_POINT ( 'NONE',  ( -0.2716376456724212685, -24.44024467468260298, -16.68167080711551975 ) ) ;
#2567 = AXIS2_PLACEMENT_3D ( 'NONE', #865, #158, #3691 ) ;
#2568 = ORIENTED_EDGE ( 'NONE', *, *, #1984, .T. ) ;
#2569 = CARTESIAN_POINT ( 'NONE',  ( 13.06661817924486257, -14.54024391174315056, -12.43031976028232677 ) ) ;
#2570 = DIRECTION ( 'NONE',  ( 0.000000000000000000, 0.000000000000000000, -1.000000000000000000 ) ) ;
#2571 = AXIS2_PLACEMENT_3D ( 'NONE', #1717, #2761, #3747 ) ;
#2572 = ORIENTED_EDGE ( 'NONE', *, *, #82, .F. ) ;
#2573 = ADVANCED_FACE ( 'NONE', ( #3087 ), #1323, .F. ) ;
#2574 = VERTEX_POINT ( 'NONE', #980 ) ;
#2575 = CARTESIAN_POINT ( 'NONE',  ( -13.14511727391977480, -15.41881397645487262, -7.700720352271659408 ) ) ;
#2576 = CARTESIAN_POINT ( 'NONE',  ( -1.068290871517149743, -17.90045055350952197, 22.30361741153811650 ) ) ;
#2577 = CARTESIAN_POINT ( 'NONE',  ( 8.304582354855945425, -24.44024467468260298, 12.77220082837763293 ) ) ;
#2578 = VECTOR ( 'NONE', #4102, 999.9999999999998863 ) ;
#2579 = VERTEX_POINT ( 'NONE', #3133 ) ;
#2580 = PLANE ( 'NONE',  #991 ) ;
#2581 = AXIS2_PLACEMENT_3D ( 'NONE', #3215, #1752, #1037 ) ;
#2582 = CARTESIAN_POINT ( 'NONE',  ( 18.78033984398815903, -13.34351091847706350, -12.07757115933285874 ) ) ;
#2583 = CARTESIAN_POINT ( 'NONE',  ( -13.75139278604165050, -14.73632767265776877, -6.560573950662046627 ) ) ;
#2584 = ORIENTED_EDGE ( 'NONE', *, *, #703, .F. ) ;
#2585 = DIRECTION ( 'NONE',  ( -0.3653571729111340094, 0.000000000000000000, 0.9308674106457823783 ) ) ;
#2586 = EDGE_CURVE ( 'NONE', #2962, #4297, #1920, .T. ) ;
#2587 = CARTESIAN_POINT ( 'NONE',  ( 14.59271268420337009, -14.54024391174315589, -4.375835760775884431 ) ) ;
#2588 = CARTESIAN_POINT ( 'NONE',  ( -1.478576377048035795, -14.06716509211449839, 21.14462254466399926 ) ) ;
#2589 = DIRECTION ( 'NONE',  ( 0.000000000000000000, -1.000000000000000000, 0.000000000000000000 ) ) ;
#2590 = ADVANCED_FACE ( 'NONE', ( #4271 ), #2580, .F. ) ;
#2591 = VERTEX_POINT ( 'NONE', #2880 ) ;
#2592 = CARTESIAN_POINT ( 'NONE',  ( -1.002915074219617120, -14.69254481559801206, 19.29053340806693484 ) ) ;
#2593 = EDGE_CURVE ( 'NONE', #207, #1487, #1284, .T. ) ;
#2594 = CARTESIAN_POINT ( 'NONE',  ( -1.247092857653747888, -11.65984532083481895, 22.29448525629024758 ) ) ;
#2595 = DIRECTION ( 'NONE',  ( 0.000000000000000000, 1.000000000000000000, 0.000000000000000000 ) ) ;
#2596 = DIRECTION ( 'NONE',  ( 0.2624624360366730191, -0.8511485643991807404, -0.4545982742938087240 ) ) ;
#2597 = ORIENTED_EDGE ( 'NONE', *, *, #4334, .F. ) ;
#2598 = DIRECTION ( 'NONE',  ( 0.2828478569677878585, 0.000000000000000000, -0.9591647876192755939 ) ) ;
#2599 = CARTESIAN_POINT ( 'NONE',  ( -18.86917732902558242, -17.85339273060598586, -11.93816402529751386 ) ) ;
#2600 = CARTESIAN_POINT ( 'NONE',  ( 16.17767524719240058, -5.440243911743150917, -15.38988113403320312 ) ) ;
#2601 = AXIS2_PLACEMENT_3D ( 'NONE', #1179, #4392, #3282 ) ;
#2602 = ORIENTED_EDGE ( 'NONE', *, *, #1824, .F. ) ;
#2603 = AXIS2_PLACEMENT_3D ( 'NONE', #2984, #4371, #788 ) ;
#2604 = CARTESIAN_POINT ( 'NONE',  ( 15.26358554565936210, -9.969778092571560890, -11.31557160429552411 ) ) ;
#2605 = DIRECTION ( 'NONE',  ( 0.000000000000000000, -1.000000000000000000, 0.000000000000000000 ) ) ;
#2606 = ORIENTED_EDGE ( 'NONE', *, *, #3103, .F. ) ;
#2607 = VECTOR ( 'NONE', #4459, 1000.000000000000114 ) ;
#2608 = CARTESIAN_POINT ( 'NONE',  ( 14.85668945569119082, -11.74024391174314985, -11.84393420065867808 ) ) ;
#2609 = FACE_OUTER_BOUND ( 'NONE', #2634, .T. ) ;
#2610 = CARTESIAN_POINT ( 'NONE',  ( 17.99493682915814929, -13.41582196899924284, -8.776716771921003968 ) ) ;
#2611 = EDGE_CURVE ( 'NONE', #3544, #2781, #2510, .T. ) ;
#2612 = EDGE_LOOP ( 'NONE', ( #4120, #1335, #2478, #4583, #4487, #3782, #2, #651, #877, #504, #4242, #4535 ) ) ;
#2613 = ORIENTED_EDGE ( 'NONE', *, *, #2005, .F. ) ;
#2614 = CARTESIAN_POINT ( 'NONE',  ( 7.368756555013558085, -19.74024467468260369, 16.96913241080905976 ) ) ;
#2615 = CARTESIAN_POINT ( 'NONE',  ( -1.803405315654580399, -11.65455021569739280, 22.25641632369971390 ) ) ;
#2616 = CARTESIAN_POINT ( 'NONE',  ( -12.59951146119461995, -20.04024391174315411, -8.564316261571640609 ) ) ;
#2617 = CARTESIAN_POINT ( 'NONE',  ( -8.251385152011561530, -19.74024467468260369, -12.80663285809967178 ) ) ;
#2618 = ORIENTED_EDGE ( 'NONE', *, *, #1605, .F. ) ;
#2619 = DIRECTION ( 'NONE',  ( 0.000000000000000000, 0.000000000000000000, -1.000000000000000000 ) ) ;
#2620 = CARTESIAN_POINT ( 'NONE',  ( -1.753323486602374803, -17.94393593996360892, 22.26028042184313449 ) ) ;
#2621 =( NAMED_UNIT ( * ) SI_UNIT ( $, .STERADIAN. ) SOLID_ANGLE_UNIT ( ) );
#2622 = CIRCLE ( 'NONE', #26, 15.23467105286474599 ) ;
#2623 = ORIENTED_EDGE ( 'NONE', *, *, #1817, .T. ) ;
#2624 = CIRCLE ( 'NONE', #2763, 18.99999997190468903 ) ;
#2625 = DIRECTION ( 'NONE',  ( 0.8660254037844432595, 0.000000000000000000, -0.4999999999999919509 ) ) ;
#2626 = CIRCLE ( 'NONE', #3667, 1.500003942275042412 ) ;
#2627 = LINE ( 'NONE', #4044, #2475 ) ;
#2628 = EDGE_LOOP ( 'NONE', ( #242, #173, #2204, #1763 ) ) ;
#2629 = EDGE_CURVE ( 'NONE', #126, #3323, #2833, .T. ) ;
#2630 = DIRECTION ( 'NONE',  ( -0.000000000000000000, -1.000000000000000000, -0.000000000000000000 ) ) ;
#2631 = ADVANCED_FACE ( 'NONE', ( #3546 ), #3897, .T. ) ;
#2632 = CARTESIAN_POINT ( 'NONE',  ( 15.10942086690972452, -13.33401533197100797, -3.463896085435592909 ) ) ;
#2633 = DIRECTION ( 'NONE',  ( 0.000000000000000000, 0.000000000000000000, -1.000000000000000000 ) ) ;
#2634 = EDGE_LOOP ( 'NONE', ( #3242, #929, #1828, #4317 ) ) ;
#2635 = CIRCLE ( 'NONE', #3006, 22.32858287865848368 ) ;
#2636 = ORIENTED_EDGE ( 'NONE', *, *, #2061, .T. ) ;
#2637 = DIRECTION ( 'NONE',  ( 0.000000000000000000, -1.000000000000000000, 0.000000000000000000 ) ) ;
#2638 = FACE_OUTER_BOUND ( 'NONE', #4045, .T. ) ;
#2639 = CARTESIAN_POINT ( 'NONE',  ( -10.34916939771882483, -21.44024467468257100, 13.15727493585568197 ) ) ;
#2640 = AXIS2_PLACEMENT_3D ( 'NONE', #2470, #565, #989 ) ;
#2641 = CARTESIAN_POINT ( 'NONE',  ( -10.34916939771882483, -24.44024467468260298, 13.15727493585568197 ) ) ;
#2642 = ORIENTED_EDGE ( 'NONE', *, *, #4100, .T. ) ;
#2643 =( LENGTH_UNIT ( ) NAMED_UNIT ( * ) SI_UNIT ( .MILLI., .METRE. ) );
#2644 = EDGE_CURVE ( 'NONE', #4413, #2993, #502, .T. ) ;
#2645 = CARTESIAN_POINT ( 'NONE',  ( -2.257819559046880364, -17.84521717158231624, 22.21471987965445294 ) ) ;
#2646 = ORIENTED_EDGE ( 'NONE', *, *, #3225, .T. ) ;
#2647 = ADVANCED_FACE ( 'NONE', ( #2855 ), #746, .F. ) ;
#2648 = CARTESIAN_POINT ( 'NONE',  ( 20.36742153325933558, -17.84521717158231979, -9.152030844531362064 ) ) ;
#2649 = DIRECTION ( 'NONE',  ( 0.7250925912564737397, 0.4848096202463385573, 0.4890811448232011416 ) ) ;
#2650 = ORIENTED_EDGE ( 'NONE', *, *, #2259, .F. ) ;
#2651 = CIRCLE ( 'NONE', #3389, 18.03467105286474492 ) ;
#2652 = FACE_OUTER_BOUND ( 'NONE', #3064, .T. ) ;
#2653 = LINE ( 'NONE', #4069, #1094 ) ;
#2654 = EDGE_CURVE ( 'NONE', #1487, #415, #1875, .T. ) ;
#2655 = CARTESIAN_POINT ( 'NONE',  ( 7.251671934585591117, -18.24024391174314985, 5.743544229343082286 ) ) ;
#2656 = EDGE_LOOP ( 'NONE', ( #3602, #623, #855, #2409, #3925 ) ) ;
#2657 = ORIENTED_EDGE ( 'NONE', *, *, #1144, .F. ) ;
#2658 = DIRECTION ( 'NONE',  ( -0.8717905713933254974, 0.000000000000000000, 0.4898787601332588726 ) ) ;
#2659 = DIRECTION ( 'NONE',  ( 0.000000000000000000, -1.000000000000000000, 0.000000000000000000 ) ) ;
#2660 = CARTESIAN_POINT ( 'NONE',  ( 0.9562845211226002062, -14.91486303225149435, 15.20670963875333115 ) ) ;
#2661 = CARTESIAN_POINT ( 'NONE',  ( 14.52684914414789397, -14.74823821808551472, -4.595480137059263726 ) ) ;
#2662 = ORIENTED_EDGE ( 'NONE', *, *, #3177, .T. ) ;
#2663 = CYLINDRICAL_SURFACE ( 'NONE', #2798, 3.500012878918495218 ) ;
#2664 = DIRECTION ( 'NONE',  ( 0.2624624360366657472, -0.8511485643991806294, 0.4545982742938132204 ) ) ;
#2665 = DIRECTION ( 'NONE',  ( 0.2624624360366729636, -0.8511485643991806294, -0.4545982742938091126 ) ) ;
#2666 = ORIENTED_EDGE ( 'NONE', *, *, #2403, .F. ) ;
#2667 = CARTESIAN_POINT ( 'NONE',  ( -4.190460836570051306, -9.240243911743151628, 18.53213524960225911 ) ) ;
#2668 = AXIS2_PLACEMENT_3D ( 'NONE', #724, #377, #2288 ) ;
#2669 = CARTESIAN_POINT ( 'NONE',  ( -8.892188351362477115E-08, -11.74024391174314985, -3.490104777428252594E-08 ) ) ;
#2670 = ORIENTED_EDGE ( 'NONE', *, *, #1921, .T. ) ;
#2671 = AXIS2_PLACEMENT_3D ( 'NONE', #2938, #835, #3753 ) ;
#2672 = CARTESIAN_POINT ( 'NONE',  ( 0.000000000000000000, -19.74024467468260369, 0.000000000000000000 ) ) ;
#2673 = CARTESIAN_POINT ( 'NONE',  ( 14.67894775744045255, -14.26791715516096914, -4.088255578189964545 ) ) ;
#2674 = CARTESIAN_POINT ( 'NONE',  ( 19.22551812830358031, -9.240243911743149852, -8.301614933310037969 ) ) ;
#2675 = ORIENTED_EDGE ( 'NONE', *, *, #3106, .F. ) ;
#2676 = VERTEX_POINT ( 'NONE', #885 ) ;
#2677 = LINE ( 'NONE', #1222, #1731 ) ;
#2678 = DIRECTION ( 'NONE',  ( 0.000000000000000000, 0.000000000000000000, -1.000000000000000000 ) ) ;
#2679 = FACE_OUTER_BOUND ( 'NONE', #2455, .T. ) ;
#2680 = FACE_OUTER_BOUND ( 'NONE', #284, .T. ) ;
#2681 = EDGE_LOOP ( 'NONE', ( #2547, #1993, #2325, #1327 ) ) ;
#2682 = DIRECTION ( 'NONE',  ( 0.000000000000000000, -1.000000000000000000, -0.000000000000000000 ) ) ;
#2683 = CYLINDRICAL_SURFACE ( 'NONE', #3337, 3.500003781483101761 ) ;
#2684 = ADVANCED_FACE ( 'NONE', ( #2176 ), #2198, .F. ) ;
#2685 = ORIENTED_EDGE ( 'NONE', *, *, #3649, .T. ) ;
#2686 = EDGE_CURVE ( 'NONE', #3328, #1165, #1853, .T. ) ;
#2687 = ADVANCED_FACE ( 'NONE', ( #1166 ), #4373, .F. ) ;
#2688 = CARTESIAN_POINT ( 'NONE',  ( 21.14286540076223631, -14.10877140312459233, -7.179541538435610271 ) ) ;
#2689 = AXIS2_PLACEMENT_3D ( 'NONE', #3324, #1560, #939 ) ;
#2690 = DIRECTION ( 'NONE',  ( 0.000000000000000000, 0.000000000000000000, -1.000000000000000000 ) ) ;
#2691 = EDGE_LOOP ( 'NONE', ( #1732, #2936, #3247, #2842 ) ) ;
#2692 = VECTOR ( 'NONE', #4087, 1000.000000000000000 ) ;
#2693 = EDGE_CURVE ( 'NONE', #4219, #2365, #3249, .T. ) ;
#2694 = CARTESIAN_POINT ( 'NONE',  ( -12.59951146119461995, -19.74024391174314985, -8.564316261571640609 ) ) ;
#2695 = VECTOR ( 'NONE', #4415, 1000.000000000000114 ) ;
#2696 = AXIS2_PLACEMENT_3D ( 'NONE', #808, #4300, #5 ) ;
#2697 = DIRECTION ( 'NONE',  ( 0.7861029915571017268, -0.4848096202463385573, -0.3834080317123993997 ) ) ;
#2698 = CIRCLE ( 'NONE', #4110, 2.800000000000001155 ) ;
#2699 = CARTESIAN_POINT ( 'NONE',  ( -12.21636110512628726, -15.48866551520132795, -9.103735289606666115 ) ) ;
#2700 = ORIENTED_EDGE ( 'NONE', *, *, #1056, .F. ) ;
#2701 = ORIENTED_EDGE ( 'NONE', *, *, #3318, .T. ) ;
#2702 = DIRECTION ( 'NONE',  ( 0.000000000000000000, 1.000000000000000000, 0.000000000000000000 ) ) ;
#2703 = CARTESIAN_POINT ( 'NONE',  ( -1.392427293683150546, -11.66756375006843349, 19.91263353239799372 ) ) ;
#2704 = CARTESIAN_POINT ( 'NONE',  ( 7.368756555013558085, -19.74024467468260369, 15.01913241080905870 ) ) ;
#2705 = CARTESIAN_POINT ( 'NONE',  ( -12.89707746753961182, -19.74024467468260369, -18.22720511119032594 ) ) ;
#2706 = EDGE_LOOP ( 'NONE', ( #3197, #3749, #4067, #3352, #846, #1000 ) ) ;
#2707 = DIRECTION ( 'NONE',  ( -0.9591681338952284808, 0.000000000000000000, -0.2828365091708374690 ) ) ;
#2708 = AXIS2_PLACEMENT_3D ( 'NONE', #3947, #776, #3250 ) ;
#2709 = DIRECTION ( 'NONE',  ( 0.7245276690072633974, 0.000000000000000000, -0.6892457158683696905 ) ) ;
#2710 = EDGE_CURVE ( 'NONE', #4325, #1471, #1927, .T. ) ;
#2711 = EDGE_LOOP ( 'NONE', ( #1148, #3107, #2286, #3304, #4254, #1895, #1617, #183 ) ) ;
#2712 = CARTESIAN_POINT ( 'NONE',  ( 3.574671688479695852, -14.54024391174315056, 14.80935295145432207 ) ) ;
#2713 = CARTESIAN_POINT ( 'NONE',  ( 3.601004831796030814, -13.75544359479278889, 14.91845317874140164 ) ) ;
#2714 = ORIENTED_EDGE ( 'NONE', *, *, #2403, .T. ) ;
#2715 = FACE_OUTER_BOUND ( 'NONE', #2868, .T. ) ;
#2716 = DIRECTION ( 'NONE',  ( 0.06101040030062737651, 0.4848096202463385573, -0.8724891765355937689 ) ) ;
#2717 = DIRECTION ( 'NONE',  ( 0.000000000000000000, 0.000000000000000000, -1.000000000000000000 ) ) ;
#2718 = ORIENTED_EDGE ( 'NONE', *, *, #2686, .F. ) ;
#2719 = CIRCLE ( 'NONE', #2054, 3.500003781483101761 ) ;
#2720 = EDGE_CURVE ( 'NONE', #126, #562, #2359, .T. ) ;
#2721 = DIRECTION ( 'NONE',  ( -0.5249248720733417084, -0.8511485643991804073, 0.000000000000000000 ) ) ;
#2722 = CARTESIAN_POINT ( 'NONE',  ( -18.15821022577793542, -9.240243911743149852, -11.71606857151760650 ) ) ;
#2723 = DIRECTION ( 'NONE',  ( 0.7818422985187998275, 0.000000000000000000, -0.6234762387187180455 ) ) ;
#2724 = VECTOR ( 'NONE', #1019, 1000.000000000000000 ) ;
#2725 = DIRECTION ( 'NONE',  ( 0.000000000000000000, -0.000000000000000000, -1.000000000000000000 ) ) ;
#2726 = ADVANCED_FACE ( 'NONE', ( #1313 ), #2683, .T. ) ;
#2727 = ORIENTED_EDGE ( 'NONE', *, *, #3034, .F. ) ;
#2728 = CARTESIAN_POINT ( 'NONE',  ( -13.84169857603782283, -14.54024391174315056, -6.364163937164678764 ) ) ;
#2729 = DIRECTION ( 'NONE',  ( 0.000000000000000000, 0.000000000000000000, -1.000000000000000000 ) ) ;
#2730 = ORIENTED_EDGE ( 'NONE', *, *, #548, .T. ) ;
#2731 = VERTEX_POINT ( 'NONE', #972 ) ;
#2732 = DIRECTION ( 'NONE',  ( 0.000000000000000000, 0.000000000000000000, -1.000000000000000000 ) ) ;
#2733 = DIRECTION ( 'NONE',  ( 0.06101040030062737651, 0.4848096202463385573, -0.8724891765355937689 ) ) ;
#2734 = ORIENTED_EDGE ( 'NONE', *, *, #3371, .T. ) ;
#2735 = CARTESIAN_POINT ( 'NONE',  ( 12.43237693145223588, -14.54024391174315056, -8.805180629793420977 ) ) ;
#2736 = VECTOR ( 'NONE', #2428, 1000.000000000000114 ) ;
#2737 = CARTESIAN_POINT ( 'NONE',  ( 0.000000000000000000, -11.74024391174314985, 0.000000000000000000 ) ) ;
#2738 = EDGE_CURVE ( 'NONE', #2168, #562, #2968, .T. ) ;
#2739 = CARTESIAN_POINT ( 'NONE',  ( -2.992416143417359287, -19.74024391174314985, -14.47999171228702764 ) ) ;
#2740 = ORIENTED_EDGE ( 'NONE', *, *, #849, .T. ) ;
#2741 = AXIS2_PLACEMENT_3D ( 'NONE', #815, #3259, #1547 ) ;
#2742 = DIRECTION ( 'NONE',  ( -0.000000000000000000, -1.000000000000000000, -0.000000000000000000 ) ) ;
#2743 = CARTESIAN_POINT ( 'NONE',  ( 0.000000000000000000, -5.440243911743150917, 0.000000000000000000 ) ) ;
#2744 = CARTESIAN_POINT ( 'NONE',  ( -0.1742389348773010493, -20.04024391174315411, 0.1492632004245931510 ) ) ;
#2745 = VECTOR ( 'NONE', #4025, 1000.000000000000000 ) ;
#2746 = CARTESIAN_POINT ( 'NONE',  ( -11.84604844345274799, -11.74024391174314985, -14.85500370944918380 ) ) ;
#2747 = CARTESIAN_POINT ( 'NONE',  ( -1.775885477565043002, -15.48866551520132795, 15.13154670364684939 ) ) ;
#2748 = ORIENTED_EDGE ( 'NONE', *, *, #1580, .T. ) ;
#2749 = AXIS2_PLACEMENT_3D ( 'NONE', #1678, #3396, #3770 ) ;
#2750 = PLANE ( 'NONE',  #2581 ) ;
#2751 = CARTESIAN_POINT ( 'NONE',  ( 16.49011263901348912, -21.44024467468258877, 0.8719233200132475714 ) ) ;
#2752 = EDGE_CURVE ( 'NONE', #723, #3895, #3080, .T. ) ;
#2753 = ORIENTED_EDGE ( 'NONE', *, *, #792, .F. ) ;
#2754 = VERTEX_POINT ( 'NONE', #3446 ) ;
#2755 = EDGE_LOOP ( 'NONE', ( #4150, #4329, #4229, #629 ) ) ;
#2756 = DIRECTION ( 'NONE',  ( 0.000000000000000000, 0.000000000000000000, 1.000000000000000000 ) ) ;
#2757 = DIRECTION ( 'NONE',  ( 0.2624624360366730191, -0.8511485643991807404, -0.4545982742938088905 ) ) ;
#2758 = ORIENTED_EDGE ( 'NONE', *, *, #60, .T. ) ;
#2759 = CARTESIAN_POINT ( 'NONE',  ( 12.25829824062067352, -14.26704766245395994, -9.050969102641881037 ) ) ;
#2760 = AXIS2_PLACEMENT_3D ( 'NONE', #4089, #3066, #1976 ) ;
#2761 = DIRECTION ( 'NONE',  ( 0.000000000000000000, -1.000000000000000000, 0.000000000000000000 ) ) ;
#2762 = CYLINDRICAL_SURFACE ( 'NONE', #3484, 4.300000538983802301 ) ;
#2763 = AXIS2_PLACEMENT_3D ( 'NONE', #1718, #777, #1813 ) ;
#2764 = EDGE_CURVE ( 'NONE', #1780, #2234, #4148, .T. ) ;
#2765 = ORIENTED_EDGE ( 'NONE', *, *, #3202, .F. ) ;
#2766 = B_SPLINE_CURVE_WITH_KNOTS ( 'NONE', 3,
 ( #501, #4386, #1607, #1237, #1194, #1562 ),
 .UNSPECIFIED., .F., .F.,
 ( 4, 2, 4 ),
 ( 0.0005901897636636911724, 0.001235620415279261707, 0.001881051066894832459 ),
 .UNSPECIFIED. ) ;
#2767 = AXIS2_PLACEMENT_3D ( 'NONE', #3353, #4479, #4456 ) ;
#2768 = ADVANCED_FACE ( 'NONE', ( #1663 ), #1556, .F. ) ;
#2769 = CARTESIAN_POINT ( 'NONE',  ( -16.82990116462203645, -13.77253646916790153, -14.67382025397357737 ) ) ;
#2770 = VECTOR ( 'NONE', #2882, 1000.000000000000000 ) ;
#2771 = CARTESIAN_POINT ( 'NONE',  ( -6.941786363968607709, -5.440243911743150917, 17.68648074121581359 ) ) ;
#2772 = CARTESIAN_POINT ( 'NONE',  ( 13.38773329445172777, -20.04024391174315411, 3.992218804751105576 ) ) ;
#2773 = DIRECTION ( 'NONE',  ( -0.5249248720733418194, -0.8511485643991804073, 0.000000000000000000 ) ) ;
#2774 = CYLINDRICAL_SURFACE ( 'NONE', #836, 4.200000000000007283 ) ;
#2775 = AXIS2_PLACEMENT_3D ( 'NONE', #678, #3875, #2508 ) ;
#2776 = ORIENTED_EDGE ( 'NONE', *, *, #1188, .T. ) ;
#2777 = LINE ( 'NONE', #3145, #3095 ) ;
#2778 = DIRECTION ( 'NONE',  ( -0.2624624360366664133, 0.8511485643991806294, -0.4545982742938127763 ) ) ;
#2779 = ORIENTED_EDGE ( 'NONE', *, *, #581, .F. ) ;
#2780 = ORIENTED_EDGE ( 'NONE', *, *, #961, .F. ) ;
#2781 = VERTEX_POINT ( 'NONE', #2751 ) ;
#2782 = AXIS2_PLACEMENT_3D ( 'NONE', #403, #1766, #2084 ) ;
#2783 = ADVANCED_FACE ( 'NONE', ( #3801 ), #3761, .T. ) ;
#2784 = LINE ( 'NONE', #2805, #1448 ) ;
#2785 = DIRECTION ( 'NONE',  ( -0.9888334116298548304, 0.000000000000000000, 0.1490251121269899337 ) ) ;
#2786 = EDGE_CURVE ( 'NONE', #793, #3871, #4442, .T. ) ;
#2787 = ORIENTED_EDGE ( 'NONE', *, *, #2693, .F. ) ;
#2788 = EDGE_CURVE ( 'NONE', #39, #1501, #3058, .T. ) ;
#2789 = CARTESIAN_POINT ( 'NONE',  ( 3.601006245633951774, -11.74024391174314985, 14.91845283747028539 ) ) ;
#2790 = CARTESIAN_POINT ( 'NONE',  ( -18.94304306041792785, -17.81381379218742822, -11.82141361198211627 ) ) ;
#2791 = CYLINDRICAL_SURFACE ( 'NONE', #3954, 1.950000000000000400 ) ;
#2792 = ORIENTED_EDGE ( 'NONE', *, *, #3171, .F. ) ;
#2793 = DIRECTION ( 'NONE',  ( 0.000000000000000000, -0.000000000000000000, -1.000000000000000000 ) ) ;
#2794 = EDGE_CURVE ( 'NONE', #212, #3495, #3784, .T. ) ;
#2795 = DIRECTION ( 'NONE',  ( -0.000000000000000000, -1.000000000000000000, -0.000000000000000000 ) ) ;
#2796 = CARTESIAN_POINT ( 'NONE',  ( 0.000000000000000000, -14.54024391174315056, 0.000000000000000000 ) ) ;
#2797 = CARTESIAN_POINT ( 'NONE',  ( -16.10377560028089405, -9.240243911743149852, -12.90219695558078428 ) ) ;
#2798 = AXIS2_PLACEMENT_3D ( 'NONE', #3099, #2682, #2358 ) ;
#2799 = ORIENTED_EDGE ( 'NONE', *, *, #3444, .F. ) ;
#2800 = LINE ( 'NONE', #314, #1176 ) ;
#2801 = PLANE ( 'NONE',  #3856 ) ;
#2802 = VECTOR ( 'NONE', #2260, 1000.000000000000000 ) ;
#2803 = ORIENTED_EDGE ( 'NONE', *, *, #1199, .F. ) ;
#2804 = VERTEX_POINT ( 'NONE', #4103 ) ;
#2805 = CARTESIAN_POINT ( 'NONE',  ( 3.663164909914490952, -19.74024467468260369, 14.78771195728961452 ) ) ;
#2806 = EDGE_CURVE ( 'NONE', #1904, #938, #3780, .T. ) ;
#2807 = LINE ( 'NONE', #4586, #1809 ) ;
#2808 = ORIENTED_EDGE ( 'NONE', *, *, #3888, .F. ) ;
#2809 = CARTESIAN_POINT ( 'NONE',  ( 10.59435114265487066, -19.74024391174314985, 6.571359617794060526 ) ) ;
#2810 = CARTESIAN_POINT ( 'NONE',  ( -4.436438014142638053, -13.49816880434582167, 14.77939367132917425 ) ) ;
#2811 = CARTESIAN_POINT ( 'NONE',  ( 7.368756555013558085, -13.23485597249042911, 16.96913241080905976 ) ) ;
#2812 = ORIENTED_EDGE ( 'NONE', *, *, #3757, .F. ) ;
#2813 = CARTESIAN_POINT ( 'NONE',  ( 0.000000000000000000, -11.74024391174314985, 0.000000000000000000 ) ) ;
#2814 = DIRECTION ( 'NONE',  ( 0.000000000000000000, 0.000000000000000000, 1.000000000000000000 ) ) ;
#2815 = CARTESIAN_POINT ( 'NONE',  ( -7.368758282292265704, -13.23485597249042911, -15.01913001305625883 ) ) ;
#2816 = FACE_OUTER_BOUND ( 'NONE', #350, .T. ) ;
#2817 = CIRCLE ( 'NONE', #4010, 3.500003781483101761 ) ;
#2818 = ORIENTED_EDGE ( 'NONE', *, *, #430, .F. ) ;
#2819 = CARTESIAN_POINT ( 'NONE',  ( 5.239190399699317879, -19.74024391174314985, 21.70521830525994744 ) ) ;
#2820 = DIRECTION ( 'NONE',  ( 0.000000000000000000, -1.000000000000000000, -0.000000000000000000 ) ) ;
#2821 = VECTOR ( 'NONE', #924, 999.9999999999998863 ) ;
#2822 = ORIENTED_EDGE ( 'NONE', *, *, #874, .F. ) ;
#2823 = ORIENTED_EDGE ( 'NONE', *, *, #159, .T. ) ;
#2824 = ORIENTED_EDGE ( 'NONE', *, *, #515, .T. ) ;
#2825 = CIRCLE ( 'NONE', #3268, 3.500003781483101761 ) ;
#2826 = VERTEX_POINT ( 'NONE', #3037 ) ;
#2827 = EDGE_CURVE ( 'NONE', #793, #4095, #968, .T. ) ;
#2828 = EDGE_CURVE ( 'NONE', #1065, #1857, #952, .T. ) ;
#2829 = LINE ( 'NONE', #2104, #3896 ) ;
#2830 = CARTESIAN_POINT ( 'NONE',  ( 15.20893439831867333, -24.44024467468260298, -0.8851647059355786107 ) ) ;
#2831 = ORIENTED_EDGE ( 'NONE', *, *, #1931, .F. ) ;
#2832 = ADVANCED_FACE ( 'NONE', ( #3736 ), #2333, .T. ) ;
#2833 = LINE ( 'NONE', #2152, #172 ) ;
#2834 = CARTESIAN_POINT ( 'NONE',  ( -16.67641251653122225, -19.74024467468260369, 3.006551992505389848 ) ) ;
#2835 = CARTESIAN_POINT ( 'NONE',  ( -10.57640076835197540, -12.85333190322882579, -11.72627137967627142 ) ) ;
#2836 = VERTEX_POINT ( 'NONE', #2406 ) ;
#2837 = LINE ( 'NONE', #3862, #4032 ) ;
#2838 = ADVANCED_FACE ( 'NONE', ( #1969 ), #3017, .F. ) ;
#2839 = FACE_OUTER_BOUND ( 'NONE', #257, .T. ) ;
#2840 = CARTESIAN_POINT ( 'NONE',  ( 0.000000000000000000, -20.04024391174315411, 0.000000000000000000 ) ) ;
#2841 = CARTESIAN_POINT ( 'NONE',  ( 7.251671934585591117, -20.04024391174315411, 5.743544229343082286 ) ) ;
#2842 = ORIENTED_EDGE ( 'NONE', *, *, #136, .F. ) ;
#2843 = AXIS2_PLACEMENT_3D ( 'NONE', #1928, #1169, #3994 ) ;
#2844 = CARTESIAN_POINT ( 'NONE',  ( -2.172571781004471347, -11.70617198861650010, 22.22263587483500302 ) ) ;
#2845 = CARTESIAN_POINT ( 'NONE',  ( 13.92799030442555974, -11.74024391174314985, -11.45689513196595577 ) ) ;
#2846 = CARTESIAN_POINT ( 'NONE',  ( -16.67641251653122225, -24.44024467468260298, 1.506553575639421494 ) ) ;
#2847 = VERTEX_POINT ( 'NONE', #931 ) ;
#2848 = ORIENTED_EDGE ( 'NONE', *, *, #4563, .F. ) ;
#2849 = EDGE_LOOP ( 'NONE', ( #201, #4238 ) ) ;
#2850 = ADVANCED_FACE ( 'NONE', ( #4080 ), #146, .F. ) ;
#2851 = DIRECTION ( 'NONE',  ( -0.000000000000000000, -1.000000000000000000, -0.000000000000000000 ) ) ;
#2852 = DIRECTION ( 'NONE',  ( 0.2624624360366655806, -0.8511485643991806294, 0.4545982742938134424 ) ) ;
#2853 = AXIS2_PLACEMENT_3D ( 'NONE', #2018, #282, #4496 ) ;
#2854 = ORIENTED_EDGE ( 'NONE', *, *, #3861, .F. ) ;
#2855 = FACE_OUTER_BOUND ( 'NONE', #2335, .T. ) ;
#2856 = VECTOR ( 'NONE', #4423, 1000.000000000000000 ) ;
#2857 = CARTESIAN_POINT ( 'NONE',  ( 19.49212859946478105, -9.404669340300968017, -8.431649543379839074 ) ) ;
#2858 =( BOUNDED_CURVE ( )  B_SPLINE_CURVE ( 3, ( #2001, #2722, #4141, #2282 ),
 .UNSPECIFIED., .F., .F. ) 
 B_SPLINE_CURVE_WITH_KNOTS ( ( 4, 4 ),
 ( 2.909399975495873925, 3.899638791052686848 ),
 .UNSPECIFIED. ) 
 CURVE ( )  GEOMETRIC_REPRESENTATION_ITEM ( )  RATIONAL_B_SPLINE_CURVE ( ( 1.000000000000000000, 0.9199413207258635428, 0.9199413207258635428, 1.000000000000000000 ) ) 
 REPRESENTATION_ITEM ( '' )  );
#2859 = CARTESIAN_POINT ( 'NONE',  ( -0.2716376456724212685, -23.44024467468259942, -16.68167080711551975 ) ) ;
#2860 = ORIENTED_EDGE ( 'NONE', *, *, #312, .T. ) ;
#2861 = CARTESIAN_POINT ( 'NONE',  ( 0.000000000000000000, -19.74024467468260369, -22.32858287865848368 ) ) ;
#2862 = DIRECTION ( 'NONE',  ( -0.7861029915571017268, 0.4848096202463385573, 0.3834080317123993997 ) ) ;
#2863 = DIRECTION ( 'NONE',  ( 0.000000000000000000, -1.000000000000000000, 0.000000000000000000 ) ) ;
#2864 = VECTOR ( 'NONE', #3908, 999.9999999999998863 ) ;
#2865 = LINE ( 'NONE', #3608, #3341 ) ;
#2866 = ADVANCED_FACE ( 'NONE', ( #1409 ), #529, .F. ) ;
#2867 = ADVANCED_FACE ( 'NONE', ( #2074 ), #2801, .T. ) ;
#2868 = EDGE_LOOP ( 'NONE', ( #2425, #3149, #717, #2111, #1975, #4168 ) ) ;
#2869 = VERTEX_POINT ( 'NONE', #3146 ) ;
#2870 = B_SPLINE_CURVE_WITH_KNOTS ( 'NONE', 3,
 ( #3365, #1926, #3342, #1577, #3721, #1233, #2648, #4065, #544, #1948, #2558, #802, #4513, #3744, #254, #612, #3040, #3805, #1645, #4176, #2688, #213, #4427, #1973, #3830, #3060, #1254, #2058 ),
 .UNSPECIFIED., .F., .F.,
 ( 4, 2, 2, 2, 2, 2, 2, 2, 2, 2, 2, 2, 2, 4 ),
 ( 0.006890196073147234271, 0.007402207068666867389, 0.007914218064186500506, 0.008426229059706134492, 0.008938240055225768477, 0.009450251050745400727, 0.009962262046265034712, 0.01098628403730430095, 0.01201030602834356545, 0.01252231702386319770, 0.01303432801938282995, 0.01354633901490246393, 0.01405835001042209619, 0.01508237200146136762 ),
 .UNSPECIFIED. ) ;
#2871 = DIRECTION ( 'NONE',  ( 0.7250925912564739617, 0.4848096202463386684, 0.4890811448232012526 ) ) ;
#2872 = CYLINDRICAL_SURFACE ( 'NONE', #1851, 2.843502884254435870 ) ;
#2873 = ORIENTED_EDGE ( 'NONE', *, *, #3348, .F. ) ;
#2874 = ORIENTED_EDGE ( 'NONE', *, *, #549, .F. ) ;
#2875 = ORIENTED_EDGE ( 'NONE', *, *, #3991, .T. ) ;
#2876 = COLOUR_RGB ( '',0.7921568627450980005, 0.8196078431372548767, 0.9333333333333333481 ) ;
#2877 = DIRECTION ( 'NONE',  ( -0.000000000000000000, 1.000000000000000000, -0.000000000000000000 ) ) ;
#2878 = FACE_OUTER_BOUND ( 'NONE', #3621, .T. ) ;
#2879 = VERTEX_POINT ( 'NONE', #3515 ) ;
#2880 = CARTESIAN_POINT ( 'NONE',  ( -5.566096497573605362, -19.74024391174314985, 14.18145891947581028 ) ) ;
#2881 = DIRECTION ( 'NONE',  ( 0.2624624360366655806, -0.8511485643991806294, 0.4545982742938134424 ) ) ;
#2882 = DIRECTION ( 'NONE',  ( 0.000000000000000000, -1.000000000000000000, -0.000000000000000000 ) ) ;
#2883 = ORIENTED_EDGE ( 'NONE', *, *, #3083, .F. ) ;
#2884 = CARTESIAN_POINT ( 'NONE',  ( -7.368758282292265704, -24.44024467468260298, -14.01913001305624462 ) ) ;
#2885 = ADVANCED_FACE ( 'NONE', ( #4558 ), #1020, .T. ) ;
#2886 = DIRECTION ( 'NONE',  ( 0.2624624360366666354, -0.8511485643991804073, 0.4545982742938128873 ) ) ;
#2887 = DIRECTION ( 'NONE',  ( 0.000000000000000000, 0.000000000000000000, 1.000000000000000000 ) ) ;
#2888 = ORIENTED_EDGE ( 'NONE', *, *, #4383, .T. ) ;
#2889 = EDGE_CURVE ( 'NONE', #170, #1900, #1387, .T. ) ;
#2890 = CARTESIAN_POINT ( 'NONE',  ( 17.55844307787872438, -16.48740848991257835, -9.291826568372927753 ) ) ;
#2891 = CARTESIAN_POINT ( 'NONE',  ( -12.59951146119461995, -19.74024391174314985, -8.564316261571640609 ) ) ;
#2892 = ORIENTED_EDGE ( 'NONE', *, *, #2223, .T. ) ;
#2893 = ORIENTED_EDGE ( 'NONE', *, *, #622, .T. ) ;
#2894 = ORIENTED_EDGE ( 'NONE', *, *, #317, .T. ) ;
#2895 = CIRCLE ( 'NONE', #2603, 2.843502884254425211 ) ;
#2896 = EDGE_CURVE ( 'NONE', #4572, #4384, #4483, .T. ) ;
#2897 = DIRECTION ( 'NONE',  ( -0.9591647876192755939, 0.000000000000000000, -0.2828478569677878585 ) ) ;
#2898 = CARTESIAN_POINT ( 'NONE',  ( -3.835202844797296340, -12.67131801845517280, 21.99733218975532978 ) ) ;
#2899 = AXIS2_PLACEMENT_3D ( 'NONE', #756, #1429, #4214 ) ;
#2900 = CARTESIAN_POINT ( 'NONE',  ( 3.047248485467942272E-15, -12.01571392010914430, 22.32858287865848368 ) ) ;
#2901 = ORIENTED_EDGE ( 'NONE', *, *, #1534, .F. ) ;
#2902 = CARTESIAN_POINT ( 'NONE',  ( 0.6709652159840140406, -16.67164410878044833, 22.31901072134930786 ) ) ;
#2903 = LINE ( 'NONE', #3599, #4554 ) ;
#2904 = CARTESIAN_POINT ( 'NONE',  ( -1.341699368004060311, -12.97949331077753499, 19.18719056062560924 ) ) ;
#2905 = ORIENTED_EDGE ( 'NONE', *, *, #4133, .F. ) ;
#2906 = DIRECTION ( 'NONE',  ( -0.7861029915571017268, 0.4848096202463385573, 0.3834080317123993997 ) ) ;
#2907 = CARTESIAN_POINT ( 'NONE',  ( -18.15908131615623944, -11.70617198861649833, -12.99282029131266114 ) ) ;
#2908 = EDGE_CURVE ( 'NONE', #1219, #3549, #3935, .T. ) ;
#2909 = DIRECTION ( 'NONE',  ( 0.6892371440099110957, -0.000000000000000000, 0.7245358233497231071 ) ) ;
#2910 = LINE ( 'NONE', #4049, #303 ) ;
#2911 = VERTEX_POINT ( 'NONE', #2845 ) ;
#2912 = CARTESIAN_POINT ( 'NONE',  ( -3.404678558444019121, -20.04024391174315411, -15.12151661303875372 ) ) ;
#2913 = FACE_OUTER_BOUND ( 'NONE', #3071, .T. ) ;
#2914 = VERTEX_POINT ( 'NONE', #2521 ) ;
#2915 = AXIS2_PLACEMENT_3D ( 'NONE', #1257, #916, #1932 ) ;
#2916 = ORIENTED_EDGE ( 'NONE', *, *, #3248, .T. ) ;
#2917 = CIRCLE ( 'NONE', #923, 3.500012878918495218 ) ;
#2918 = ORIENTED_EDGE ( 'NONE', *, *, #3267, .F. ) ;
#2919 = AXIS2_PLACEMENT_3D ( 'NONE', #2305, #531, #1287 ) ;
#2920 = CARTESIAN_POINT ( 'NONE',  ( -1.236205740953764343, -17.93013977618484134, 22.29500176197523587 ) ) ;
#2921 = LINE ( 'NONE', #2600, #3435 ) ;
#2922 = EDGE_CURVE ( 'NONE', #4354, #4407, #1414, .T. ) ;
#2923 = ORIENTED_EDGE ( 'NONE', *, *, #2413, .T. ) ;
#2924 = B_SPLINE_CURVE_WITH_KNOTS ( 'NONE', 3,
 ( #3855, #2042, #3108, #4495, #2017, #3811, #633, #959, #329, #258, #3499, #2389, #700, #3877, #2759, #2735 ),
 .UNSPECIFIED., .F., .F.,
 ( 4, 2, 2, 2, 2, 2, 2, 4 ),
 ( 0.000000000000000000, 0.0006037505418092284620, 0.001207501083618456924, 0.001811251625427685386, 0.002415002167236913848, 0.003018752709046142527, 0.003622503250855370772, 0.004830004334473827696 ),
 .UNSPECIFIED. ) ;
#2925 = DIRECTION ( 'NONE',  ( -8.881784197001252323E-16, 0.000000000000000000, 1.000000000000000000 ) ) ;
#2926 = CARTESIAN_POINT ( 'NONE',  ( 15.61292267437596948, -9.240243911743158733, -10.82758719643183909 ) ) ;
#2927 = EDGE_CURVE ( 'NONE', #997, #3449, #75, .T. ) ;
#2928 = CARTESIAN_POINT ( 'NONE',  ( 7.368756555013558085, -19.74024467468260369, 16.96913241080905976 ) ) ;
#2929 = EDGE_CURVE ( 'NONE', #3323, #933, #1089, .T. ) ;
#2930 = ORIENTED_EDGE ( 'NONE', *, *, #368, .F. ) ;
#2931 = VECTOR ( 'NONE', #590, 1000.000000000000000 ) ;
#2932 = CARTESIAN_POINT ( 'NONE',  ( 0.000000000000000000, -14.54024391174315056, 0.000000000000000000 ) ) ;
#2933 = CARTESIAN_POINT ( 'NONE',  ( -19.08417585960357243, -11.78864351234282104, -11.59875220258089001 ) ) ;
#2934 = DIRECTION ( 'NONE',  ( 0.7250925912564739617, 0.4848096202463386684, 0.4890811448232012526 ) ) ;
#2935 = CYLINDRICAL_SURFACE ( 'NONE', #3791, 2.299999337383687337 ) ;
#2936 = ORIENTED_EDGE ( 'NONE', *, *, #4364, .T. ) ;
#2937 = DIRECTION ( 'NONE',  ( 0.000000000000000000, -1.000000000000000000, 0.000000000000000000 ) ) ;
#2938 = CARTESIAN_POINT ( 'NONE',  ( -7.368758282292265704, -13.23485597249042911, -16.96913001305625812 ) ) ;
#2939 = VERTEX_POINT ( 'NONE', #4218 ) ;
#2940 = DIRECTION ( 'NONE',  ( 0.06101040030062737651, 0.4848096202463385573, -0.8724891765355937689 ) ) ;
#2941 = ORIENTED_EDGE ( 'NONE', *, *, #4058, .F. ) ;
#2942 = DIRECTION ( 'NONE',  ( 0.000000000000000000, 1.000000000000000000, 0.000000000000000000 ) ) ;
#2943 = FACE_OUTER_BOUND ( 'NONE', #4343, .T. ) ;
#2944 = AXIS2_PLACEMENT_3D ( 'NONE', #57, #2934, #2886 ) ;
#2945 = ORIENTED_EDGE ( 'NONE', *, *, #390, .F. ) ;
#2946 = ADVANCED_FACE ( 'NONE', ( #670 ), #1775, .T. ) ;
#2947 = AXIS2_PLACEMENT_3D ( 'NONE', #2311, #563, #208 ) ;
#2948 = CARTESIAN_POINT ( 'NONE',  ( 18.65475513399170637, -14.75935723205322603, -12.27052629455915955 ) ) ;
#2949 = CARTESIAN_POINT ( 'NONE',  ( -1.341699368004058757, -12.97949331077753143, 19.18719056062560213 ) ) ;
#2950 = ORIENTED_EDGE ( 'NONE', *, *, #469, .F. ) ;
#2951 = DIRECTION ( 'NONE',  ( 0.1490251121269899615, -0.000000000000000000, 0.9888334116298549414 ) ) ;
#2952 = LINE ( 'NONE', #3650, #4200 ) ;
#2953 = DIRECTION ( 'NONE',  ( -0.7861029915571017268, 0.4848096202463385573, 0.3834080317123993997 ) ) ;
#2954 = CARTESIAN_POINT ( 'NONE',  ( 1.309883523748409720E-06, -19.74024391174314985, -3.161786843175905636E-07 ) ) ;
#2955 = ORIENTED_EDGE ( 'NONE', *, *, #1006, .F. ) ;
#2956 = ORIENTED_EDGE ( 'NONE', *, *, #774, .T. ) ;
#2957 = DIRECTION ( 'NONE',  ( 0.000000000000000000, 0.000000000000000000, -1.000000000000000000 ) ) ;
#2958 = CARTESIAN_POINT ( 'NONE',  ( -2.172571781004471347, -11.70617198861650010, 22.22263587483500302 ) ) ;
#2959 = DIRECTION ( 'NONE',  ( 0.000000000000000000, -1.000000000000000000, 0.000000000000000000 ) ) ;
#2960 = FACE_OUTER_BOUND ( 'NONE', #3643, .T. ) ;
#2961 = ORIENTED_EDGE ( 'NONE', *, *, #4499, .T. ) ;
#2962 = VERTEX_POINT ( 'NONE', #2119 ) ;
#2963 = CARTESIAN_POINT ( 'NONE',  ( -16.55653555043423353, -11.76065230526620020, -6.099276145187395137 ) ) ;
#2964 = VECTOR ( 'NONE', #2009, 1000.000000000000227 ) ;
#2965 = CARTESIAN_POINT ( 'NONE',  ( 19.22551812830358031, -9.240243911743149852, -8.301614933310037969 ) ) ;
#2966 = ADVANCED_FACE ( 'NONE', ( #1729 ), #2872, .F. ) ;
#2967 = DIRECTION ( 'NONE',  ( 0.000000000000000000, 1.000000000000000000, 0.000000000000000000 ) ) ;
#2968 = CIRCLE ( 'NONE', #2293, 22.32858287865848368 ) ;
#2969 = ORIENTED_EDGE ( 'NONE', *, *, #1561, .T. ) ;
#2970 = EDGE_CURVE ( 'NONE', #1551, #4243, #692, .T. ) ;
#2971 = VECTOR ( 'NONE', #1267, 1000.000000000000227 ) ;
#2972 = PLANE ( 'NONE',  #790 ) ;
#2973 = DIRECTION ( 'NONE',  ( 0.2624624360366729636, -0.8511485643991802963, -0.4545982742938097232 ) ) ;
#2974 = EDGE_CURVE ( 'NONE', #4243, #3700, #365, .T. ) ;
#2975 = ORIENTED_EDGE ( 'NONE', *, *, #1605, .T. ) ;
#2976 = CIRCLE ( 'NONE', #1569, 3.500012878918495218 ) ;
#2977 = CARTESIAN_POINT ( 'NONE',  ( 11.11925702206069744, -13.75544359479278356, -10.57778825285662450 ) ) ;
#2978 = CARTESIAN_POINT ( 'NONE',  ( -7.368758282292265704, -23.44024467468258521, -15.01913001305625883 ) ) ;
#2979 = CARTESIAN_POINT ( 'NONE',  ( 13.02011119244868986, -20.04024391174315411, 5.308073977314659686 ) ) ;
#2980 = ORIENTED_EDGE ( 'NONE', *, *, #4410, .F. ) ;
#2981 = EDGE_CURVE ( 'NONE', #2246, #3664, #4225, .T. ) ;
#2982 = ORIENTED_EDGE ( 'NONE', *, *, #115, .T. ) ;
#2983 = DIRECTION ( 'NONE',  ( -0.7861029915571017268, 0.4848096202463385573, 0.3834080317123993997 ) ) ;
#2984 = CARTESIAN_POINT ( 'NONE',  ( 19.05106846563615619, -14.06716509211449839, -9.291826568372927753 ) ) ;
#2985 = CARTESIAN_POINT ( 'NONE',  ( -6.876569529771007439, -23.94024467468259942, 13.59441038041811645 ) ) ;
#2986 = LINE ( 'NONE', #2617, #1338 ) ;
#2987 = ORIENTED_EDGE ( 'NONE', *, *, #4052, .F. ) ;
#2988 = LINE ( 'NONE', #2170, #3460 ) ;
#2989 = CIRCLE ( 'NONE', #4175, 22.32858287865848368 ) ;
#2990 = FACE_OUTER_BOUND ( 'NONE', #1457, .T. ) ;
#2991 = B_SPLINE_CURVE_WITH_KNOTS ( 'NONE', 3,
 ( #1760, #4584, #1415, #4245, #2436, #1782, #2505, #3593 ),
 .UNSPECIFIED., .F., .F.,
 ( 4, 2, 2, 4 ),
 ( 0.000000000000000000, 0.001419897010465080017, 0.002129845515697622194, 0.002839794020930165239 ),
 .UNSPECIFIED. ) ;
#2992 = AXIS2_PLACEMENT_3D ( 'NONE', #2280, #174, #3051 ) ;
#2993 = VERTEX_POINT ( 'NONE', #3125 ) ;
#2994 = AXIS2_PLACEMENT_3D ( 'NONE', #4449, #1276, #2690 ) ;
#2995 = EDGE_CURVE ( 'NONE', #273, #2404, #1632, .T. ) ;
#2996 = CARTESIAN_POINT ( 'NONE',  ( 19.17459236401653300, -17.10940454738789285, -11.44258594540003138 ) ) ;
#2997 = B_SPLINE_CURVE_WITH_KNOTS ( 'NONE', 3,
 ( #4353, #4099, #3733, #4395 ),
 .UNSPECIFIED., .F., .F.,
 ( 4, 4 ),
 ( 0.000000000000000000, 1.000000000000000000 ),
 .UNSPECIFIED. ) ;
#2998 = VECTOR ( 'NONE', #859, 1000.000000000000000 ) ;
#2999 = DIRECTION ( 'NONE',  ( 0.2624624360366729636, -0.8511485643991802963, -0.4545982742938097232 ) ) ;
#3000 = VECTOR ( 'NONE', #3642, 1000.000000000000000 ) ;
#3001 = ORIENTED_EDGE ( 'NONE', *, *, #3854, .T. ) ;
#3002 = DIRECTION ( 'NONE',  ( -0.000000000000000000, -1.000000000000000000, -0.000000000000000000 ) ) ;
#3003 = CARTESIAN_POINT ( 'NONE',  ( 17.24176408826053475, -11.74024391174314630, -3.731801670478103183 ) ) ;
#3004 = DIRECTION ( 'NONE',  ( 0.000000000000000000, 0.000000000000000000, -1.000000000000000000 ) ) ;
#3005 = ORIENTED_EDGE ( 'NONE', *, *, #1885, .T. ) ;
#3006 = AXIS2_PLACEMENT_3D ( 'NONE', #1319, #1345, #2756 ) ;
#3007 = ORIENTED_EDGE ( 'NONE', *, *, #83, .F. ) ;
#3008 = LINE ( 'NONE', #2023, #1291 ) ;
#3009 = DIRECTION ( 'NONE',  ( 0.000000000000000000, 0.000000000000000000, 1.000000000000000000 ) ) ;
#3010 = LINE ( 'NONE', #3331, #1001 ) ;
#3011 = VECTOR ( 'NONE', #1331, 1000.000000000000000 ) ;
#3012 = EDGE_CURVE ( 'NONE', #1857, #4523, #4542, .T. ) ;
#3013 = CARTESIAN_POINT ( 'NONE',  ( 13.99224658269134380, -15.48866551520132617, -6.027811414040301408 ) ) ;
#3014 = EDGE_CURVE ( 'NONE', #771, #938, #1781, .T. ) ;
#3015 = ORIENTED_EDGE ( 'NONE', *, *, #2383, .T. ) ;
#3016 = CARTESIAN_POINT ( 'NONE',  ( -18.31880478246680966, -11.64692169431641489, -13.14544748042277789 ) ) ;
#3017 = CYLINDRICAL_SURFACE ( 'NONE', #2142, 1.499999999999998224 ) ;
#3018 = CARTESIAN_POINT ( 'NONE',  ( -1.478576377048035795, -14.06716509211449839, 21.14462254466399926 ) ) ;
#3019 = ORIENTED_EDGE ( 'NONE', *, *, #362, .T. ) ;
#3020 = CARTESIAN_POINT ( 'NONE',  ( 19.09215358246500571, -12.35485672892367326, -11.58023813876109287 ) ) ;
#3021 = CARTESIAN_POINT ( 'NONE',  ( 0.000000000000000000, -5.440243911743150917, 0.000000000000000000 ) ) ;
#3022 = VERTEX_POINT ( 'NONE', #4054 ) ;
#3023 = VECTOR ( 'NONE', #3760, 1000.000000000000114 ) ;
#3024 = DIRECTION ( 'NONE',  ( 0.8622957397909686295, 0.000000000000000000, -0.5064050326945280789 ) ) ;
#3025 = CARTESIAN_POINT ( 'NONE',  ( -18.39860498966820046, -11.65015146537767166, -12.65314066935676784 ) ) ;
#3026 = DIRECTION ( 'NONE',  ( 0.000000000000000000, 1.000000000000000000, 0.000000000000000000 ) ) ;
#3027 = ORIENTED_EDGE ( 'NONE', *, *, #4171, .F. ) ;
#3028 = EDGE_LOOP ( 'NONE', ( #4172, #4275, #2459, #518 ) ) ;
#3029 = CARTESIAN_POINT ( 'NONE',  ( -6.548037819462874332, -18.24024391174314985, -14.82054562470692183 ) ) ;
#3030 = DIRECTION ( 'NONE',  ( 0.000000000000000000, 0.000000000000000000, 1.000000000000000000 ) ) ;
#3031 = DIRECTION ( 'NONE',  ( 0.000000000000000000, -1.000000000000000000, 0.000000000000000000 ) ) ;
#3032 = CARTESIAN_POINT ( 'NONE',  ( 15.06455193577825824, -14.54024391174315056, -2.270348492923643935 ) ) ;
#3033 = ADVANCED_FACE ( 'NONE', ( #3982 ), #1743, .F. ) ;
#3034 = EDGE_CURVE ( 'NONE', #3699, #4384, #2817, .T. ) ;
#3035 = ORIENTED_EDGE ( 'NONE', *, *, #3949, .T. ) ;
#3036 = CARTESIAN_POINT ( 'NONE',  ( 18.78783480742141165, -11.74024391174314985, -2.831477031766768793 ) ) ;
#3037 = CARTESIAN_POINT ( 'NONE',  ( -7.368758282292265704, -19.74024467468260369, -15.01913001305625883 ) ) ;
#3038 = ADVANCED_FACE ( 'NONE', ( #2638 ), #2261, .F. ) ;
#3039 = EDGE_LOOP ( 'NONE', ( #2714, #2303, #4562, #668 ) ) ;
#3040 = CARTESIAN_POINT ( 'NONE',  ( 21.13490815215405760, -15.30792069672618005, -7.202947392240873548 ) ) ;
#3041 = VECTOR ( 'NONE', #2453, 1000.000000000000000 ) ;
#3042 = CARTESIAN_POINT ( 'NONE',  ( -13.06374769279817727, -11.74024391174314985, -13.79632179790281121 ) ) ;
#3043 = EDGE_LOOP ( 'NONE', ( #3340, #2166, #141, #1390, #512, #609, #4455, #2606 ) ) ;
#3044 = CONICAL_SURFACE ( 'NONE', #1709, 1.950000000000000400, 0.7853981633974514986 ) ;
#3045 = CARTESIAN_POINT ( 'NONE',  ( 20.80116098981146067, -12.15895782011177317, -8.116484143092140613 ) ) ;
#3046 = DIRECTION ( 'NONE',  ( -0.000000000000000000, -1.000000000000000000, -0.000000000000000000 ) ) ;
#3047 = CARTESIAN_POINT ( 'NONE',  ( -4.847374690087496774, -18.24024391174314985, -7.984558662671595641 ) ) ;
#3048 = CIRCLE ( 'NONE', #3641, 1.950000000000000400 ) ;
#3049 = ORIENTED_EDGE ( 'NONE', *, *, #1620, .T. ) ;
#3050 = ORIENTED_EDGE ( 'NONE', *, *, #767, .T. ) ;
#3051 = DIRECTION ( 'NONE',  ( 0.000000000000000000, 0.000000000000000000, -1.000000000000000000 ) ) ;
#3052 = ADVANCED_FACE ( 'NONE', ( #2913, #3240 ), #879, .T. ) ;
#3053 = CARTESIAN_POINT ( 'NONE',  ( -8.251385152011561530, -24.44024467468260298, -12.80663285809967178 ) ) ;
#3054 = DIRECTION ( 'NONE',  ( 0.000000000000000000, -1.000000000000000000, -0.000000000000000000 ) ) ;
#3055 = CARTESIAN_POINT ( 'NONE',  ( 17.18140602111815340, -18.24024391174314985, 14.26060581207274147 ) ) ;
#3056 = ORIENTED_EDGE ( 'NONE', *, *, #1561, .F. ) ;
#3057 = FACE_OUTER_BOUND ( 'NONE', #3614, .T. ) ;
#3058 = LINE ( 'NONE', #4462, #2964 ) ;
#3059 = ORIENTED_EDGE ( 'NONE', *, *, #1866, .T. ) ;
#3060 = CARTESIAN_POINT ( 'NONE',  ( 20.96784991421192146, -12.67131801845524919, -7.677283002616910323 ) ) ;
#3061 = EDGE_CURVE ( 'NONE', #2993, #2490, #605, .T. ) ;
#3062 = AXIS2_PLACEMENT_3D ( 'NONE', #357, #3438, #265 ) ;
#3063 = LINE ( 'NONE', #913, #1217 ) ;
#3064 = EDGE_LOOP ( 'NONE', ( #3695, #4026, #969, #1091 ) ) ;
#3065 = CIRCLE ( 'NONE', #999, 1.500000000000009104 ) ;
#3066 = DIRECTION ( 'NONE',  ( 0.000000000000000000, -1.000000000000000000, 0.000000000000000000 ) ) ;
#3067 = DIRECTION ( 'NONE',  ( 0.000000000000000000, -0.7071067811865470176, -0.7071067811865480168 ) ) ;
#3068 = VECTOR ( 'NONE', #4246, 1000.000000000000000 ) ;
#3069 = DIRECTION ( 'NONE',  ( 0.000000000000000000, 1.000000000000000000, -0.000000000000000000 ) ) ;
#3070 = EDGE_CURVE ( 'NONE', #4118, #4243, #1416, .T. ) ;
#3071 = EDGE_LOOP ( 'NONE', ( #1322, #1918, #2432, #3059, #307, #4288, #4161, #155, #1117, #3560, #656, #2923, #2509, #1186, #291, #1311, #2776, #2279, #1576 ) ) ;
#3072 = FACE_OUTER_BOUND ( 'NONE', #2188, .T. ) ;
#3073 = DIRECTION ( 'NONE',  ( 0.000000000000000000, 1.000000000000000000, 0.000000000000000000 ) ) ;
#3074 = PLANE ( 'NONE',  #3212 ) ;
#3075 = DIRECTION ( 'NONE',  ( 0.2624624360366664133, -0.8511485643991806294, 0.4545982742938127763 ) ) ;
#3076 = VECTOR ( 'NONE', #1077, 1000.000000000000000 ) ;
#3077 = ORIENTED_EDGE ( 'NONE', *, *, #4333, .F. ) ;
#3078 = CARTESIAN_POINT ( 'NONE',  ( -0.2716376456724212685, -23.44024467468259942, -20.18167458859862151 ) ) ;
#3079 = AXIS2_PLACEMENT_3D ( 'NONE', #2080, #697, #424 ) ;
#3080 = LINE ( 'NONE', #209, #1333 ) ;
#3081 = ORIENTED_EDGE ( 'NONE', *, *, #4291, .F. ) ;
#3082 = ORIENTED_EDGE ( 'NONE', *, *, #3111, .F. ) ;
#3083 = EDGE_CURVE ( 'NONE', #993, #2438, #4162, .T. ) ;
#3084 = CARTESIAN_POINT ( 'NONE',  ( -17.42966195223688786, -12.15895782011183890, -13.95609177384072730 ) ) ;
#3085 = LINE ( 'NONE', #4470, #1584 ) ;
#3086 = ORIENTED_EDGE ( 'NONE', *, *, #2586, .T. ) ;
#3087 = FACE_OUTER_BOUND ( 'NONE', #2628, .T. ) ;
#3088 = FACE_OUTER_BOUND ( 'NONE', #4036, .T. ) ;
#3089 = DIRECTION ( 'NONE',  ( 0.000000000000000000, -1.000000000000000000, -0.000000000000000000 ) ) ;
#3090 = ORIENTED_EDGE ( 'NONE', *, *, #2629, .T. ) ;
#3091 = AXIS2_PLACEMENT_3D ( 'NONE', #2588, #4001, #3301 ) ;
#3092 = CARTESIAN_POINT ( 'NONE',  ( -17.33519296420986677, -16.99351747923316935, -14.07366886917916560 ) ) ;
#3093 = FACE_BOUND ( 'NONE', #650, .T. ) ;
#3094 = FACE_OUTER_BOUND ( 'NONE', #228, .T. ) ;
#3095 = VECTOR ( 'NONE', #994, 1000.000000000000000 ) ;
#3096 = FACE_OUTER_BOUND ( 'NONE', #2341, .T. ) ;
#3097 = CARTESIAN_POINT ( 'NONE',  ( 4.231664909829188304, -11.74024391174314985, 17.53118284874007315 ) ) ;
#3098 = EDGE_LOOP ( 'NONE', ( #465, #4362, #1133, #583, #3829, #1685, #2531 ) ) ;
#3099 = CARTESIAN_POINT ( 'NONE',  ( 16.49011263901348912, -19.74024467468260369, 2.371931004688453637 ) ) ;
#3100 = CARTESIAN_POINT ( 'NONE',  ( 0.000000000000000000, -18.24024391174314985, 0.000000000000000000 ) ) ;
#3101 = ORIENTED_EDGE ( 'NONE', *, *, #3715, .T. ) ;
#3102 = ORIENTED_EDGE ( 'NONE', *, *, #807, .F. ) ;
#3103 = EDGE_CURVE ( 'NONE', #1711, #166, #4351, .T. ) ;
#3104 = DIRECTION ( 'NONE',  ( 0.06101040030062736957, 0.4848096202463385018, -0.8724891765355936579 ) ) ;
#3105 = CYLINDRICAL_SURFACE ( 'NONE', #696, 18.99999997190468548 ) ;
#3106 = EDGE_CURVE ( 'NONE', #1065, #883, #3962, .T. ) ;
#3107 = ORIENTED_EDGE ( 'NONE', *, *, #2752, .T. ) ;
#3108 = CARTESIAN_POINT ( 'NONE',  ( 13.56039586164572341, -11.76065230526620198, -11.28874231274264517 ) ) ;
#3109 = AXIS2_PLACEMENT_3D ( 'NONE', #3192, #13, #4284 ) ;
#3110 = CYLINDRICAL_SURFACE ( 'NONE', #1741, 15.23467105286474599 ) ;
#3111 = EDGE_CURVE ( 'NONE', #1889, #2241, #2895, .T. ) ;
#3112 = CARTESIAN_POINT ( 'NONE',  ( -15.14601912960111285, -24.44024467468260298, -1.641129676397351966 ) ) ;
#3113 = ORIENTED_EDGE ( 'NONE', *, *, #4031, .F. ) ;
#3114 = AXIS2_PLACEMENT_3D ( 'NONE', #4190, #2376, #3777 ) ;
#3115 = CARTESIAN_POINT ( 'NONE',  ( -18.49913272470337589, -17.95219547923300851, -12.50509482707967202 ) ) ;
#3116 = LINE ( 'NONE', #987, #3787 ) ;
#3117 = CYLINDRICAL_SURFACE ( 'NONE', #3363, 1.999999835263590597 ) ;
#3118 = CIRCLE ( 'NONE', #2228, 1.999999835263590597 ) ;
#3119 = FACE_OUTER_BOUND ( 'NONE', #1947, .T. ) ;
#3120 = DIRECTION ( 'NONE',  ( 0.000000000000000000, 0.000000000000000000, -1.000000000000000000 ) ) ;
#3121 = EDGE_CURVE ( 'NONE', #251, #3945, #2190, .T. ) ;
#3122 = VERTEX_POINT ( 'NONE', #441 ) ;
#3123 = AXIS2_PLACEMENT_3D ( 'NONE', #1651, #3089, #2717 ) ;
#3124 = CARTESIAN_POINT ( 'NONE',  ( 13.38773329445172777, -19.74024391174314985, 3.992218804751106465 ) ) ;
#3125 = CARTESIAN_POINT ( 'NONE',  ( 17.60308374891222272, -11.74024391174314985, -3.921836625080145300 ) ) ;
#3126 = ORIENTED_EDGE ( 'NONE', *, *, #1070, .F. ) ;
#3127 = ADVANCED_FACE ( 'NONE', ( #108 ), #1521, .F. ) ;
#3128 = ORIENTED_EDGE ( 'NONE', *, *, #3893, .T. ) ;
#3129 = CARTESIAN_POINT ( 'NONE',  ( 16.49011263901348912, -19.74024467468260369, 2.371931004688453637 ) ) ;
#3130 = CARTESIAN_POINT ( 'NONE',  ( -7.368758282292265704, -23.44024467468258521, -15.01913001305625883 ) ) ;
#3131 = ORIENTED_EDGE ( 'NONE', *, *, #4226, .T. ) ;
#3132 = EDGE_CURVE ( 'NONE', #4325, #3257, #3421, .T. ) ;
#3133 = CARTESIAN_POINT ( 'NONE',  ( -1.002915074219616232, -14.69254481559800674, 19.29053340806692773 ) ) ;
#3134 = CIRCLE ( 'NONE', #2760, 3.500005319962242734 ) ;
#3135 = DIRECTION ( 'NONE',  ( 0.000000000000000000, 0.000000000000000000, -1.000000000000000000 ) ) ;
#3136 = CARTESIAN_POINT ( 'NONE',  ( -10.88000706659607353, -14.26791715516097625, -10.66821386967316165 ) ) ;
#3137 = CIRCLE ( 'NONE', #1139, 4.200000000000015277 ) ;
#3138 = ORIENTED_EDGE ( 'NONE', *, *, #2513, .T. ) ;
#3139 = VECTOR ( 'NONE', #1241, 1000.000000000000000 ) ;
#3140 = CARTESIAN_POINT ( 'NONE',  ( -17.13264706941451720, -12.67131801845533090, -14.32004918713863084 ) ) ;
#3141 = DIRECTION ( 'NONE',  ( 0.000000000000000000, 0.000000000000000000, -1.000000000000000000 ) ) ;
#3142 = LINE ( 'NONE', #1382, #3011 ) ;
#3143 = CARTESIAN_POINT ( 'NONE',  ( -3.506771410481431150, -14.54024391174315767, 14.82557777503545005 ) ) ;
#3144 = ORIENTED_EDGE ( 'NONE', *, *, #2551, .T. ) ;
#3145 = CARTESIAN_POINT ( 'NONE',  ( -2.017698159884617759, -20.04024391174315411, 1.133790046969303633 ) ) ;
#3146 = CARTESIAN_POINT ( 'NONE',  ( -6.479578495025640983, -18.24024391174314985, -6.806593418121340555 ) ) ;
#3147 = EDGE_LOOP ( 'NONE', ( #3170, #3653, #1652, #17 ) ) ;
#3148 = ORIENTED_EDGE ( 'NONE', *, *, #1534, .T. ) ;
#3149 = ORIENTED_EDGE ( 'NONE', *, *, #2005, .T. ) ;
#3150 = AXIS2_PLACEMENT_3D ( 'NONE', #1849, #3266, #3293 ) ;
#3151 = DIRECTION ( 'NONE',  ( 0.000000000000000000, -1.000000000000000000, -0.000000000000000000 ) ) ;
#3152 = DIRECTION ( 'NONE',  ( 0.8622957397909690735, 0.000000000000000000, -0.5064050326945273017 ) ) ;
#3153 = ORIENTED_EDGE ( 'NONE', *, *, #4310, .T. ) ;
#3154 = AXIS2_PLACEMENT_3D ( 'NONE', #1173, #3726, #3679 ) ;
#3155 = LINE ( 'NONE', #2367, #2021 ) ;
#3156 = DIRECTION ( 'NONE',  ( -0.000000000000000000, 1.000000000000000000, -0.000000000000000000 ) ) ;
#3157 = CARTESIAN_POINT ( 'NONE',  ( 0.000000000000000000, -19.74024391174314985, 0.000000000000000000 ) ) ;
#3158 = ORIENTED_EDGE ( 'NONE', *, *, #2981, .F. ) ;
#3159 = CARTESIAN_POINT ( 'NONE',  ( -18.68993503281244273, -17.93013977618484134, -12.21808645695781870 ) ) ;
#3160 = CARTESIAN_POINT ( 'NONE',  ( 16.17767524719240058, -9.240243911743149852, -15.38988113403320312 ) ) ;
#3161 = DIRECTION ( 'NONE',  ( 0.000000000000000000, 0.000000000000000000, -1.000000000000000000 ) ) ;
#3162 = DIRECTION ( 'NONE',  ( 0.000000000000000000, -1.000000000000000000, 0.000000000000000000 ) ) ;
#3163 = VECTOR ( 'NONE', #2707, 999.9999999999998863 ) ;
#3164 = ADVANCED_FACE ( 'NONE', ( #1657 ), #3717, .T. ) ;
#3165 = ADVANCED_FACE ( 'NONE', ( #2351 ), #1939, .F. ) ;
#3166 = ORIENTED_EDGE ( 'NONE', *, *, #581, .T. ) ;
#3167 = DIRECTION ( 'NONE',  ( -0.7861029915571017268, 0.4848096202463385573, 0.3834080317123993997 ) ) ;
#3168 = CARTESIAN_POINT ( 'NONE',  ( -0.2942664969205975867, -16.99064593947580804, 18.06311806747364912 ) ) ;
#3169 = CIRCLE ( 'NONE', #211, 22.32858287865848368 ) ;
#3170 = ORIENTED_EDGE ( 'NONE', *, *, #4019, .T. ) ;
#3171 = EDGE_CURVE ( 'NONE', #4059, #602, #3354, .T. ) ;
#3172 = ORIENTED_EDGE ( 'NONE', *, *, #1167, .T. ) ;
#3173 = EDGE_CURVE ( 'NONE', #3945, #3022, #747, .T. ) ;
#3174 = ORIENTED_EDGE ( 'NONE', *, *, #2896, .F. ) ;
#3175 = ORIENTED_EDGE ( 'NONE', *, *, #4093, .T. ) ;
#3176 = CARTESIAN_POINT ( 'NONE',  ( 2.863514963322019824, -18.24024391174314985, -2.453053229422880843 ) ) ;
#3177 = EDGE_CURVE ( 'NONE', #382, #2365, #2003, .T. ) ;
#3178 = DIRECTION ( 'NONE',  ( 0.5064050326945274128, 0.000000000000000000, 0.8622957397909691846 ) ) ;
#3179 = EDGE_CURVE ( 'NONE', #816, #382, #599, .T. ) ;
#3180 = ORIENTED_EDGE ( 'NONE', *, *, #3248, .F. ) ;
#3181 = DIRECTION ( 'NONE',  ( 0.000000000000000000, 0.000000000000000000, -1.000000000000000000 ) ) ;
#3182 = LINE ( 'NONE', #2834, #1893 ) ;
#3183 = CARTESIAN_POINT ( 'NONE',  ( 2.342402697595189043, -13.48963080184645591, 15.25551463448748812 ) ) ;
#3184 = VERTEX_POINT ( 'NONE', #1635 ) ;
#3185 = CYLINDRICAL_SURFACE ( 'NONE', #3062, 1.500007684675205955 ) ;
#3186 = CARTESIAN_POINT ( 'NONE',  ( 0.000000000000000000, -11.74024391174314985, 0.000000000000000000 ) ) ;
#3187 = DIRECTION ( 'NONE',  ( 0.000000000000000000, 1.000000000000000000, -0.000000000000000000 ) ) ;
#3188 = CARTESIAN_POINT ( 'NONE',  ( -8.845427439935130920, -19.74024467468260369, -18.73249190184475310 ) ) ;
#3189 = EDGE_LOOP ( 'NONE', ( #840, #2496, #1340, #1232, #1192 ) ) ;
#3190 = EDGE_CURVE ( 'NONE', #2560, #1502, #3554, .T. ) ;
#3191 = CARTESIAN_POINT ( 'NONE',  ( -7.916284924056191663, -19.74024391174314985, -9.363363012190486501 ) ) ;
#3192 = CARTESIAN_POINT ( 'NONE',  ( 7.368756555013558085, -23.44024467468260653, 16.96913241080905976 ) ) ;
#3193 = FACE_OUTER_BOUND ( 'NONE', #4012, .T. ) ;
#3194 = VERTEX_POINT ( 'NONE', #3053 ) ;
#3195 = ORIENTED_EDGE ( 'NONE', *, *, #2356, .T. ) ;
#3196 = CIRCLE ( 'NONE', #1203, 1.500003942275042412 ) ;
#3197 = ORIENTED_EDGE ( 'NONE', *, *, #1282, .F. ) ;
#3198 = DIRECTION ( 'NONE',  ( 0.000000000000000000, 1.000000000000000000, 0.000000000000000000 ) ) ;
#3199 = CARTESIAN_POINT ( 'NONE',  ( 16.50005682864674128, -14.25621615737630421, -8.431649543379840850 ) ) ;
#3200 = VERTEX_POINT ( 'NONE', #2373 ) ;
#3201 = DIRECTION ( 'NONE',  ( 0.000000000000000000, 0.000000000000000000, 1.000000000000000000 ) ) ;
#3202 = EDGE_CURVE ( 'NONE', #2045, #1365, #4097, .T. ) ;
#3203 = DIRECTION ( 'NONE',  ( 0.000000000000000000, -1.000000000000000000, -0.000000000000000000 ) ) ;
#3204 = EDGE_CURVE ( 'NONE', #672, #2156, #2858, .T. ) ;
#3205 = CARTESIAN_POINT ( 'NONE',  ( -0.7322636831693137838, -16.48740848991258190, 19.85197104053246875 ) ) ;
#3206 = ORIENTED_EDGE ( 'NONE', *, *, #3202, .T. ) ;
#3207 = CARTESIAN_POINT ( 'NONE',  ( 13.24157808946692683, -15.41881397645487439, -7.533645318804462754 ) ) ;
#3208 = DIRECTION ( 'NONE',  ( 0.000000000000000000, -1.000000000000000000, 0.000000000000000000 ) ) ;
#3209 = CARTESIAN_POINT ( 'NONE',  ( -4.190460836570051306, -9.240243911743151628, 18.53213524960225911 ) ) ;
#3210 = CARTESIAN_POINT ( 'NONE',  ( -2.384081105899292563, -11.74453405999762445, 22.20195789616163751 ) ) ;
#3211 = VECTOR ( 'NONE', #2585, 1000.000000000000114 ) ;
#3212 = AXIS2_PLACEMENT_3D ( 'NONE', #947, #2723, #267 ) ;
#3213 = VERTEX_POINT ( 'NONE', #176 ) ;
#3214 = CIRCLE ( 'NONE', #2397, 22.32858287865848368 ) ;
#3215 = CARTESIAN_POINT ( 'NONE',  ( 0.000000000000000000, -19.74024467468260369, 0.000000000000000000 ) ) ;
#3216 = CARTESIAN_POINT ( 'NONE',  ( -0.0001251567043014220257, -19.74024391174314985, -0.0001315664957799556165 ) ) ;
#3217 = ORIENTED_EDGE ( 'NONE', *, *, #1690, .F. ) ;
#3218 = CIRCLE ( 'NONE', #2402, 1.500004533606814183 ) ;
#3219 = ORIENTED_EDGE ( 'NONE', *, *, #1800, .T. ) ;
#3220 = EDGE_LOOP ( 'NONE', ( #2780, #1558, #4196, #705 ) ) ;
#3221 = CARTESIAN_POINT ( 'NONE',  ( 19.97117214917221872, -11.65155390043325667, -9.988096784554082674 ) ) ;
#3222 = CARTESIAN_POINT ( 'NONE',  ( -3.404678558444019565, -23.94024467468259942, -15.12151661303875372 ) ) ;
#3223 = CIRCLE ( 'NONE', #2708, 1.499999999999986677 ) ;
#3224 = ORIENTED_EDGE ( 'NONE', *, *, #3719, .F. ) ;
#3225 = EDGE_CURVE ( 'NONE', #44, #4179, #3333, .T. ) ;
#3226 = DIRECTION ( 'NONE',  ( -0.000000000000000000, -1.000000000000000000, -0.000000000000000000 ) ) ;
#3227 = AXIS2_PLACEMENT_3D ( 'NONE', #1599, #1356, #3465 ) ;
#3228 = CARTESIAN_POINT ( 'NONE',  ( -11.24418887456945093, -14.54024391174315056, -14.10026866900223474 ) ) ;
#3229 = PRODUCT ( '\X2\8f688ff97403652f67b6ff0894a273e0ff09\X0\', '\X2\8f688ff97403652f67b6ff0894a273e0ff09\X0\', '', ( #4191 ) ) ;
#3230 = CARTESIAN_POINT ( 'NONE',  ( 3.663164909914490952, -24.44024467468260298, 14.78771195728961452 ) ) ;
#3231 = ADVANCED_FACE ( 'NONE', ( #4457 ), #3044, .F. ) ;
#3232 = ORIENTED_EDGE ( 'NONE', *, *, #2118, .F. ) ;
#3233 = DIRECTION ( 'NONE',  ( 0.000000000000000000, -1.000000000000000000, -0.000000000000000000 ) ) ;
#3234 = LINE ( 'NONE', #2493, #2247 ) ;
#3235 = DIRECTION ( 'NONE',  ( 0.000000000000000000, 0.000000000000000000, 1.000000000000000000 ) ) ;
#3236 = DIRECTION ( 'NONE',  ( 0.000000000000000000, 0.000000000000000000, -1.000000000000000000 ) ) ;
#3237 = ADVANCED_FACE ( 'NONE', ( #620, #3093 ), #1681, .T. ) ;
#3238 = ORIENTED_EDGE ( 'NONE', *, *, #368, .T. ) ;
#3239 = LINE ( 'NONE', #3583, #775 ) ;
#3240 = FACE_BOUND ( 'NONE', #1022, .T. ) ;
#3241 = EDGE_LOOP ( 'NONE', ( #974, #42 ) ) ;
#3242 = ORIENTED_EDGE ( 'NONE', *, *, #3132, .F. ) ;
#3243 = AXIS2_PLACEMENT_3D ( 'NONE', #1541, #2953, #3651 ) ;
#3244 = DIRECTION ( 'NONE',  ( 0.000000000000000000, 0.000000000000000000, -1.000000000000000000 ) ) ;
#3245 = CARTESIAN_POINT ( 'NONE',  ( -4.353767340570363409, -14.10877140312452482, 21.90002931507294548 ) ) ;
#3246 = CARTESIAN_POINT ( 'NONE',  ( 0.000000000000000000, 0.000000000000000000, 0.000000000000000000 ) ) ;
#3247 = ORIENTED_EDGE ( 'NONE', *, *, #1873, .F. ) ;
#3248 = EDGE_CURVE ( 'NONE', #3871, #3194, #1196, .T. ) ;
#3249 = LINE ( 'NONE', #1488, #2371 ) ;
#3250 = DIRECTION ( 'NONE',  ( 0.2624624360366730191, -0.8511485643991801853, -0.4545982742938097787 ) ) ;
#3251 = DIRECTION ( 'NONE',  ( -0.8660254037844363761, 0.000000000000000000, -0.5000000000000039968 ) ) ;
#3252 = B_SPLINE_CURVE_WITH_KNOTS ( 'NONE', 3,
 ( #4260, #2497, #3913, #2139, #646, #2052 ),
 .UNSPECIFIED., .F., .F.,
 ( 4, 2, 4 ),
 ( 0.005872005783824582083, 0.006381100928485932897, 0.006890196073147284578 ),
 .UNSPECIFIED. ) ;
#3253 = ORIENTED_EDGE ( 'NONE', *, *, #3190, .T. ) ;
#3254 = CARTESIAN_POINT ( 'NONE',  ( -16.67641251653122225, -21.44024467468260298, 1.506553575639421494 ) ) ;
#3255 = DIRECTION ( 'NONE',  ( 0.000000000000000000, 0.000000000000000000, -1.000000000000000000 ) ) ;
#3256 = DIRECTION ( 'NONE',  ( 0.000000000000000000, 1.000000000000000000, -0.000000000000000000 ) ) ;
#3257 = VERTEX_POINT ( 'NONE', #3400 ) ;
#3258 = CARTESIAN_POINT ( 'NONE',  ( -15.94574476875268054, -12.97949331077753499, -10.75554101724591938 ) ) ;
#3259 = DIRECTION ( 'NONE',  ( 0.000000000000000000, -1.000000000000000000, -0.000000000000000000 ) ) ;
#3260 = ORIENTED_EDGE ( 'NONE', *, *, #1759, .T. ) ;
#3261 = AXIS2_PLACEMENT_3D ( 'NONE', #586, #3426, #564 ) ;
#3262 = ADVANCED_FACE ( 'NONE', ( #4075 ), #900, .F. ) ;
#3263 = ORIENTED_EDGE ( 'NONE', *, *, #2238, .T. ) ;
#3264 = VECTOR ( 'NONE', #2306, 1000.000000000000000 ) ;
#3265 = EDGE_CURVE ( 'NONE', #505, #1957, #1354, .T. ) ;
#3266 = DIRECTION ( 'NONE',  ( 0.06101040030062737651, 0.4848096202463385573, -0.8724891765355937689 ) ) ;
#3267 = EDGE_CURVE ( 'NONE', #2481, #1847, #3116, .T. ) ;
#3268 = AXIS2_PLACEMENT_3D ( 'NONE', #2566, #144, #4348 ) ;
#3269 = CYLINDRICAL_SURFACE ( 'NONE', #187, 2.012881362182802114 ) ;
#3270 = VERTEX_POINT ( 'NONE', #3818 ) ;
#3271 = CARTESIAN_POINT ( 'NONE',  ( 1.299784335451251716, -14.57943989885736791, 22.29072471744576589 ) ) ;
#3272 = CARTESIAN_POINT ( 'NONE',  ( 19.70916602682855157, -17.81381379218744243, -10.49444970931357268 ) ) ;
#3273 = CARTESIAN_POINT ( 'NONE',  ( -16.67641251653122225, -19.74024467468260369, 0.006555158773453037893 ) ) ;
#3274 = EDGE_CURVE ( 'NONE', #2869, #1527, #3462, .T. ) ;
#3275 = EDGE_LOOP ( 'NONE', ( #3631, #2740, #3253, #818 ) ) ;
#3276 = LINE ( 'NONE', #4299, #3211 ) ;
#3277 = CARTESIAN_POINT ( 'NONE',  ( -14.61261171380932566, -11.74024391174314985, -4.308919983314798863 ) ) ;
#3278 = DIRECTION ( 'NONE',  ( -0.7861029915571017268, 0.4848096202463385573, 0.3834080317123993997 ) ) ;
#3279 = DIRECTION ( 'NONE',  ( -0.000000000000000000, -1.000000000000000000, -0.000000000000000000 ) ) ;
#3280 = EDGE_LOOP ( 'NONE', ( #1131, #3101, #363, #10, #1691, #1461 ) ) ;
#3281 = DIRECTION ( 'NONE',  ( 0.000000000000000000, 1.000000000000000000, -0.000000000000000000 ) ) ;
#3282 = DIRECTION ( 'NONE',  ( 0.2624624360366729636, -0.8511485643991801853, -0.4545982742938096677 ) ) ;
#3283 = ORIENTED_EDGE ( 'NONE', *, *, #1925, .F. ) ;
#3284 = AXIS2_PLACEMENT_3D ( 'NONE', #4545, #3788, #1675 ) ;
#3285 = DIRECTION ( 'NONE',  ( -0.000000000000000000, -1.000000000000000000, 0.000000000000000000 ) ) ;
#3286 = VECTOR ( 'NONE', #731, 999.9999999999998863 ) ;
#3287 = ORIENTED_EDGE ( 'NONE', *, *, #2281, .T. ) ;
#3288 = EDGE_CURVE ( 'NONE', #2434, #3298, #4445, .T. ) ;
#3289 = CARTESIAN_POINT ( 'NONE',  ( -5.136157548163030429E-05, -11.74024391174314985, 0.0001741721332689459263 ) ) ;
#3290 = VECTOR ( 'NONE', #148, 1000.000000000000000 ) ;
#3291 = AXIS2_PLACEMENT_3D ( 'NONE', #641, #988, #1723 ) ;
#3292 = VECTOR ( 'NONE', #1575, 1000.000000000000000 ) ;
#3293 = DIRECTION ( 'NONE',  ( 0.2624624360366730191, -0.8511485643991801853, -0.4545982742938099452 ) ) ;
#3294 =( NAMED_UNIT ( * ) PLANE_ANGLE_UNIT ( ) SI_UNIT ( $, .RADIAN. ) );
#3295 = ORIENTED_EDGE ( 'NONE', *, *, #971, .T. ) ;
#3296 = CARTESIAN_POINT ( 'NONE',  ( 18.84201483330430449, -13.07870169447823550, -11.98112543903864236 ) ) ;
#3297 = CARTESIAN_POINT ( 'NONE',  ( -16.67641251653122225, -19.74024467468260369, 1.506553575639421494 ) ) ;
#3298 = VERTEX_POINT ( 'NONE', #882 ) ;
#3299 = CIRCLE ( 'NONE', #419, 2.799999999999999378 ) ;
#3300 = DIRECTION ( 'NONE',  ( 0.000000000000000000, 0.000000000000000000, 1.000000000000000000 ) ) ;
#3301 = DIRECTION ( 'NONE',  ( 0.2624624360366729636, -0.8511485643991806294, -0.4545982742938091126 ) ) ;
#3302 = DIRECTION ( 'NONE',  ( 0.000000000000000000, -1.000000000000000000, -0.000000000000000000 ) ) ;
#3303 = ORIENTED_EDGE ( 'NONE', *, *, #2927, .F. ) ;
#3304 = ORIENTED_EDGE ( 'NONE', *, *, #849, .F. ) ;
#3305 = LINE ( 'NONE', #834, #2802 ) ;
#3306 = CARTESIAN_POINT ( 'NONE',  ( -11.21490221596232395, -19.74024391174314985, -9.332922623038605536 ) ) ;
#3307 = CARTESIAN_POINT ( 'NONE',  ( -17.65681420371371502, -11.26713825984495010, -7.017340520675017679 ) ) ;
#3308 = CARTESIAN_POINT ( 'NONE',  ( 13.38773329445172777, -19.74024391174314985, 3.992218804751105576 ) ) ;
#3309 = ADVANCED_FACE ( 'NONE', ( #2960 ), #4011, .F. ) ;
#3310 = EDGE_CURVE ( 'NONE', #1402, #4368, #132, .T. ) ;
#3311 = VERTEX_POINT ( 'NONE', #3308 ) ;
#3312 = LINE ( 'NONE', #135, #1314 ) ;
#3313 = EDGE_CURVE ( 'NONE', #3449, #3194, #2986, .T. ) ;
#3314 = CARTESIAN_POINT ( 'NONE',  ( -4.002655723605362148, -16.28539521343542873, 21.96725648943096232 ) ) ;
#3315 = DIRECTION ( 'NONE',  ( 0.000000000000000000, 1.000000000000000000, -0.000000000000000000 ) ) ;
#3316 = AXIS2_PLACEMENT_3D ( 'NONE', #1125, #2909, #809 ) ;
#3317 = VERTEX_POINT ( 'NONE', #206 ) ;
#3318 = EDGE_CURVE ( 'NONE', #2525, #3311, #2997, .T. ) ;
#3319 = AXIS2_PLACEMENT_3D ( 'NONE', #1431, #3167, #1774 ) ;
#3320 = CARTESIAN_POINT ( 'NONE',  ( 19.20235060659299009, -12.15895782011171988, -11.39453134405268564 ) ) ;
#3321 = ADVANCED_FACE ( 'NONE', ( #2680 ), #4376, .T. ) ;
#3322 = CARTESIAN_POINT ( 'NONE',  ( 0.09056161782030190677, -12.05981146934439074, 22.32858287865848368 ) ) ;
#3323 = VERTEX_POINT ( 'NONE', #110 ) ;
#3324 = CARTESIAN_POINT ( 'NONE',  ( 0.000000000000000000, -11.74024391174314985, 0.000000000000000000 ) ) ;
#3325 = CARTESIAN_POINT ( 'NONE',  ( -10.34916939771882483, -19.74024467468260369, 13.15727493585568197 ) ) ;
#3326 = CARTESIAN_POINT ( 'NONE',  ( -7.368758282292265704, -19.74024467468260369, -16.96913001305625812 ) ) ;
#3327 = ORIENTED_EDGE ( 'NONE', *, *, #1666, .T. ) ;
#3328 = VERTEX_POINT ( 'NONE', #2284 ) ;
#3329 = CARTESIAN_POINT ( 'NONE',  ( 0.000000000000000000, -19.74024467468260369, 0.000000000000000000 ) ) ;
#3330 = CARTESIAN_POINT ( 'NONE',  ( 0.000000000000000000, -11.74024391174314985, 0.000000000000000000 ) ) ;
#3331 = CARTESIAN_POINT ( 'NONE',  ( -7.368758282292265704, -23.44024467468258521, -18.91913001305626096 ) ) ;
#3332 = DIRECTION ( 'NONE',  ( 0.000000000000000000, -1.000000000000000000, -0.000000000000000000 ) ) ;
#3333 =( BOUNDED_CURVE ( )  B_SPLINE_CURVE ( 3, ( #204, #2026, #1242, #266 ),
 .UNSPECIFIED., .F., .F. ) 
 B_SPLINE_CURVE_WITH_KNOTS ( ( 4, 4 ),
 ( 1.633445650834524310, 1.750303147594119979 ),
 .UNSPECIFIED. ) 
 CURVE ( )  GEOMETRIC_REPRESENTATION_ITEM ( )  RATIONAL_B_SPLINE_CURVE ( ( 1.000000000000000000, 0.9988623508296525788, 0.9988623508296525788, 1.000000000000000000 ) ) 
 REPRESENTATION_ITEM ( '' )  );
#3334 = ADVANCED_FACE ( 'NONE', ( #4439 ), #4374, .F. ) ;
#3335 = ORIENTED_EDGE ( 'NONE', *, *, #1056, .T. ) ;
#3336 = DIRECTION ( 'NONE',  ( 0.000000000000000000, -1.000000000000000000, 0.000000000000000000 ) ) ;
#3337 = AXIS2_PLACEMENT_3D ( 'NONE', #250, #3826, #2729 ) ;
#3338 = CARTESIAN_POINT ( 'NONE',  ( -2.577889870883704582, -17.72106473633385093, 22.17985600283114778 ) ) ;
#3339 = DIRECTION ( 'NONE',  ( -0.3653571729111338984, 0.000000000000000000, 0.9308674106457824893 ) ) ;
#3340 = ORIENTED_EDGE ( 'NONE', *, *, #3804, .T. ) ;
#3341 = VECTOR ( 'NONE', #4280, 1000.000000000000000 ) ;
#3342 = CARTESIAN_POINT ( 'NONE',  ( 19.92614077376620685, -17.93013977618484489, -10.07691530501759125 ) ) ;
#3343 = DIRECTION ( 'NONE',  ( 0.000000000000000000, 0.000000000000000000, -1.000000000000000000 ) ) ;
#3344 = ORIENTED_EDGE ( 'NONE', *, *, #3990, .F. ) ;
#3345 = CIRCLE ( 'NONE', #2749, 15.23467105286474599 ) ;
#3346 = CARTESIAN_POINT ( 'NONE',  ( -10.34916939771882483, -19.74024467468260369, 13.15727493585568197 ) ) ;
#3347 = EDGE_CURVE ( 'NONE', #1235, #4247, #3710, .T. ) ;
#3348 = EDGE_CURVE ( 'NONE', #1114, #2503, #2375, .T. ) ;
#3349 = FACE_OUTER_BOUND ( 'NONE', #3220, .T. ) ;
#3350 = CARTESIAN_POINT ( 'NONE',  ( -0.2716376456724212685, -21.44024467468260298, -16.68167080711551975 ) ) ;
#3351 = ORIENTED_EDGE ( 'NONE', *, *, #3111, .T. ) ;
#3352 = ORIENTED_EDGE ( 'NONE', *, *, #4468, .F. ) ;
#3353 = CARTESIAN_POINT ( 'NONE',  ( 0.0001765182797830509409, -11.74024391174314985, -4.260563748898997104E-05 ) ) ;
#3354 = LINE ( 'NONE', #1591, #3 ) ;
#3355 = CARTESIAN_POINT ( 'NONE',  ( 11.11925601959227983, -19.74024391174314985, -10.57778930664061967 ) ) ;
#3356 = CARTESIAN_POINT ( 'NONE',  ( 13.73666793631751126, -15.56687258421181319, -6.589620446742413762 ) ) ;
#3357 = ORIENTED_EDGE ( 'NONE', *, *, #1247, .F. ) ;
#3358 = DIRECTION ( 'NONE',  ( 0.000000000000000000, 0.000000000000000000, -1.000000000000000000 ) ) ;
#3359 = CARTESIAN_POINT ( 'NONE',  ( 0.4444296678849429805, -16.95886732614629722, 22.32428723996212838 ) ) ;
#3360 = DIRECTION ( 'NONE',  ( -0.6892457158683696905, 0.000000000000000000, -0.7245276690072633974 ) ) ;
#3361 = CONICAL_SURFACE ( 'NONE', #1360, 2.843502884254425211, 0.7853981633974438381 ) ;
#3362 = VERTEX_POINT ( 'NONE', #2214 ) ;
#3363 = AXIS2_PLACEMENT_3D ( 'NONE', #3819, #2795, #4527 ) ;
#3364 = CIRCLE ( 'NONE', #484, 22.32858278553181819 ) ;
#3365 = CARTESIAN_POINT ( 'NONE',  ( 19.77334198496583539, -17.85339273060598941, -10.37210490280098085 ) ) ;
#3366 = DIRECTION ( 'NONE',  ( 8.659560562354932858E-17, -0.7071067811865474617, 0.7071067811865474617 ) ) ;
#3367 = AXIS2_PLACEMENT_3D ( 'NONE', #1923, #4358, #1185 ) ;
#3368 = ORIENTED_EDGE ( 'NONE', *, *, #3288, .T. ) ;
#3369 = CARTESIAN_POINT ( 'NONE',  ( 0.000000000000000000, -24.44024467468260298, -22.32858287865848368 ) ) ;
#3370 = DIRECTION ( 'NONE',  ( 0.000000000000000000, 1.000000000000000000, -0.000000000000000000 ) ) ;
#3371 = EDGE_CURVE ( 'NONE', #3213, #3700, #975, .T. ) ;
#3372 = EDGE_CURVE ( 'NONE', #4567, #3689, #1963, .T. ) ;
#3373 = CARTESIAN_POINT ( 'NONE',  ( 13.38773329445172777, -20.04024391174315411, 3.992218804751105576 ) ) ;
#3374 = ORIENTED_EDGE ( 'NONE', *, *, #4062, .T. ) ;
#3375 = CIRCLE ( 'NONE', #3822, 2.950000000000001066 ) ;
#3376 = ORIENTED_EDGE ( 'NONE', *, *, #437, .F. ) ;
#3377 = DIRECTION ( 'NONE',  ( 0.000000000000000000, 0.000000000000000000, -1.000000000000000000 ) ) ;
#3378 = DIRECTION ( 'NONE',  ( -0.000000000000000000, -1.000000000000000000, -0.000000000000000000 ) ) ;
#3379 = B_SPLINE_CURVE_WITH_KNOTS ( 'NONE', 3,
 ( #3566, #323, #1806, #3221, #48, #1462, #4539, #1371, #1024, #4311 ),
 .UNSPECIFIED., .F., .F.,
 ( 4, 2, 2, 2, 4 ),
 ( 0.001314665830986738422, 0.001945573375166923923, 0.002576480919347109641, 0.003207388463527294925, 0.003838296007707480209 ),
 .UNSPECIFIED. ) ;
#3380 = CARTESIAN_POINT ( 'NONE',  ( 0.1855983744916015754, -15.33279132418273960, 15.23615161084475744 ) ) ;
#3381 = TOROIDAL_SURFACE ( 'NONE', #4266, 18.03467105286474137, 2.799999999999999822 ) ;
#3382 = EDGE_CURVE ( 'NONE', #1256, #854, #3491, .T. ) ;
#3383 = CARTESIAN_POINT ( 'NONE',  ( 13.80403812424671806, -15.55822832486195217, -6.447284593368345362 ) ) ;
#3384 = ORIENTED_EDGE ( 'NONE', *, *, #3288, .F. ) ;
#3385 = CARTESIAN_POINT ( 'NONE',  ( -7.311831691836800928, -19.74024467468260369, -17.07072855189295524 ) ) ;
#3386 = CARTESIAN_POINT ( 'NONE',  ( 0.000000000000000000, -19.74024467468260369, 0.000000000000000000 ) ) ;
#3387 = EDGE_LOOP ( 'NONE', ( #3792, #2318 ) ) ;
#3388 = CARTESIAN_POINT ( 'NONE',  ( 2.785641287573402458, -24.44024467468260298, -14.97783044055317880 ) ) ;
#3389 = AXIS2_PLACEMENT_3D ( 'NONE', #4321, #3628, #455 ) ;
#3390 = CARTESIAN_POINT ( 'NONE',  ( 2.617898859349152290E-15, -17.38468126452042384, 22.32858287865848368 ) ) ;
#3391 = ORIENTED_EDGE ( 'NONE', *, *, #1105, .F. ) ;
#3392 = EDGE_CURVE ( 'NONE', #3683, #764, #2444, .T. ) ;
#3393 = AXIS2_PLACEMENT_3D ( 'NONE', #2235, #759, #1890 ) ;
#3394 = CARTESIAN_POINT ( 'NONE',  ( -0.9480057139490519758, -14.25621615737630421, 18.50529314918489732 ) ) ;
#3395 = FACE_OUTER_BOUND ( 'NONE', #4139, .T. ) ;
#3396 = DIRECTION ( 'NONE',  ( 0.000000000000000000, 1.000000000000000000, -0.000000000000000000 ) ) ;
#3397 = ORIENTED_EDGE ( 'NONE', *, *, #3545, .F. ) ;
#3398 = EDGE_LOOP ( 'NONE', ( #976, #2956, #2623, #1912, #2718, #2055, #2456 ) ) ;
#3399 = CARTESIAN_POINT ( 'NONE',  ( 0.000000000000000000, -19.74024467468260369, 0.000000000000000000 ) ) ;
#3400 = CARTESIAN_POINT ( 'NONE',  ( -10.34916939771882483, -21.44024467468257100, 14.65727887813072350 ) ) ;
#3401 = CARTESIAN_POINT ( 'NONE',  ( -16.67641251653122225, -23.44024467468259942, 1.506553575639421494 ) ) ;
#3402 = CARTESIAN_POINT ( 'NONE',  ( -0.1742389348773010493, -18.24024391174314985, 0.1492632004245931510 ) ) ;
#3403 = EDGE_LOOP ( 'NONE', ( #897, #2162, #2727, #4125, #817, #523, #2361, #2138, #2388, #4390, #1755 ) ) ;
#3404 = LINE ( 'NONE', #1270, #3023 ) ;
#3405 = DIRECTION ( 'NONE',  ( 0.000000000000000000, 0.000000000000000000, -1.000000000000000000 ) ) ;
#3406 = EDGE_CURVE ( 'NONE', #1950, #3449, #4082, .T. ) ;
#3407 = VERTEX_POINT ( 'NONE', #3032 ) ;
#3408 = EDGE_CURVE ( 'NONE', #248, #4219, #151, .T. ) ;
#3409 = EDGE_CURVE ( 'NONE', #3549, #3876, #2218, .T. ) ;
#3410 = PLANE ( 'NONE',  #936 ) ;
#3411 = AXIS2_PLACEMENT_3D ( 'NONE', #3100, #4508, #4486 ) ;
#3412 = CARTESIAN_POINT ( 'NONE',  ( 16.49011263901348912, -24.44024467468260298, 2.371931004688453637 ) ) ;
#3413 = ORIENTED_EDGE ( 'NONE', *, *, #3831, .T. ) ;
#3414 = AXIS2_PLACEMENT_3D ( 'NONE', #3708, #3073, #3009 ) ;
#3415 = FACE_OUTER_BOUND ( 'NONE', #2078, .T. ) ;
#3416 = CARTESIAN_POINT ( 'NONE',  ( -0.2716376456724212685, -19.74024467468260369, -16.68167080711551975 ) ) ;
#3417 = CARTESIAN_POINT ( 'NONE',  ( -21.41686564689175754, -5.440243911743150917, -6.315337171226914847 ) ) ;
#3418 = VECTOR ( 'NONE', #1794, 1000.000000000000000 ) ;
#3419 = ORIENTED_EDGE ( 'NONE', *, *, #2593, .F. ) ;
#3420 = CYLINDRICAL_SURFACE ( 'NONE', #2171, 1.499999999999998002 ) ;
#3421 = LINE ( 'NONE', #245, #3264 ) ;
#3422 = CARTESIAN_POINT ( 'NONE',  ( -16.67641251653122225, -24.44024467468260298, 1.506553575639421494 ) ) ;
#3423 = DIRECTION ( 'NONE',  ( -0.000000000000000000, -1.000000000000000000, -0.000000000000000000 ) ) ;
#3424 = ORIENTED_EDGE ( 'NONE', *, *, #3605, .T. ) ;
#3425 = CYLINDRICAL_SURFACE ( 'NONE', #1103, 4.366379826624432248 ) ;
#3426 = DIRECTION ( 'NONE',  ( 0.9720822250391993880, 0.000000000000000000, -0.2346404648879631405 ) ) ;
#3427 = VERTEX_POINT ( 'NONE', #3487 ) ;
#3428 = ORIENTED_EDGE ( 'NONE', *, *, #887, .F. ) ;
#3429 = DIRECTION ( 'NONE',  ( 0.000000000000000000, -0.000000000000000000, -1.000000000000000000 ) ) ;
#3430 = CYLINDRICAL_SURFACE ( 'NONE', #3739, 4.200000000000007283 ) ;
#3431 = ORIENTED_EDGE ( 'NONE', *, *, #4432, .F. ) ;
#3432 = AXIS2_PLACEMENT_3D ( 'NONE', #4405, #1234, #2226 ) ;
#3433 = CARTESIAN_POINT ( 'NONE',  ( -16.67641251653122225, -19.74024467468260369, 1.506553575639421494 ) ) ;
#3434 = CARTESIAN_POINT ( 'NONE',  ( -19.87164518635211152, -13.47903581401891238, -10.18257813317442029 ) ) ;
#3435 = VECTOR ( 'NONE', #842, 1000.000000000000000 ) ;
#3436 = CARTESIAN_POINT ( 'NONE',  ( -4.174844080853880257, -19.74024391174314985, -13.68008491379807623 ) ) ;
#3437 = ORIENTED_EDGE ( 'NONE', *, *, #3715, .F. ) ;
#3438 = DIRECTION ( 'NONE',  ( 0.000000000000000000, -1.000000000000000000, -0.000000000000000000 ) ) ;
#3439 = CARTESIAN_POINT ( 'NONE',  ( 0.000000000000000000, -14.54024391174315056, 0.000000000000000000 ) ) ;
#3440 = CARTESIAN_POINT ( 'NONE',  ( -10.34916939771882483, -19.74024467468260369, 13.15727493585568197 ) ) ;
#3441 = CARTESIAN_POINT ( 'NONE',  ( -1.318506818838417249, -15.55822832486195573, 15.17828998709071975 ) ) ;
#3442 = CIRCLE ( 'NONE', #2257, 18.03467105286474492 ) ;
#3443 = ORIENTED_EDGE ( 'NONE', *, *, #961, .T. ) ;
#3444 = EDGE_CURVE ( 'NONE', #690, #919, #1930, .T. ) ;
#3445 = CARTESIAN_POINT ( 'NONE',  ( 3.601004769673322059, -19.74024467468260369, 14.91845283747028361 ) ) ;
#3446 = CARTESIAN_POINT ( 'NONE',  ( -2.444041599358089289, -9.404669340300968017, 21.09650331265960332 ) ) ;
#3447 = VERTEX_POINT ( 'NONE', #3097 ) ;
#3448 = EDGE_CURVE ( 'NONE', #2676, #2434, #203, .T. ) ;
#3449 = VERTEX_POINT ( 'NONE', #247 ) ;
#3450 = EDGE_CURVE ( 'NONE', #3184, #672, #2419, .T. ) ;
#3451 = CIRCLE ( 'NONE', #1305, 2.012881362182802114 ) ;
#3452 = DIRECTION ( 'NONE',  ( -0.000000000000000000, -1.000000000000000000, -0.000000000000000000 ) ) ;
#3453 = DIRECTION ( 'NONE',  ( 0.000000000000000000, -1.000000000000000000, 0.000000000000000000 ) ) ;
#3454 = ORIENTED_EDGE ( 'NONE', *, *, #1465, .F. ) ;
#3455 = DIRECTION ( 'NONE',  ( 0.000000000000000000, 0.000000000000000000, -1.000000000000000000 ) ) ;
#3456 = ADVANCED_FACE ( 'NONE', ( #1725 ), #677, .F. ) ;
#3457 = CYLINDRICAL_SURFACE ( 'NONE', #4561, 3.500005319962242734 ) ;
#3458 = DIRECTION ( 'NONE',  ( 0.000000000000000000, -1.000000000000000000, 0.000000000000000000 ) ) ;
#3459 = VERTEX_POINT ( 'NONE', #927 ) ;
#3460 = VECTOR ( 'NONE', #4332, 1000.000000000000000 ) ;
#3461 = CARTESIAN_POINT ( 'NONE',  ( -9.665174036087439191, -19.74024467468260369, -20.12833883412294611 ) ) ;
#3462 = LINE ( 'NONE', #640, #2297 ) ;
#3463 = EDGE_CURVE ( 'NONE', #4493, #3772, #1046, .T. ) ;
#3464 = CARTESIAN_POINT ( 'NONE',  ( 13.06661725048429190, -11.74024391174314985, -12.43032073658535808 ) ) ;
#3465 = DIRECTION ( 'NONE',  ( 0.000000000000000000, 0.000000000000000000, 1.000000000000000000 ) ) ;
#3466 = CARTESIAN_POINT ( 'NONE',  ( -1.625253831118542269, -15.51902752800123331, 15.14851468454833139 ) ) ;
#3467 = ORIENTED_EDGE ( 'NONE', *, *, #2366, .T. ) ;
#3468 = LINE ( 'NONE', #292, #513 ) ;
#3469 = CARTESIAN_POINT ( 'NONE',  ( -15.14601912960111285, -23.94024467468259942, -1.641129676397351966 ) ) ;
#3470 = VERTEX_POINT ( 'NONE', #2329 ) ;
#3471 = EDGE_CURVE ( 'NONE', #4388, #2278, #232, .T. ) ;
#3472 = ORIENTED_EDGE ( 'NONE', *, *, #34, .T. ) ;
#3473 = CARTESIAN_POINT ( 'NONE',  ( -12.89707756042480113, -18.24024391174314985, -18.22720527648925426 ) ) ;
#3474 = CARTESIAN_POINT ( 'NONE',  ( -16.59832810088350286, -13.41582196899923574, -11.19571404758679556 ) ) ;
#3475 = EDGE_LOOP ( 'NONE', ( #3195, #791, #3081, #2132 ) ) ;
#3476 = CARTESIAN_POINT ( 'NONE',  ( 1.162737028707173881, -13.60507381682252870, 22.29845046969782985 ) ) ;
#3477 = VECTOR ( 'NONE', #3869, 1000.000000000000114 ) ;
#3478 = CARTESIAN_POINT ( 'NONE',  ( -19.89147709012109644, -15.61603611900746102, -10.14386484531769739 ) ) ;
#3479 = DIRECTION ( 'NONE',  ( 0.000000000000000000, -0.7071067811865472397, -0.7071067811865479058 ) ) ;
#3480 = ORIENTED_EDGE ( 'NONE', *, *, #3070, .F. ) ;
#3481 = VECTOR ( 'NONE', #1701, 1000.000000000000000 ) ;
#3482 = FACE_OUTER_BOUND ( 'NONE', #2060, .T. ) ;
#3483 = DIRECTION ( 'NONE',  ( 0.000000000000000000, -1.000000000000000000, 0.000000000000000000 ) ) ;
#3484 = AXIS2_PLACEMENT_3D ( 'NONE', #3748, #1608, #1697 ) ;
#3485 = DIRECTION ( 'NONE',  ( -0.2624624360366664133, 0.8511485643991806294, -0.4545982742938127763 ) ) ;
#3486 = B_SPLINE_CURVE_WITH_KNOTS ( 'NONE', 3,
 ( #2242, #1552, #2963, #4377, #1207, #862, #157, #1573, #3735, #1988, #603, #1294, #624, #4060, #3712, #2728 ),
 .UNSPECIFIED., .F., .F.,
 ( 4, 2, 2, 2, 2, 2, 2, 4 ),
 ( 0.000000000000000000, 0.0006037505418092286788, 0.001207501083618457358, 0.001811251625427686253, 0.002415002167236914715, 0.003018752709046143394, 0.003622503250855372506, 0.004830004334473827696 ),
 .UNSPECIFIED. ) ;
#3487 = CARTESIAN_POINT ( 'NONE',  ( 4.458170136162520336, -9.240243911743149852, 18.46956193225511456 ) ) ;
#3488 = ORIENTED_EDGE ( 'NONE', *, *, #1764, .F. ) ;
#3489 = CARTESIAN_POINT ( 'NONE',  ( 11.85850739426002143, -19.74024391174314985, 6.481834994719561038 ) ) ;
#3490 = DIRECTION ( 'NONE',  ( 0.6505791381832861653, 0.000000000000000000, 0.7594384668692341078 ) ) ;
#3491 = B_SPLINE_CURVE_WITH_KNOTS ( 'NONE', 2,
 ( #3660, #3688, #510 ),
 .UNSPECIFIED., .F., .F.,
 ( 3, 3 ),
 ( 0.000000000000000000, 1.000000000000000000 ),
 .UNSPECIFIED. ) ;
#3492 = VERTEX_POINT ( 'NONE', #2355 ) ;
#3493 = APPLICATION_CONTEXT ( 'automotive_design' ) ;
#3494 = ORIENTED_EDGE ( 'NONE', *, *, #3392, .T. ) ;
#3495 = VERTEX_POINT ( 'NONE', #3055 ) ;
#3496 = DIRECTION ( 'NONE',  ( 8.659560562354939021E-17, -0.7071067811865470176, 0.7071067811865480168 ) ) ;
#3497 = CARTESIAN_POINT ( 'NONE',  ( -10.34916939771882483, -19.74024467468260369, 9.657269615893438797 ) ) ;
#3498 = ORIENTED_EDGE ( 'NONE', *, *, #807, .T. ) ;
#3499 = CARTESIAN_POINT ( 'NONE',  ( 12.06539411546374829, -13.00484418908095030, -10.02410810001856767 ) ) ;
#3500 = CIRCLE ( 'NONE', #1358, 3.500012878918495218 ) ;
#3501 = CARTESIAN_POINT ( 'NONE',  ( -15.14601912960111463, -23.44024467468259942, -1.641129676397353299 ) ) ;
#3502 = ADVANCED_FACE ( 'NONE', ( #3755 ), #2774, .F. ) ;
#3503 = CARTESIAN_POINT ( 'NONE',  ( 15.20893439831867333, -19.74024467468260369, -0.8851647059355800540 ) ) ;
#3504 = VERTEX_POINT ( 'NONE', #2705 ) ;
#3505 = AXIS2_PLACEMENT_3D ( 'NONE', #787, #1844, #84 ) ;
#3506 = AXIS2_PLACEMENT_3D ( 'NONE', #783, #1450, #412 ) ;
#3507 = FACE_OUTER_BOUND ( 'NONE', #4282, .T. ) ;
#3508 = EDGE_CURVE ( 'NONE', #212, #418, #2004, .T. ) ;
#3509 = EDGE_CURVE ( 'NONE', #2246, #1621, #4124, .T. ) ;
#3510 = DIRECTION ( 'NONE',  ( -0.2346404648879631127, 0.000000000000000000, -0.9720822250391993880 ) ) ;
#3511 = CARTESIAN_POINT ( 'NONE',  ( -7.368758282292265704, -13.23485597249042911, -16.96913001305625812 ) ) ;
#3512 = CARTESIAN_POINT ( 'NONE',  ( 16.49011263901348912, -19.74024467468260369, 0.8719233200132475714 ) ) ;
#3513 = ORIENTED_EDGE ( 'NONE', *, *, #2889, .T. ) ;
#3514 = CARTESIAN_POINT ( 'NONE',  ( 17.99493682915813864, -13.41582196899923574, -8.776716771920998639 ) ) ;
#3515 = CARTESIAN_POINT ( 'NONE',  ( 15.20893439831867333, -23.44024467468259942, -0.8851647059355786107 ) ) ;
#3516 = ADVANCED_FACE ( 'NONE', ( #4505, #2028 ), #269, .F. ) ;
#3517 = VERTEX_POINT ( 'NONE', #4167 ) ;
#3518 = ORIENTED_EDGE ( 'NONE', *, *, #3793, .F. ) ;
#3519 = AXIS2_PLACEMENT_3D ( 'NONE', #3920, #3198, #21 ) ;
#3520 = CYLINDRICAL_SURFACE ( 'NONE', #3079, 3.500001967701191319 ) ;
#3521 = PLANE ( 'NONE',  #4183 ) ;
#3522 = VERTEX_POINT ( 'NONE', #689 ) ;
#3523 = CIRCLE ( 'NONE', #3901, 1.499998416865968354 ) ;
#3524 = CARTESIAN_POINT ( 'NONE',  ( 15.61292267437596948, -9.240243911743158733, -10.82758719643183909 ) ) ;
#3525 = DIRECTION ( 'NONE',  ( 0.000000000000000000, 0.000000000000000000, -1.000000000000000000 ) ) ;
#3526 = CARTESIAN_POINT ( 'NONE',  ( 3.022956671527199823, -11.90502121089091325, 16.79775512202519039 ) ) ;
#3527 = ADVANCED_FACE ( 'NONE', ( #3931 ), #3887, .T. ) ;
#3528 = ORIENTED_EDGE ( 'NONE', *, *, #328, .F. ) ;
#3529 = CARTESIAN_POINT ( 'NONE',  ( -18.40130659738031227, -17.94393593996361957, -12.64856289137119383 ) ) ;
#3530 = CARTESIAN_POINT ( 'NONE',  ( -10.34916939771882483, -21.44024467468257100, 13.15727493585568197 ) ) ;
#3531 = FACE_OUTER_BOUND ( 'NONE', #1339, .T. ) ;
#3532 = DIRECTION ( 'NONE',  ( 0.000000000000000000, 1.000000000000000000, 0.000000000000000000 ) ) ;
#3533 = ORIENTED_EDGE ( 'NONE', *, *, #2135, .T. ) ;
#3534 = LINE ( 'NONE', #2452, #2199 ) ;
#3535 = CARTESIAN_POINT ( 'NONE',  ( 0.000000000000000000, -9.240243911743149852, 0.000000000000000000 ) ) ;
#3536 = CIRCLE ( 'NONE', #1316, 2.950000000000015277 ) ;
#3537 = ORIENTED_EDGE ( 'NONE', *, *, #716, .F. ) ;
#3538 = ORIENTED_EDGE ( 'NONE', *, *, #4231, .T. ) ;
#3539 = ORIENTED_EDGE ( 'NONE', *, *, #361, .F. ) ;
#3540 = VERTEX_POINT ( 'NONE', #58 ) ;
#3541 = EDGE_CURVE ( 'NONE', #1950, #3799, #79, .T. ) ;
#3542 = DIRECTION ( 'NONE',  ( 0.000000000000000000, -1.000000000000000000, 0.000000000000000000 ) ) ;
#3543 = LINE ( 'NONE', #4222, #1075 ) ;
#3544 = VERTEX_POINT ( 'NONE', #3512 ) ;
#3545 = EDGE_CURVE ( 'NONE', #2365, #3646, #86, .T. ) ;
#3546 = FACE_OUTER_BOUND ( 'NONE', #4264, .T. ) ;
#3547 = CARTESIAN_POINT ( 'NONE',  ( -4.554888427398237738, -13.33401533197101152, 14.81709034993229679 ) ) ;
#3548 = CARTESIAN_POINT ( 'NONE',  ( -11.08594127372190918, -14.54024391174315411, -10.44974201425968374 ) ) ;
#3549 = VERTEX_POINT ( 'NONE', #3910 ) ;
#3550 = CARTESIAN_POINT ( 'NONE',  ( 15.79025236645011177, -16.99064593947580804, -8.776716771921003968 ) ) ;
#3551 = CARTESIAN_POINT ( 'NONE',  ( -2.992416143417361063, -20.04024391174315411, -14.47999171228702942 ) ) ;
#3552 = PLANE ( 'NONE',  #4491 ) ;
#3553 = DIRECTION ( 'NONE',  ( 0.000000000000000000, 1.000000000000000000, -0.000000000000000000 ) ) ;
#3554 = CIRCLE ( 'NONE', #4013, 18.99999997190468548 ) ;
#3555 = PRODUCT_DEFINITION_SHAPE ( 'NONE', 'NONE',  #1132 ) ;
#3556 = EDGE_LOOP ( 'NONE', ( #530, #1595, #3049, #1959 ) ) ;
#3557 = CARTESIAN_POINT ( 'NONE',  ( 7.368756555013558085, -24.44024467468260298, 14.01913241080905692 ) ) ;
#3558 = CARTESIAN_POINT ( 'NONE',  ( -0.1742389348773010493, -18.24024391174314985, 0.1492632004245931510 ) ) ;
#3559 = AXIS2_PLACEMENT_3D ( 'NONE', #4416, #946, #3030 ) ;
#3560 = ORIENTED_EDGE ( 'NONE', *, *, #4566, .F. ) ;
#3561 = ADVANCED_FACE ( 'NONE', ( #2816 ), #436, .F. ) ;
#3562 = VERTEX_POINT ( 'NONE', #2161 ) ;
#3563 = AXIS2_PLACEMENT_3D ( 'NONE', #2137, #336, #1750 ) ;
#3564 = ORIENTED_EDGE ( 'NONE', *, *, #3995, .T. ) ;
#3565 = EDGE_CURVE ( 'NONE', #2754, #2384, #2471, .T. ) ;
#3566 = CARTESIAN_POINT ( 'NONE',  ( 20.33165309716073210, -11.70617198861649833, -9.229815583522523070 ) ) ;
#3567 = FACE_OUTER_BOUND ( 'NONE', #812, .T. ) ;
#3568 = ORIENTED_EDGE ( 'NONE', *, *, #2408, .T. ) ;
#3569 = CARTESIAN_POINT ( 'NONE',  ( 0.8006960993338531063, -16.46433997797182514, 22.31448999745857975 ) ) ;
#3570 = EDGE_CURVE ( 'NONE', #4050, #3589, #2302, .T. ) ;
#3571 = CARTESIAN_POINT ( 'NONE',  ( -5.364311601382291350, -11.82296876442662636, 16.39231633494238594 ) ) ;
#3572 = CARTESIAN_POINT ( 'NONE',  ( 2.957967080563922657, -11.74024391174314985, 17.79044099327888517 ) ) ;
#3573 = ORIENTED_EDGE ( 'NONE', *, *, #811, .F. ) ;
#3574 = FACE_OUTER_BOUND ( 'NONE', #3823, .T. ) ;
#3575 = AXIS2_PLACEMENT_3D ( 'NONE', #4157, #1007, #3455 ) ;
#3576 = DIRECTION ( 'NONE',  ( 0.000000000000000000, -1.000000000000000000, 0.000000000000000000 ) ) ;
#3577 = FACE_OUTER_BOUND ( 'NONE', #369, .T. ) ;
#3578 = DIRECTION ( 'NONE',  ( 0.000000000000000000, 0.000000000000000000, -1.000000000000000000 ) ) ;
#3579 = AXIS2_PLACEMENT_3D ( 'NONE', #3258, #2871, #4283 ) ;
#3580 = AXIS2_PLACEMENT_3D ( 'NONE', #1381, #1309, #2422 ) ;
#3581 = ORIENTED_EDGE ( 'NONE', *, *, #527, .T. ) ;
#3582 = AXIS2_PLACEMENT_3D ( 'NONE', #301, #349, #722 ) ;
#3583 = CARTESIAN_POINT ( 'NONE',  ( 1.309883523748409720E-06, -11.74024391174314985, -3.161786843175905636E-07 ) ) ;
#3584 = DIRECTION ( 'NONE',  ( 0.000000000000000000, -1.000000000000000000, 0.000000000000000000 ) ) ;
#3585 = ORIENTED_EDGE ( 'NONE', *, *, #1115, .T. ) ;
#3586 = EDGE_LOOP ( 'NONE', ( #4289, #4269, #1565, #2818 ) ) ;
#3587 = AXIS2_PLACEMENT_3D ( 'NONE', #1072, #3921, #1135 ) ;
#3588 = ADVANCED_FACE ( 'NONE', ( #2518 ), #388, .T. ) ;
#3589 = VERTEX_POINT ( 'NONE', #2115 ) ;
#3590 = B_SPLINE_CURVE_WITH_KNOTS ( 'NONE', 3,
 ( #558, #1570, #4098, #2616 ),
 .UNSPECIFIED., .F., .F.,
 ( 4, 4 ),
 ( 0.000000000000000000, 1.000000000000000000 ),
 .UNSPECIFIED. ) ;
#3591 = DIRECTION ( 'NONE',  ( -0.000000000000000000, -1.000000000000000000, -0.000000000000000000 ) ) ;
#3592 = EDGE_CURVE ( 'NONE', #2265, #1857, #343, .T. ) ;
#3593 = CARTESIAN_POINT ( 'NONE',  ( 1.570504236613031956, -9.240243911743158733, 18.93498126154759120 ) ) ;
#3594 = DIRECTION ( 'NONE',  ( -0.9308674106457824893, 0.000000000000000000, -0.3653571729111340649 ) ) ;
#3595 = AXIS2_PLACEMENT_3D ( 'NONE', #1602, #3623, #3993 ) ;
#3596 = EDGE_LOOP ( 'NONE', ( #4259, #4308, #584, #2572 ) ) ;
#3597 = CARTESIAN_POINT ( 'NONE',  ( 1.019281081094034480, -16.01932093288691661, 22.30557428464667424 ) ) ;
#3598 = AXIS2_PLACEMENT_3D ( 'NONE', #516, #2219, #113 ) ;
#3599 = CARTESIAN_POINT ( 'NONE',  ( -0.2716376456724212685, -23.44024467468259942, -20.18167458859862151 ) ) ;
#3600 = DIRECTION ( 'NONE',  ( 0.000000000000000000, 1.000000000000000000, 0.000000000000000000 ) ) ;
#3601 = VERTEX_POINT ( 'NONE', #2540 ) ;
#3602 = ORIENTED_EDGE ( 'NONE', *, *, #659, .F. ) ;
#3603 = VECTOR ( 'NONE', #3977, 1000.000000000000114 ) ;
#3604 = CARTESIAN_POINT ( 'NONE',  ( 13.10209516365692117, -15.33279132418274315, -7.778808712633263234 ) ) ;
#3605 = EDGE_CURVE ( 'NONE', #2503, #2451, #2976, .T. ) ;
#3606 = LINE ( 'NONE', #434, #2864 ) ;
#3607 = CARTESIAN_POINT ( 'NONE',  ( 16.49011263901348912, -21.44024467468258877, 2.371931004688453637 ) ) ;
#3608 = CARTESIAN_POINT ( 'NONE',  ( -9.287605346283831358E-07, -9.240243911743149852, -9.763030654060001250E-07 ) ) ;
#3609 = VERTEX_POINT ( 'NONE', #3188 ) ;
#3610 = DIRECTION ( 'NONE',  ( -0.000000000000000000, -1.000000000000000000, -0.000000000000000000 ) ) ;
#3611 = ADVANCED_FACE ( 'NONE', ( #360 ), #4016, .T. ) ;
#3612 = CARTESIAN_POINT ( 'NONE',  ( -7.916284924056191663, -20.04024391174315411, -9.363363012190484724 ) ) ;
#3613 = ORIENTED_EDGE ( 'NONE', *, *, #573, .F. ) ;
#3614 = EDGE_LOOP ( 'NONE', ( #2701, #2987, #1833, #1971 ) ) ;
#3615 = ORIENTED_EDGE ( 'NONE', *, *, #136, .T. ) ;
#3616 = VECTOR ( 'NONE', #2231, 1000.000000000000114 ) ;
#3617 = FACE_OUTER_BOUND ( 'NONE', #2082, .T. ) ;
#3618 = EDGE_CURVE ( 'NONE', #1502, #462, #2865, .T. ) ;
#3619 = CARTESIAN_POINT ( 'NONE',  ( -4.385277533241799475, -14.62017016220065990, 21.89372055772433612 ) ) ;
#3620 = FACE_OUTER_BOUND ( 'NONE', #3870, .T. ) ;
#3621 = EDGE_LOOP ( 'NONE', ( #868, #3498, #3963, #2415, #1566 ) ) ;
#3622 = DIRECTION ( 'NONE',  ( -0.000000000000000000, -1.000000000000000000, -0.000000000000000000 ) ) ;
#3623 = DIRECTION ( 'NONE',  ( 0.7250925912564739617, 0.4848096202463386684, 0.4890811448232012526 ) ) ;
#3624 = CARTESIAN_POINT ( 'NONE',  ( 2.828803170676072121, -11.74024391174314985, 18.78823758509432551 ) ) ;
#3625 = ORIENTED_EDGE ( 'NONE', *, *, #2552, .T. ) ;
#3626 = CARTESIAN_POINT ( 'NONE',  ( 13.92799030442555974, -11.74024391174314985, -11.45689513196595577 ) ) ;
#3627 = CARTESIAN_POINT ( 'NONE',  ( -4.262985056702870423, -20.04024391174315411, -12.13457192332814927 ) ) ;
#3628 = DIRECTION ( 'NONE',  ( -0.000000000000000000, -1.000000000000000000, -0.000000000000000000 ) ) ;
#3629 = DIRECTION ( 'NONE',  ( -0.5249248720733410423, -0.8511485643991809624, 0.000000000000000000 ) ) ;
#3630 = EDGE_CURVE ( 'NONE', #1306, #3257, #3196, .T. ) ;
#3631 = ORIENTED_EDGE ( 'NONE', *, *, #593, .F. ) ;
#3632 = CARTESIAN_POINT ( 'NONE',  ( -10.34916939771882483, -19.74024467468260369, 13.15727493585568197 ) ) ;
#3633 = DIRECTION ( 'NONE',  ( 0.000000000000000000, -1.000000000000000000, 0.000000000000000000 ) ) ;
#3634 = ORIENTED_EDGE ( 'NONE', *, *, #182, .F. ) ;
#3635 = AXIS2_PLACEMENT_3D ( 'NONE', #3535, #1708, #736 ) ;
#3636 = CARTESIAN_POINT ( 'NONE',  ( 14.26949215267269899, -15.24343639035114251, -5.343132114885088768 ) ) ;
#3637 = ORIENTED_EDGE ( 'NONE', *, *, #606, .T. ) ;
#3638 = AXIS2_PLACEMENT_3D ( 'NONE', #2703, #579, #4122 ) ;
#3639 = CYLINDRICAL_SURFACE ( 'NONE', #131, 4.300000538983802301 ) ;
#3640 = FACE_OUTER_BOUND ( 'NONE', #31, .T. ) ;
#3641 = AXIS2_PLACEMENT_3D ( 'NONE', #3837, #4453, #4433 ) ;
#3642 = DIRECTION ( 'NONE',  ( 0.000000000000000000, -1.000000000000000000, -0.000000000000000000 ) ) ;
#3643 = EDGE_LOOP ( 'NONE', ( #2675, #3102, #1112, #2642 ) ) ;
#3644 = CARTESIAN_POINT ( 'NONE',  ( 15.18905110112948442, -10.17502045518363474, -11.41508576054694579 ) ) ;
#3645 = CARTESIAN_POINT ( 'NONE',  ( -4.792290664457142135, -9.965051904045125752, 18.38691911774615662 ) ) ;
#3646 = VERTEX_POINT ( 'NONE', #2449 ) ;
#3647 = DIRECTION ( 'NONE',  ( 0.7250925912564739617, 0.4848096202463386684, 0.4890811448232012526 ) ) ;
#3648 = EDGE_CURVE ( 'NONE', #2034, #4384, #2495, .T. ) ;
#3649 = EDGE_CURVE ( 'NONE', #327, #3184, #3936, .T. ) ;
#3650 = CARTESIAN_POINT ( 'NONE',  ( 4.853714487111181734E-05, -19.74024391174314985, -0.0001646082329943368572 ) ) ;
#3651 = DIRECTION ( 'NONE',  ( -0.5249248720733417084, -0.8511485643991805183, 0.000000000000000000 ) ) ;
#3652 = CARTESIAN_POINT ( 'NONE',  ( 11.85850739426002143, -20.04024391174315411, 6.481834994719561038 ) ) ;
#3653 = ORIENTED_EDGE ( 'NONE', *, *, #4155, .T. ) ;
#3654 = ORIENTED_EDGE ( 'NONE', *, *, #4226, .F. ) ;
#3655 = EDGE_CURVE ( 'NONE', #3317, #1727, #4447, .T. ) ;
#3656 = CARTESIAN_POINT ( 'NONE',  ( 16.49011263901348912, -21.44024467468258877, 2.371931004688453637 ) ) ;
#3657 = DIRECTION ( 'NONE',  ( 0.000000000000000000, 0.000000000000000000, -1.000000000000000000 ) ) ;
#3658 = DIRECTION ( 'NONE',  ( 0.000000000000000000, 0.000000000000000000, -1.000000000000000000 ) ) ;
#3659 = AXIS2_PLACEMENT_3D ( 'NONE', #2112, #4550, #2793 ) ;
#3660 = CARTESIAN_POINT ( 'NONE',  ( 7.956909380083216909, -19.74024391174314985, 9.640970585084495781 ) ) ;
#3661 = ORIENTED_EDGE ( 'NONE', *, *, #2654, .T. ) ;
#3662 = CIRCLE ( 'NONE', #2395, 18.03467105286474492 ) ;
#3663 = CIRCLE ( 'NONE', #1656, 1.499999999999986011 ) ;
#3664 = VERTEX_POINT ( 'NONE', #829 ) ;
#3665 = EDGE_CURVE ( 'NONE', #1285, #3734, #2910, .T. ) ;
#3666 = SURFACE_SIDE_STYLE ('',( #3965 ) ) ;
#3667 = AXIS2_PLACEMENT_3D ( 'NONE', #2639, #509, #1548 ) ;
#3668 = EDGE_CURVE ( 'NONE', #1601, #3298, #2255, .T. ) ;
#3669 = CARTESIAN_POINT ( 'NONE',  ( -3.837410061027082264, -16.58458335966590624, 21.99740271256904478 ) ) ;
#3670 = CARTESIAN_POINT ( 'NONE',  ( 16.49011263901348912, -23.44024467468259942, 2.371931004688453637 ) ) ;
#3671 = EDGE_LOOP ( 'NONE', ( #275, #296, #4429, #720, #2568, #3894, #2122, #1198, #295, #3428, #1458, #4454, #3900 ) ) ;
#3672 =( BOUNDED_CURVE ( )  B_SPLINE_CURVE ( 3, ( #2667, #2386, #935, #4085 ),
 .UNSPECIFIED., .F., .T. ) 
 B_SPLINE_CURVE_WITH_KNOTS ( ( 4, 4 ),
 ( 2.383546516126900272, 2.909399975495873925 ),
 .UNSPECIFIED. ) 
 CURVE ( )  GEOMETRIC_REPRESENTATION_ITEM ( )  RATIONAL_B_SPLINE_CURVE ( ( 1.000000000000000000, 0.9770889566688234495, 0.9770889566688234495, 1.000000000000000000 ) ) 
 REPRESENTATION_ITEM ( '' )  );
#3673 = CARTESIAN_POINT ( 'NONE',  ( 18.90814826181590291, -16.41605223910791267, -11.87695758235560106 ) ) ;
#3674 = CIRCLE ( 'NONE', #634, 22.32858287865848368 ) ;
#3675 = DIRECTION ( 'NONE',  ( -0.000000000000000000, -1.000000000000000000, -0.000000000000000000 ) ) ;
#3676 = ORIENTED_EDGE ( 'NONE', *, *, #47, .F. ) ;
#3677 = VECTOR ( 'NONE', #2942, 1000.000000000000000 ) ;
#3678 = DIRECTION ( 'NONE',  ( -0.5064050326945280789, 0.000000000000000000, -0.8622957397909686295 ) ) ;
#3679 = DIRECTION ( 'NONE',  ( 0.2624624360366729636, -0.8511485643991801853, -0.4545982742938096677 ) ) ;
#3680 = EDGE_CURVE ( 'NONE', #4219, #418, #3118, .T. ) ;
#3681 = CARTESIAN_POINT ( 'NONE',  ( -18.22419489818416594, -5.440243911743150917, -5.373892373817770185 ) ) ;
#3682 = ORIENTED_EDGE ( 'NONE', *, *, #2720, .F. ) ;
#3683 = VERTEX_POINT ( 'NONE', #1863 ) ;
#3684 = DIRECTION ( 'NONE',  ( 0.000000000000000000, 0.000000000000000000, -1.000000000000000000 ) ) ;
#3685 = CARTESIAN_POINT ( 'NONE',  ( -12.59951146119461995, -20.04024391174315411, -8.564316261571640609 ) ) ;
#3686 = AXIS2_PLACEMENT_3D ( 'NONE', #3416, #240, #2043 ) ;
#3687 = CARTESIAN_POINT ( 'NONE',  ( 2.957967080563922657, -11.74024391174314985, 17.79044099327888517 ) ) ;
#3688 = CARTESIAN_POINT ( 'NONE',  ( 7.298382766259764232, -19.74024391174314985, 11.83227017786017043 ) ) ;
#3689 = VERTEX_POINT ( 'NONE', #104 ) ;
#3690 = LINE ( 'NONE', #4014, #4063 ) ;
#3691 = DIRECTION ( 'NONE',  ( 0.5249248720733412643, 0.8511485643991806294, 0.000000000000000000 ) ) ;
#3692 = DIRECTION ( 'NONE',  ( -0.8660254037844363761, 0.000000000000000000, -0.5000000000000039968 ) ) ;
#3693 = AXIS2_PLACEMENT_3D ( 'NONE', #1819, #709, #359 ) ;
#3694 = EDGE_CURVE ( 'NONE', #816, #207, #796, .T. ) ;
#3695 = ORIENTED_EDGE ( 'NONE', *, *, #4444, .F. ) ;
#3696 = EDGE_CURVE ( 'NONE', #162, #4223, #4306, .T. ) ;
#3697 = DIRECTION ( 'NONE',  ( 0.000000000000000000, 1.000000000000000000, 0.000000000000000000 ) ) ;
#3698 = CARTESIAN_POINT ( 'NONE',  ( -13.28769353814852217, -15.33279132418273960, -7.457342898211613225 ) ) ;
#3699 = VERTEX_POINT ( 'NONE', #2277 ) ;
#3700 = VERTEX_POINT ( 'NONE', #1195 ) ;
#3701 = LINE ( 'NONE', #4385, #476 ) ;
#3702 = CARTESIAN_POINT ( 'NONE',  ( 16.35369860697996103, -12.07273408081743149, -3.363379274439756816 ) ) ;
#3703 = B_SPLINE_CURVE_WITH_KNOTS ( 'NONE', 3,
 ( #475, #1494, #1790, #1816, #3604, #3207 ),
 .UNSPECIFIED., .F., .F.,
 ( 4, 2, 4 ),
 ( 0.003260756702738423947, 0.004129310381388862083, 0.004997864060039300220 ),
 .UNSPECIFIED. ) ;
#3704 = CARTESIAN_POINT ( 'NONE',  ( 7.368756555013558085, -19.74024467468260369, 12.66913187182525569 ) ) ;
#3705 = EDGE_LOOP ( 'NONE', ( #4027, #1966, #1869, #1246 ) ) ;
#3706 = ORIENTED_EDGE ( 'NONE', *, *, #548, .F. ) ;
#3707 = CARTESIAN_POINT ( 'NONE',  ( -1.396608728274626010, -13.41582196899924284, 19.97243081950765031 ) ) ;
#3708 = CARTESIAN_POINT ( 'NONE',  ( 0.000000000000000000, -14.54024391174315056, 0.000000000000000000 ) ) ;
#3709 = CARTESIAN_POINT ( 'NONE',  ( -17.31922018835804522, -9.586689807668065555, -7.814334041284116239 ) ) ;
#3710 = LINE ( 'NONE', #488, #2971 ) ;
#3711 = ORIENTED_EDGE ( 'NONE', *, *, #3463, .T. ) ;
#3712 = CARTESIAN_POINT ( 'NONE',  ( -13.96751829206619178, -14.26704766245396172, -6.090513132222781678 ) ) ;
#3713 = CARTESIAN_POINT ( 'NONE',  ( -10.34916939771882483, -19.74024467468260369, 13.15727493585568197 ) ) ;
#3714 = AXIS2_PLACEMENT_3D ( 'NONE', #293, #1753, #2778 ) ;
#3715 = EDGE_CURVE ( 'NONE', #1221, #3589, #4070, .T. ) ;
#3716 = CARTESIAN_POINT ( 'NONE',  ( -3.405449357516977749, -17.12011434117309960, 22.06772581710785275 ) ) ;
#3717 = TOROIDAL_SURFACE ( 'NONE', #3414, 18.03467105286474492, 2.799999999999999822 ) ;
#3718 = ORIENTED_EDGE ( 'NONE', *, *, #915, .T. ) ;
#3719 = EDGE_CURVE ( 'NONE', #942, #2256, #1152, .T. ) ;
#3720 = AXIS2_PLACEMENT_3D ( 'NONE', #1332, #1310, #2725 ) ;
#3721 = CARTESIAN_POINT ( 'NONE',  ( 20.15463008398267775, -17.94393593996361247, -9.611717530472112969 ) ) ;
#3722 = CARTESIAN_POINT ( 'NONE',  ( -15.55205111469768298, -14.25621615737630421, -10.07364360580519858 ) ) ;
#3723 = ORIENTED_EDGE ( 'NONE', *, *, #340, .F. ) ;
#3724 = ADVANCED_FACE ( 'NONE', ( #1956 ), #2935, .F. ) ;
#3725 = CYLINDRICAL_SURFACE ( 'NONE', #2915, 15.23467105286474599 ) ;
#3726 = DIRECTION ( 'NONE',  ( 0.06101040030062737651, 0.4848096202463385573, -0.8724891765355937689 ) ) ;
#3727 = CYLINDRICAL_SURFACE ( 'NONE', #1269, 1.499999999999997558 ) ;
#3728 = EDGE_LOOP ( 'NONE', ( #355, #2812 ) ) ;
#3729 = ORIENTED_EDGE ( 'NONE', *, *, #1899, .F. ) ;
#3730 = FACE_OUTER_BOUND ( 'NONE', #662, .T. ) ;
#3731 = DIRECTION ( 'NONE',  ( 0.000000000000000000, -1.000000000000000000, -0.000000000000000000 ) ) ;
#3732 = DIRECTION ( 'NONE',  ( 0.1846808193845210500, -0.9446650917445150730, -0.2711104191852256040 ) ) ;
#3733 = CARTESIAN_POINT ( 'NONE',  ( 13.02011119244868986, -19.74024391174314985, 5.308073977314659686 ) ) ;
#3734 = VERTEX_POINT ( 'NONE', #1542 ) ;
#3735 = CARTESIAN_POINT ( 'NONE',  ( -15.11602974584932113, -12.54866967165953895, -5.415317686394850227 ) ) ;
#3736 = FACE_OUTER_BOUND ( 'NONE', #3098, .T. ) ;
#3737 = VECTOR ( 'NONE', #2906, 1000.000000000000000 ) ;
#3738 = CARTESIAN_POINT ( 'NONE',  ( 7.956909380083216909, -19.74024391174314985, 9.640970585084495781 ) ) ;
#3739 = AXIS2_PLACEMENT_3D ( 'NONE', #4492, #2733, #2757 ) ;
#3740 = EDGE_CURVE ( 'NONE', #2045, #694, #503, .T. ) ;
#3741 = CIRCLE ( 'NONE', #4323, 1.500003942275042412 ) ;
#3742 = ORIENTED_EDGE ( 'NONE', *, *, #911, .F. ) ;
#3743 = CIRCLE ( 'NONE', #2696, 15.23467105286474599 ) ;
#3744 = CARTESIAN_POINT ( 'NONE',  ( 20.96901459687501657, -16.58458335966593822, -7.675406758697197240 ) ) ;
#3745 = ORIENTED_EDGE ( 'NONE', *, *, #490, .F. ) ;
#3746 = FACE_OUTER_BOUND ( 'NONE', #93, .T. ) ;
#3747 = DIRECTION ( 'NONE',  ( 0.000000000000000000, 0.000000000000000000, -1.000000000000000000 ) ) ;
#3748 = CARTESIAN_POINT ( 'NONE',  ( 7.368756555013558085, -19.74024467468260369, 16.96913241080905976 ) ) ;
#3749 = ORIENTED_EDGE ( 'NONE', *, *, #3179, .T. ) ;
#3750 = EDGE_CURVE ( 'NONE', #1221, #2438, #2148, .T. ) ;
#3751 = ORIENTED_EDGE ( 'NONE', *, *, #1871, .F. ) ;
#3752 = CARTESIAN_POINT ( 'NONE',  ( 1.570504236613031956, -9.240243911743158733, 18.93498126154759120 ) ) ;
#3753 = DIRECTION ( 'NONE',  ( 0.000000000000000000, 0.000000000000000000, -1.000000000000000000 ) ) ;
#3754 = DIRECTION ( 'NONE',  ( 0.000000000000000000, -0.7071067811865477948, -0.7071067811865473507 ) ) ;
#3755 = FACE_OUTER_BOUND ( 'NONE', #3892, .T. ) ;
#3756 = EDGE_CURVE ( 'NONE', #2393, #771, #2825, .T. ) ;
#3757 = EDGE_CURVE ( 'NONE', #2826, #1343, #1935, .T. ) ;
#3758 = ORIENTED_EDGE ( 'NONE', *, *, #1191, .T. ) ;
#3759 = CIRCLE ( 'NONE', #2571, 4.300000538983802301 ) ;
#3760 = DIRECTION ( 'NONE',  ( -0.6505791153609797872, 0.000000000000000000, -0.7594384864201476626 ) ) ;
#3761 = PLANE ( 'NONE',  #2071 ) ;
#3762 = ORIENTED_EDGE ( 'NONE', *, *, #2143, .T. ) ;
#3763 = CARTESIAN_POINT ( 'NONE',  ( 0.000000000000000000, -19.74024467468260369, 0.000000000000000000 ) ) ;
#3764 = AXIS2_PLACEMENT_3D ( 'NONE', #37, #3187, #3235 ) ;
#3765 = CARTESIAN_POINT ( 'NONE',  ( 3.574671688479695852, -14.54024391174315056, 14.80935295145432207 ) ) ;
#3766 = ORIENTED_EDGE ( 'NONE', *, *, #4231, .F. ) ;
#3767 = CIRCLE ( 'NONE', #3915, 22.32858287865848368 ) ;
#3768 = CARTESIAN_POINT ( 'NONE',  ( -11.21490221596232395, -19.74024391174314985, -9.332922623038605536 ) ) ;
#3769 = CARTESIAN_POINT ( 'NONE',  ( -19.94538248731277008, -14.18461533006942332, -10.03730153424987925 ) ) ;
#3770 = DIRECTION ( 'NONE',  ( 0.000000000000000000, 0.000000000000000000, 1.000000000000000000 ) ) ;
#3771 = ORIENTED_EDGE ( 'NONE', *, *, #3694, .T. ) ;
#3772 = VERTEX_POINT ( 'NONE', #1934 ) ;
#3773 = FACE_OUTER_BOUND ( 'NONE', #3671, .T. ) ;
#3774 = CARTESIAN_POINT ( 'NONE',  ( 2.863514963322019824, -20.04024391174315411, -2.453053229422880843 ) ) ;
#3775 = DIRECTION ( 'NONE',  ( 0.000000000000000000, -1.000000000000000000, 0.000000000000000000 ) ) ;
#3776 = ADVANCED_FACE ( 'NONE', ( #810 ), #3727, .F. ) ;
#3777 = DIRECTION ( 'NONE',  ( 0.000000000000000000, 0.000000000000000000, 1.000000000000000000 ) ) ;
#3778 = ORIENTED_EDGE ( 'NONE', *, *, #1187, .T. ) ;
#3779 = DIRECTION ( 'NONE',  ( -0.6983068565938471695, 0.2590407516231902907, -0.6672821165238229657 ) ) ;
#3780 = LINE ( 'NONE', #1295, #4512 ) ;
#3781 = ORIENTED_EDGE ( 'NONE', *, *, #4383, .F. ) ;
#3782 = ORIENTED_EDGE ( 'NONE', *, *, #390, .T. ) ;
#3783 = CARTESIAN_POINT ( 'NONE',  ( 11.03794002532960050, -14.54024391174315056, -10.50043296813963956 ) ) ;
#3784 = CIRCLE ( 'NONE', #3411, 22.32858257554218895 ) ;
#3785 = CARTESIAN_POINT ( 'NONE',  ( 0.000000000000000000, -5.440243911743150917, 0.000000000000000000 ) ) ;
#3786 = ORIENTED_EDGE ( 'NONE', *, *, #3605, .F. ) ;
#3787 = VECTOR ( 'NONE', #2398, 1000.000000000000000 ) ;
#3788 = DIRECTION ( 'NONE',  ( 0.000000000000000000, -1.000000000000000000, -0.000000000000000000 ) ) ;
#3789 = LINE ( 'NONE', #1280, #657 ) ;
#3790 = CARTESIAN_POINT ( 'NONE',  ( -12.83327702963980421, -15.55889521742618875, -8.215714753607890941 ) ) ;
#3791 = AXIS2_PLACEMENT_3D ( 'NONE', #3326, #1238, #4002 ) ;
#3792 = ORIENTED_EDGE ( 'NONE', *, *, #361, .T. ) ;
#3793 = EDGE_CURVE ( 'NONE', #942, #3200, #3864, .T. ) ;
#3794 = CARTESIAN_POINT ( 'NONE',  ( 19.05106846563615619, -14.06716509211449839, -9.291826568372927753 ) ) ;
#3795 = DIRECTION ( 'NONE',  ( 0.000000000000000000, 1.000000000000000000, -0.000000000000000000 ) ) ;
#3796 = CARTESIAN_POINT ( 'NONE',  ( 14.35150432586670277, -18.24024391174314985, 17.10555267333984730 ) ) ;
#3797 = CARTESIAN_POINT ( 'NONE',  ( -13.95406949423954757, -9.240243911743149852, -12.89511316283464382 ) ) ;
#3798 = EDGE_CURVE ( 'NONE', #3470, #74, #456, .T. ) ;
#3799 = VERTEX_POINT ( 'NONE', #2232 ) ;
#3800 = FACE_OUTER_BOUND ( 'NONE', #1777, .T. ) ;
#3801 = FACE_OUTER_BOUND ( 'NONE', #2544, .T. ) ;
#3802 = ORIENTED_EDGE ( 'NONE', *, *, #2788, .F. ) ;
#3803 = ORIENTED_EDGE ( 'NONE', *, *, #2922, .T. ) ;
#3804 = EDGE_CURVE ( 'NONE', #1711, #1736, #481, .T. ) ;
#3805 = CARTESIAN_POINT ( 'NONE',  ( 21.15145756228485396, -14.79379330265637904, -7.154142258268820775 ) ) ;
#3806 = CIRCLE ( 'NONE', #2545, 15.23467105286474421 ) ;
#3807 = CARTESIAN_POINT ( 'NONE',  ( -13.95406949423954757, -9.240243911743149852, -12.89511316283464382 ) ) ;
#3808 = CIRCLE ( 'NONE', #1512, 2.800000000000000711 ) ;
#3809 =( BOUNDED_CURVE ( )  B_SPLINE_CURVE ( 3, ( #2483, #2127, #373, #1784 ),
 .UNSPECIFIED., .F., .F. ) 
 B_SPLINE_CURVE_WITH_KNOTS ( ( 4, 4 ),
 ( 2.909399975495873925, 3.899638791052687736 ),
 .UNSPECIFIED. ) 
 CURVE ( )  GEOMETRIC_REPRESENTATION_ITEM ( )  RATIONAL_B_SPLINE_CURVE ( ( 1.000000000000000000, 0.9199413207258634317, 0.9199413207258634317, 1.000000000000000000 ) ) 
 REPRESENTATION_ITEM ( '' )  );
#3810 = ORIENTED_EDGE ( 'NONE', *, *, #285, .F. ) ;
#3811 = CARTESIAN_POINT ( 'NONE',  ( 12.72566279149552315, -12.06844572128773052, -10.82089879441617342 ) ) ;
#3812 = CARTESIAN_POINT ( 'NONE',  ( -10.34916939771882483, -23.44024467468259942, 13.15727493585568197 ) ) ;
#3813 = VECTOR ( 'NONE', #2081, 1000.000000000000114 ) ;
#3814 = CARTESIAN_POINT ( 'NONE',  ( -12.57511267633496743, -15.56687258421181319, -8.601493172831032652 ) ) ;
#3815 = ORIENTED_EDGE ( 'NONE', *, *, #2066, .T. ) ;
#3816 = CARTESIAN_POINT ( 'NONE',  ( 18.42753937071746151, -10.80961019228043440, -4.633641893353451557 ) ) ;
#3817 = ADVANCED_FACE ( 'NONE', ( #1586 ), #380, .T. ) ;
#3818 = CARTESIAN_POINT ( 'NONE',  ( -0.9041646559402466421, -17.85339273060598586, 22.31026892809831352 ) ) ;
#3819 = CARTESIAN_POINT ( 'NONE',  ( 7.251671934585591117, -18.24024391174314985, 5.743544229343082286 ) ) ;
#3820 = PLANE ( 'NONE',  #867 ) ;
#3821 = CARTESIAN_POINT ( 'NONE',  ( -0.6983791720510699186, -15.55889521742618875, 15.22180129827532546 ) ) ;
#3822 = AXIS2_PLACEMENT_3D ( 'NONE', #1737, #2877, #4267 ) ;
#3823 = EDGE_LOOP ( 'NONE', ( #3537, #4509, #2969, #2982 ) ) ;
#3824 = CARTESIAN_POINT ( 'NONE',  ( -9.665174484252931464, -18.24024391174314985, -20.12833976745605113 ) ) ;
#3825 = CIRCLE ( 'NONE', #2640, 3.500001967701191319 ) ;
#3826 = DIRECTION ( 'NONE',  ( 0.000000000000000000, -1.000000000000000000, -0.000000000000000000 ) ) ;
#3827 = ORIENTED_EDGE ( 'NONE', *, *, #312, .F. ) ;
#3828 = ORIENTED_EDGE ( 'NONE', *, *, #375, .F. ) ;
#3829 = ORIENTED_EDGE ( 'NONE', *, *, #1407, .T. ) ;
#3830 = CARTESIAN_POINT ( 'NONE',  ( 21.04904559957227406, -13.12214200346558712, -7.450485920781570570 ) ) ;
#3831 = EDGE_CURVE ( 'NONE', #3200, #1611, #1281, .T. ) ;
#3832 = LINE ( 'NONE', #3130, #4320 ) ;
#3833 = ADVANCED_FACE ( 'NONE', ( #2323 ), #2762, .T. ) ;
#3834 = ORIENTED_EDGE ( 'NONE', *, *, #4425, .T. ) ;
#3835 = CARTESIAN_POINT ( 'NONE',  ( 0.6093122543014425352, -12.51256293221702798, 22.32067993142081974 ) ) ;
#3836 = CARTESIAN_POINT ( 'NONE',  ( -19.39264484077260420, -17.31342377833187385, -11.07007729612191049 ) ) ;
#3837 = CARTESIAN_POINT ( 'NONE',  ( -7.368758282292265704, -23.44024467468258521, -16.96913001305625812 ) ) ;
#3838 = ORIENTED_EDGE ( 'NONE', *, *, #887, .T. ) ;
#3839 = CIRCLE ( 'NONE', #2274, 1.500007684675205955 ) ;
#3840 = DIRECTION ( 'NONE',  ( -0.000000000000000000, -1.000000000000000000, -0.000000000000000000 ) ) ;
#3841 = DIRECTION ( 'NONE',  ( -0.5249248720733412643, -0.8511485643991807404, 0.000000000000000000 ) ) ;
#3842 = CARTESIAN_POINT ( 'NONE',  ( -9.287605346283831358E-07, -11.74024391174314985, -9.763030654060001250E-07 ) ) ;
#3843 = VERTEX_POINT ( 'NONE', #4117 ) ;
#3844 = LINE ( 'NONE', #1088, #2724 ) ;
#3845 = CARTESIAN_POINT ( 'NONE',  ( 18.78232413726815864, -12.13909912240047362, -8.776716771921003968 ) ) ;
#3846 = VERTEX_POINT ( 'NONE', #4159 ) ;
#3847 = ORIENTED_EDGE ( 'NONE', *, *, #3274, .F. ) ;
#3848 = EDGE_LOOP ( 'NONE', ( #4265, #2524, #1633, #3368 ) ) ;
#3849 = DIRECTION ( 'NONE',  ( 0.000000000000000000, 0.000000000000000000, -1.000000000000000000 ) ) ;
#3850 = UNCERTAINTY_MEASURE_WITH_UNIT (LENGTH_MEASURE( 1.000000000000000082E-05 ), #470, 'distance_accuracy_value', 'NONE');
#3851 = CARTESIAN_POINT ( 'NONE',  ( -19.46912891146407176, -12.15895782011175008, -10.93245776565884420 ) ) ;
#3852 = EDGE_CURVE ( 'NONE', #1904, #2256, #1712, .T. ) ;
#3853 = ORIENTED_EDGE ( 'NONE', *, *, #593, .T. ) ;
#3854 = EDGE_CURVE ( 'NONE', #2869, #1365, #1051, .T. ) ;
#3855 = CARTESIAN_POINT ( 'NONE',  ( 13.92799030442555974, -11.74024391174314985, -11.45689513196595577 ) ) ;
#3856 = AXIS2_PLACEMENT_3D ( 'NONE', #392, #4195, #4261 ) ;
#3857 = CARTESIAN_POINT ( 'NONE',  ( -3.506771410481431150, -14.54024391174315767, 14.82557777503545005 ) ) ;
#3858 = CARTESIAN_POINT ( 'NONE',  ( 13.38773329445172777, -20.04024391174315411, 3.992218804751105576 ) ) ;
#3859 = VERTEX_POINT ( 'NONE', #4476 ) ;
#3860 = AXIS2_PLACEMENT_3D ( 'NONE', #3330, #64, #1500 ) ;
#3861 = EDGE_CURVE ( 'NONE', #2836, #950, #1858, .T. ) ;
#3862 = CARTESIAN_POINT ( 'NONE',  ( 16.49011263901348912, -23.44024467468259942, 5.871943883606949299 ) ) ;
#3863 = DIRECTION ( 'NONE',  ( -0.000000000000000000, -1.000000000000000000, -0.000000000000000000 ) ) ;
#3864 = CIRCLE ( 'NONE', #1564, 1.500004533606814183 ) ;
#3865 = CARTESIAN_POINT ( 'NONE',  ( -17.29828216031351218, -11.74024391174314985, -5.100862112154850081 ) ) ;
#3866 = CARTESIAN_POINT ( 'NONE',  ( -2.990022272376078316, -11.95353206576985983, 22.12839962034987806 ) ) ;
#3867 = ORIENTED_EDGE ( 'NONE', *, *, #856, .F. ) ;
#3868 = LINE ( 'NONE', #339, #4135 ) ;
#3869 = DIRECTION ( 'NONE',  ( -0.7245358233497231071, 0.000000000000000000, 0.6892371440099110957 ) ) ;
#3870 = EDGE_LOOP ( 'NONE', ( #4498, #3723, #3950, #1039 ) ) ;
#3871 = VERTEX_POINT ( 'NONE', #3112 ) ;
#3872 = ORIENTED_EDGE ( 'NONE', *, *, #1480, .F. ) ;
#3873 = EDGE_CURVE ( 'NONE', #543, #1710, #3048, .T. ) ;
#3874 = CARTESIAN_POINT ( 'NONE',  ( 5.239190399699317879, -5.440243911743150917, 21.70521830525994744 ) ) ;
#3875 = DIRECTION ( 'NONE',  ( 0.000000000000000000, -1.000000000000000000, 0.000000000000000000 ) ) ;
#3876 = VERTEX_POINT ( 'NONE', #2369 ) ;
#3877 = CARTESIAN_POINT ( 'NONE',  ( 12.12505945503475857, -13.96433762461818340, -9.291781786749901073 ) ) ;
#3878 = CIRCLE ( 'NONE', #1137, 2.800000000000000711 ) ;
#3879 = CARTESIAN_POINT ( 'NONE',  ( -4.066189412661599611, -13.97230051526935490, 14.72321716195072128 ) ) ;
#3880 = CARTESIAN_POINT ( 'NONE',  ( -10.58111136483065273, -13.49816880434581456, -11.23176485822714277 ) ) ;
#3881 = EDGE_LOOP ( 'NONE', ( #3376, #262, #4209, #1876 ) ) ;
#3882 = CIRCLE ( 'NONE', #4537, 2.843502884254425211 ) ;
#3883 = AXIS2_PLACEMENT_3D ( 'NONE', #1892, #880, #3658 ) ;
#3884 = CARTESIAN_POINT ( 'NONE',  ( -18.86917732902558242, -17.85339273060598586, -11.93816402529751386 ) ) ;
#3885 = CARTESIAN_POINT ( 'NONE',  ( 17.28744413675674352, -12.97949331077753143, -8.431649543379839074 ) ) ;
#3886 = CARTESIAN_POINT ( 'NONE',  ( 17.20754952104812574, -14.69254481559800674, -8.776716771920998639 ) ) ;
#3887 = PLANE ( 'NONE',  #2899 ) ;
#3888 = EDGE_CURVE ( 'NONE', #1430, #672, #4092, .T. ) ;
#3889 = EDGE_LOOP ( 'NONE', ( #499, #421, #2888, #3015 ) ) ;
#3890 = CARTESIAN_POINT ( 'NONE',  ( -6.479578495025640983, -20.04024391174315411, -6.806593418121340555 ) ) ;
#3891 = DIRECTION ( 'NONE',  ( 0.000000000000000000, 0.000000000000000000, -1.000000000000000000 ) ) ;
#3892 = EDGE_LOOP ( 'NONE', ( #4022, #2905, #443, #1079, #4215, #2330, #4018, #145 ) ) ;
#3893 = EDGE_CURVE ( 'NONE', #2574, #3492, #261, .T. ) ;
#3894 = ORIENTED_EDGE ( 'NONE', *, *, #2806, .T. ) ;
#3895 = VERTEX_POINT ( 'NONE', #2674 ) ;
#3896 = VECTOR ( 'NONE', #348, 1000.000000000000000 ) ;
#3897 = B_SPLINE_SURFACE_WITH_KNOTS ( 'NONE', 2, 1, ( 
 ( #4248, #1076 ),
 ( #51, #25 ),
 ( #2485, #448 ) ),
 .UNSPECIFIED., .F., .F., .F.,
 ( 3, 3 ),
 ( 2, 2 ),
 ( 0.000000000000000000, 1.000000000000000000 ),
 ( 0.000000000000000000, 1.000000000000000000 ),
 .UNSPECIFIED. ) ;
#3898 = LINE ( 'NONE', #721, #192 ) ;
#3899 = LINE ( 'NONE', #743, #4039 ) ;
#3900 = ORIENTED_EDGE ( 'NONE', *, *, #3392, .F. ) ;
#3901 = AXIS2_PLACEMENT_3D ( 'NONE', #3254, #77, #1495 ) ;
#3902 = DIRECTION ( 'NONE',  ( 0.000000000000000000, -1.000000000000000000, 0.000000000000000000 ) ) ;
#3903 = DIRECTION ( 'NONE',  ( -0.000000000000000000, -1.000000000000000000, -0.000000000000000000 ) ) ;
#3904 = CARTESIAN_POINT ( 'NONE',  ( 2.868212186943619901, -12.54866967165953540, 15.79852460746415943 ) ) ;
#3905 = ORIENTED_EDGE ( 'NONE', *, *, #2764, .T. ) ;
#3906 = CARTESIAN_POINT ( 'NONE',  ( -16.77139771909087429, -14.79379330265645187, -14.74062844687290408 ) ) ;
#3907 = EDGE_CURVE ( 'NONE', #1501, #3843, #2563, .T. ) ;
#3908 = DIRECTION ( 'NONE',  ( 0.5064050326945283009, 0.000000000000000000, 0.8622957397909686295 ) ) ;
#3909 = LINE ( 'NONE', #2160, #1025 ) ;
#3910 = CARTESIAN_POINT ( 'NONE',  ( -0.09646081554715262019, -15.41881397645487262, 15.23436567107600403 ) ) ;
#3911 = AXIS2_PLACEMENT_3D ( 'NONE', #1862, #3278, #4366 ) ;
#3912 = ORIENTED_EDGE ( 'NONE', *, *, #1593, .T. ) ;
#3913 = CARTESIAN_POINT ( 'NONE',  ( -0.2768548778666782839, -17.58318923236189946, 22.32738036145700633 ) ) ;
#3914 = DIRECTION ( 'NONE',  ( -0.5249248720733418194, -0.8511485643991804073, 0.000000000000000000 ) ) ;
#3915 = AXIS2_PLACEMENT_3D ( 'NONE', #4193, #1361, #1063 ) ;
#3916 = FACE_OUTER_BOUND ( 'NONE', #618, .T. ) ;
#3917 = ORIENTED_EDGE ( 'NONE', *, *, #4074, .F. ) ;
#3918 = ORIENTED_EDGE ( 'NONE', *, *, #774, .F. ) ;
#3919 = ORIENTED_EDGE ( 'NONE', *, *, #463, .F. ) ;
#3920 = CARTESIAN_POINT ( 'NONE',  ( 0.000000000000000000, -14.54024391174315056, 0.000000000000000000 ) ) ;
#3921 = DIRECTION ( 'NONE',  ( 0.000000000000000000, -1.000000000000000000, 0.000000000000000000 ) ) ;
#3922 = ORIENTED_EDGE ( 'NONE', *, *, #515, .F. ) ;
#3923 = DIRECTION ( 'NONE',  ( 0.7250925912564739617, 0.4848096202463386684, 0.4890811448232012526 ) ) ;
#3924 = CARTESIAN_POINT ( 'NONE',  ( 1.409321644585576738, -14.54024391174315056, 15.16934456695797984 ) ) ;
#3925 = ORIENTED_EDGE ( 'NONE', *, *, #1395, .T. ) ;
#3926 = AXIS2_PLACEMENT_3D ( 'NONE', #1118, #2533, #2925 ) ;
#3927 = CARTESIAN_POINT ( 'NONE',  ( 17.99493682915814929, -13.41582196899924284, -8.776716771921003968 ) ) ;
#3928 = CARTESIAN_POINT ( 'NONE',  ( -15.94574476875267344, -12.97949331077753143, -10.75554101724591405 ) ) ;
#3929 = EDGE_CURVE ( 'NONE', #1554, #2467, #3345, .T. ) ;
#3930 = DIRECTION ( 'NONE',  ( 0.000000000000000000, 0.000000000000000000, -1.000000000000000000 ) ) ;
#3931 = FACE_OUTER_BOUND ( 'NONE', #97, .T. ) ;
#3932 = AXIS2_PLACEMENT_3D ( 'NONE', #2239, #1205, #860 ) ;
#3933 = ORIENTED_EDGE ( 'NONE', *, *, #741, .T. ) ;
#3934 = CARTESIAN_POINT ( 'NONE',  ( 18.07483144486675997, -11.70277046417876576, -8.431649543379842626 ) ) ;
#3935 = LINE ( 'NONE', #3168, #2736 ) ;
#3936 = CIRCLE ( 'NONE', #4235, 18.99999997190468548 ) ;
#3937 = VERTEX_POINT ( 'NONE', #596 ) ;
#3938 = ORIENTED_EDGE ( 'NONE', *, *, #520, .F. ) ;
#3939 = ADVANCED_FACE ( 'NONE', ( #241 ), #1010, .F. ) ;
#3940 = AXIS2_PLACEMENT_3D ( 'NONE', #4497, #1326, #2044 ) ;
#3941 = ORIENTED_EDGE ( 'NONE', *, *, #1620, .F. ) ;
#3942 = B_SPLINE_CURVE_WITH_KNOTS ( 'NONE', 3,
 ( #3572, #1030, #4228, #2110, #3526, #29, #354, #406, #3904, #2512, #381, #306, #3183, #1, #4547, #3924 ),
 .UNSPECIFIED., .F., .F.,
 ( 4, 2, 2, 2, 2, 2, 2, 4 ),
 ( 0.000000000000000000, 0.0006037505418092305219, 0.001207501083618461044, 0.001811251625427691457, 0.002415002167236922088, 0.003018752709046149466, 0.003622503250855376410, 0.004830004334473831165 ),
 .UNSPECIFIED. ) ;
#3943 = PLANE ( 'NONE',  #2035 ) ;
#3944 = ADVANCED_FACE ( 'NONE', ( #2418 ), #4522, .F. ) ;
#3945 = VERTEX_POINT ( 'NONE', #1054 ) ;
#3946 = CARTESIAN_POINT ( 'NONE',  ( 18.47983900216788555, -11.74024391174314985, -4.415376471642332490 ) ) ;
#3947 = CARTESIAN_POINT ( 'NONE',  ( -1.396608728274625122, -13.41582196899923574, 19.97243081950763965 ) ) ;
#3948 = CARTESIAN_POINT ( 'NONE',  ( -10.75792810266147370, -12.41928978177621445, -12.10601525634315756 ) ) ;
#3949 = EDGE_CURVE ( 'NONE', #2256, #3799, #2532, .T. ) ;
#3950 = ORIENTED_EDGE ( 'NONE', *, *, #4340, .T. ) ;
#3951 = LINE ( 'NONE', #781, #848 ) ;
#3952 = AXIS2_PLACEMENT_3D ( 'NONE', #2813, #3840, #1425 ) ;
#3953 = DIRECTION ( 'NONE',  ( 0.000000000000000000, 0.000000000000000000, -1.000000000000000000 ) ) ;
#3954 = AXIS2_PLACEMENT_3D ( 'NONE', #2811, #727, #4295 ) ;
#3955 = CARTESIAN_POINT ( 'NONE',  ( 0.000000000000000000, -19.74024467468260369, 0.000000000000000000 ) ) ;
#3956 = DIRECTION ( 'NONE',  ( 0.000000000000000000, 0.000000000000000000, 1.000000000000000000 ) ) ;
#3957 = AXIS2_PLACEMENT_3D ( 'NONE', #2569, #128, #2164 ) ;
#3958 = CONICAL_SURFACE ( 'NONE', #3580, 1.500007684675205955, 0.7853981633974485010 ) ;
#3959 = VERTEX_POINT ( 'NONE', #3503 ) ;
#3960 = EDGE_CURVE ( 'NONE', #432, #220, #1344, .T. ) ;
#3961 = DIRECTION ( 'NONE',  ( 0.000000000000000000, -1.000000000000000000, 0.000000000000000000 ) ) ;
#3962 = LINE ( 'NONE', #2212, #80 ) ;
#3963 = ORIENTED_EDGE ( 'NONE', *, *, #2828, .T. ) ;
#3964 = EDGE_LOOP ( 'NONE', ( #2685, #4581, #2901, #522 ) ) ;
#3965 = SURFACE_STYLE_FILL_AREA ( #2194 ) ;
#3966 = CARTESIAN_POINT ( 'NONE',  ( -2.729784354158984350, -17.64325469644911948, 22.16156859892646125 ) ) ;
#3967 = DIRECTION ( 'NONE',  ( -0.000000000000000000, -1.000000000000000000, -0.000000000000000000 ) ) ;
#3968 = AXIS2_PLACEMENT_3D ( 'NONE', #3129, #371, #3849 ) ;
#3969 = ORIENTED_EDGE ( 'NONE', *, *, #372, .F. ) ;
#3970 = CARTESIAN_POINT ( 'NONE',  ( -13.92134056071486015, -5.440243911743150917, -17.45743032700978148 ) ) ;
#3971 = VECTOR ( 'NONE', #444, 1000.000000000000000 ) ;
#3972 = FACE_OUTER_BOUND ( 'NONE', #4064, .T. ) ;
#3973 = CARTESIAN_POINT ( 'NONE',  ( 0.2667783048710755112, -12.15895782011172344, 22.32698910971140194 ) ) ;
#3974 = ORIENTED_EDGE ( 'NONE', *, *, #1058, .F. ) ;
#3975 = AXIS2_PLACEMENT_3D ( 'NONE', #981, #2716, #960 ) ;
#3976 = CARTESIAN_POINT ( 'NONE',  ( -5.418414841765136991, -11.74024391174314985, 17.54251287442708573 ) ) ;
#3977 = DIRECTION ( 'NONE',  ( -0.6234762387187179344, 0.000000000000000000, -0.7818422985187999386 ) ) ;
#3978 = DIRECTION ( 'NONE',  ( -0.7861029915571017268, 0.4848096202463385573, 0.3834080317123993997 ) ) ;
#3979 = DIRECTION ( 'NONE',  ( -0.000000000000000000, -1.000000000000000000, -0.000000000000000000 ) ) ;
#3980 = ORIENTED_EDGE ( 'NONE', *, *, #3949, .F. ) ;
#3981 = CARTESIAN_POINT ( 'NONE',  ( -2.992416143417360619, -20.04024391174315411, -8.766108512878421521 ) ) ;
#3982 = FACE_OUTER_BOUND ( 'NONE', #3039, .T. ) ;
#3983 = ORIENTED_EDGE ( 'NONE', *, *, #1745, .F. ) ;
#3984 = MECHANICAL_DESIGN_GEOMETRIC_PRESENTATION_REPRESENTATION (  '', ( #278 ), #1688 ) ;
#3985 = ORIENTED_EDGE ( 'NONE', *, *, #910, .F. ) ;
#3986 = VECTOR ( 'NONE', #3779, 1000.000000000000114 ) ;
#3987 = CARTESIAN_POINT ( 'NONE',  ( -4.249896391037976784, -13.60440732874854852, 21.92047370427310327 ) ) ;
#3988 = CARTESIAN_POINT ( 'NONE',  ( -4.222754281106928964, -19.74024391174314985, -10.86110217632416486 ) ) ;
#3989 = ORIENTED_EDGE ( 'NONE', *, *, #4100, .F. ) ;
#3990 = EDGE_CURVE ( 'NONE', #1487, #4071, #1744, .T. ) ;
#3991 = EDGE_CURVE ( 'NONE', #3843, #106, #4109, .T. ) ;
#3992 = DIRECTION ( 'NONE',  ( 0.000000000000000000, 0.000000000000000000, -1.000000000000000000 ) ) ;
#3993 = DIRECTION ( 'NONE',  ( 0.2624624360366668019, -0.8511485643991802963, 0.4545982742938129983 ) ) ;
#3994 = DIRECTION ( 'NONE',  ( 0.000000000000000000, 0.000000000000000000, 1.000000000000000000 ) ) ;
#3995 = EDGE_CURVE ( 'NONE', #2579, #3859, #4208, .T. ) ;
#3996 = EDGE_CURVE ( 'NONE', #4179, #711, #2624, .T. ) ;
#3997 = ORIENTED_EDGE ( 'NONE', *, *, #3757, .T. ) ;
#3998 = FACE_OUTER_BOUND ( 'NONE', #1436, .T. ) ;
#3999 = B_SPLINE_CURVE_WITH_KNOTS ( 'NONE', 3,
 ( #429, #2583, #4021, #4316, #3698, #1513 ),
 .UNSPECIFIED., .F., .F.,
 ( 4, 2, 4 ),
 ( 0.003260756702738423947, 0.004129310381388860349, 0.004997864060039296751 ),
 .UNSPECIFIED. ) ;
#4000 = CARTESIAN_POINT ( 'NONE',  ( 15.44344929064601324, -12.85333190322883112, -3.296296056160075594 ) ) ;
#4001 = DIRECTION ( 'NONE',  ( 0.06101040030062737651, 0.4848096202463385573, -0.8724891765355937689 ) ) ;
#4002 = DIRECTION ( 'NONE',  ( 0.000000000000000000, 0.000000000000000000, -1.000000000000000000 ) ) ;
#4003 = ADVANCED_FACE ( 'NONE', ( #2131 ), #2791, .F. ) ;
#4004 = ORIENTED_EDGE ( 'NONE', *, *, #1341, .T. ) ;
#4005 = ADVANCED_FACE ( 'NONE', ( #1078 ), #704, .F. ) ;
#4006 = ORIENTED_EDGE ( 'NONE', *, *, #431, .T. ) ;
#4007 = LINE ( 'NONE', #1499, #1141 ) ;
#4008 = CARTESIAN_POINT ( 'NONE',  ( -0.8803581526839344695, -11.71274903635028508, 22.31197622268268432 ) ) ;
#4009 = CARTESIAN_POINT ( 'NONE',  ( -17.60446501987560453, -10.81586700979303650, -7.150429333984083868 ) ) ;
#4010 = AXIS2_PLACEMENT_3D ( 'NONE', #1825, #417, #2570 ) ;
#4011 = CYLINDRICAL_SURFACE ( 'NONE', #1854, 1.499999999999998002 ) ;
#4012 = EDGE_LOOP ( 'NONE', ( #3518, #1746, #3035, #11, #4534 ) ) ;
#4013 = AXIS2_PLACEMENT_3D ( 'NONE', #1329, #3795, #1308 ) ;
#4014 = CARTESIAN_POINT ( 'NONE',  ( -0.2716376456724212685, -19.74024467468260369, -18.18167534072233238 ) ) ;
#4015 = CARTESIAN_POINT ( 'NONE',  ( -3.155253612256698315, -17.35236961549519563, 22.10488594650518834 ) ) ;
#4016 = TOROIDAL_SURFACE ( 'NONE', #4156, 18.03467105286474492, 2.799999999999999822 ) ;
#4017 = LINE ( 'NONE', #161, #1735 ) ;
#4018 = ORIENTED_EDGE ( 'NONE', *, *, #4155, .F. ) ;
#4019 = EDGE_CURVE ( 'NONE', #505, #1406, #1438, .T. ) ;
#4020 = LINE ( 'NONE', #844, #4263 ) ;
#4021 = CARTESIAN_POINT ( 'NONE',  ( -13.64753911569533606, -14.91486303225149435, -6.775188130838719403 ) ) ;
#4022 = ORIENTED_EDGE ( 'NONE', *, *, #3565, .F. ) ;
#4023 = FACE_OUTER_BOUND ( 'NONE', #888, .T. ) ;
#4024 = DIRECTION ( 'NONE',  ( 0.9591713234266626698, 0.000000000000000000, 0.2828256924608240630 ) ) ;
#4025 = DIRECTION ( 'NONE',  ( 0.2346404648879630850, 0.000000000000000000, 0.9720822250391992769 ) ) ;
#4026 = ORIENTED_EDGE ( 'NONE', *, *, #1199, .T. ) ;
#4027 = ORIENTED_EDGE ( 'NONE', *, *, #1699, .T. ) ;
#4028 = FACE_OUTER_BOUND ( 'NONE', #2755, .T. ) ;
#4029 = CARTESIAN_POINT ( 'NONE',  ( -0.2716376456724212685, -24.44024467468260298, -16.68167080711551975 ) ) ;
#4030 = CARTESIAN_POINT ( 'NONE',  ( -17.68549262636728159, -11.74024391174314985, -6.944303384435801973 ) ) ;
#4031 = EDGE_CURVE ( 'NONE', #44, #2836, #3942, .T. ) ;
#4032 = VECTOR ( 'NONE', #2742, 1000.000000000000000 ) ;
#4033 = DIRECTION ( 'NONE',  ( 0.000000000000000000, 0.000000000000000000, 1.000000000000000000 ) ) ;
#4034 = AXIS2_PLACEMENT_3D ( 'NONE', #3401, #4076, #837 ) ;
#4035 = AXIS2_PLACEMENT_3D ( 'NONE', #4274, #1401, #1120 ) ;
#4036 = EDGE_LOOP ( 'NONE', ( #3676, #3144, #2033, #2103, #3082 ) ) ;
#4037 = PLANE ( 'NONE',  #1467 ) ;
#4038 = AXIS2_PLACEMENT_3D ( 'NONE', #737, #2141, #393 ) ;
#4039 = VECTOR ( 'NONE', #49, 1000.000000000000000 ) ;
#4040 = CARTESIAN_POINT ( 'NONE',  ( -2.090383452802738073, -17.89075290311212640, 22.23116111965393671 ) ) ;
#4041 = VERTEX_POINT ( 'NONE', #2535 ) ;
#4042 = CARTESIAN_POINT ( 'NONE',  ( 18.68957731643208575, -13.89453302177790128, -12.21767486175816941 ) ) ;
#4043 = CIRCLE ( 'NONE', #3595, 4.200000000000015277 ) ;
#4044 = CARTESIAN_POINT ( 'NONE',  ( -16.99202175493850930, -12.13909912240047362, -11.87761145902751991 ) ) ;
#4045 = EDGE_LOOP ( 'NONE', ( #979, #3443, #318 ) ) ;
#4046 = TOROIDAL_SURFACE ( 'NONE', #3227, 18.03467105286474137, 2.799999999999999822 ) ;
#4047 = CARTESIAN_POINT ( 'NONE',  ( 7.251671934585591117, -20.04024391174315411, 3.743544394079491688 ) ) ;
#4048 = CARTESIAN_POINT ( 'NONE',  ( 15.32076360590953357, -13.01382942573812329, -3.338986871204230766 ) ) ;
#4049 = CARTESIAN_POINT ( 'NONE',  ( 7.468613574803566506E-08, -11.74024391174314985, -5.955808618801808437E-08 ) ) ;
#4050 = VERTEX_POINT ( 'NONE', #3230 ) ;
#4051 = ORIENTED_EDGE ( 'NONE', *, *, #1972, .T. ) ;
#4052 = EDGE_CURVE ( 'NONE', #207, #3311, #1377, .T. ) ;
#4053 = CYLINDRICAL_SURFACE ( 'NONE', #4540, 15.23467105286474421 ) ;
#4054 = CARTESIAN_POINT ( 'NONE',  ( 7.368756555013558085, -23.44024467468260653, 18.91913241080905905 ) ) ;
#4055 = AXIS2_PLACEMENT_3D ( 'NONE', #1303, #305, #3135 ) ;
#4056 = CYLINDRICAL_SURFACE ( 'NONE', #1220, 3.500012878918495218 ) ;
#4057 = DIRECTION ( 'NONE',  ( 0.000000000000000000, 0.000000000000000000, -1.000000000000000000 ) ) ;
#4058 = EDGE_CURVE ( 'NONE', #45, #1501, #3999, .T. ) ;
#4059 = VERTEX_POINT ( 'NONE', #3273 ) ;
#4060 = CARTESIAN_POINT ( 'NONE',  ( -14.10944880126429624, -13.96433762461817807, -5.854718617081978493 ) ) ;
#4061 = CARTESIAN_POINT ( 'NONE',  ( -4.251257074584679607, -15.64062326199231912, 21.92050236194305413 ) ) ;
#4062 = EDGE_CURVE ( 'NONE', #1160, #690, #4066, .T. ) ;
#4063 = VECTOR ( 'NONE', #1896, 1000.000000000000000 ) ;
#4064 = EDGE_LOOP ( 'NONE', ( #120, #1644, #2541, #442, #825 ) ) ;
#4065 = CARTESIAN_POINT ( 'NONE',  ( 20.49726368617434602, -17.72106473633385448, -8.857409885071810152 ) ) ;
#4066 = LINE ( 'NONE', #1856, #101 ) ;
#4067 = ORIENTED_EDGE ( 'NONE', *, *, #1528, .F. ) ;
#4068 = CARTESIAN_POINT ( 'NONE',  ( -14.72026226522625869, -19.74024467468260369, -4.340665026672004601 ) ) ;
#4069 = CARTESIAN_POINT ( 'NONE',  ( 7.956909380083216909, -20.04024391174315411, 9.640970585084495781 ) ) ;
#4070 = LINE ( 'NONE', #3704, #386 ) ;
#4071 = VERTEX_POINT ( 'NONE', #1190 ) ;
#4072 = VERTEX_POINT ( 'NONE', #1490 ) ;
#4073 = CARTESIAN_POINT ( 'NONE',  ( -16.33943842280767811, -11.70277046417876576, -11.43743842868663840 ) ) ;
#4074 = EDGE_CURVE ( 'NONE', #251, #3122, #1951, .T. ) ;
#4075 = FACE_OUTER_BOUND ( 'NONE', #3964, .T. ) ;
#4076 = DIRECTION ( 'NONE',  ( -0.000000000000000000, -1.000000000000000000, -0.000000000000000000 ) ) ;
#4077 = CARTESIAN_POINT ( 'NONE',  ( 17.20754952104813640, -14.69254481559801206, -8.776716771921003968 ) ) ;
#4078 = ORIENTED_EDGE ( 'NONE', *, *, #1528, .T. ) ;
#4079 = FACE_OUTER_BOUND ( 'NONE', #3189, .T. ) ;
#4080 = FACE_OUTER_BOUND ( 'NONE', #4434, .T. ) ;
#4081 = FACE_OUTER_BOUND ( 'NONE', #2072, .T. ) ;
#4082 = CIRCLE ( 'NONE', #2146, 4.366379826624430471 ) ;
#4083 = EDGE_LOOP ( 'NONE', ( #3217, #395, #2860, #2076 ) ) ;
#4084 = AXIS2_PLACEMENT_3D ( 'NONE', #3047, #3069, #1259 ) ;
#4085 = CARTESIAN_POINT ( 'NONE',  ( -2.423349639469138506, -9.240243911743149852, 20.80059456668416473 ) ) ;
#4086 = ADVANCED_FACE ( 'NONE', ( #870 ), #118, .F. ) ;
#4087 = DIRECTION ( 'NONE',  ( -0.000000000000000000, -1.000000000000000000, -0.000000000000000000 ) ) ;
#4088 = ORIENTED_EDGE ( 'NONE', *, *, #830, .T. ) ;
#4089 = CARTESIAN_POINT ( 'NONE',  ( -10.34916939771882483, -23.44024467468259942, 13.15727493585568197 ) ) ;
#4090 = ADVANCED_FACE ( 'NONE', ( #1837 ), #2251, .T. ) ;
#4091 = CARTESIAN_POINT ( 'NONE',  ( 17.60308374891222272, -11.74024391174314985, -3.921836625080145300 ) ) ;
#4092 = LINE ( 'NONE', #918, #1640 ) ;
#4093 = EDGE_CURVE ( 'NONE', #4567, #446, #3214, .T. ) ;
#4094 = ORIENTED_EDGE ( 'NONE', *, *, #405, .F. ) ;
#4095 = VERTEX_POINT ( 'NONE', #521 ) ;
#4096 = PLANE ( 'NONE',  #2767 ) ;
#4097 = LINE ( 'NONE', #4164, #2821 ) ;
#4098 = CARTESIAN_POINT ( 'NONE',  ( -11.21490221596232395, -20.04024391174315411, -9.332922623038605536 ) ) ;
#4099 = CARTESIAN_POINT ( 'NONE',  ( 11.85850739426002143, -19.74024391174314985, 6.481834994719561038 ) ) ;
#4100 = EDGE_CURVE ( 'NONE', #2382, #883, #3065, .T. ) ;
#4101 = ORIENTED_EDGE ( 'NONE', *, *, #20, .F. ) ;
#4102 = DIRECTION ( 'NONE',  ( 0.5064050326945274128, 0.000000000000000000, 0.8622957397909691846 ) ) ;
#4103 = CARTESIAN_POINT ( 'NONE',  ( -16.67641251653122225, -19.74024467468260369, 3.006551992505389848 ) ) ;
#4104 = CIRCLE ( 'NONE', #2394, 3.500003781483101761 ) ;
#4105 = CIRCLE ( 'NONE', #3582, 22.32858287865848368 ) ;
#4106 = AXIS2_PLACEMENT_3D ( 'NONE', #1307, #2702, #555 ) ;
#4107 = ORIENTED_EDGE ( 'NONE', *, *, #3960, .F. ) ;
#4108 = VECTOR ( 'NONE', #2159, 1000.000000000000000 ) ;
#4109 = B_SPLINE_CURVE_WITH_KNOTS ( 'NONE', 3,
 ( #3548, #3136, #683, #3880, #2442, #1445, #2835, #1767, #3948, #1101, #1423, #4252, #4571, #53 ),
 .UNSPECIFIED., .F., .F.,
 ( 4, 2, 2, 2, 2, 2, 4 ),
 ( 2.453269466693398698E-18, 0.001197606960103824066, 0.001796410440155733279, 0.002395213920207642927, 0.002994017400259551924, 0.003592820880311460921, 0.004790427840415279782 ),
 .UNSPECIFIED. ) ;
#4110 = AXIS2_PLACEMENT_3D ( 'NONE', #821, #3594, #3339 ) ;
#4111 = CARTESIAN_POINT ( 'NONE',  ( 11.11925702206069744, -13.75544359479278356, -10.57778825285662450 ) ) ;
#4112 = FACE_OUTER_BOUND ( 'NONE', #3889, .T. ) ;
#4113 = ORIENTED_EDGE ( 'NONE', *, *, #3371, .F. ) ;
#4114 = EDGE_CURVE ( 'NONE', #4523, #2962, #2056, .T. ) ;
#4115 = CARTESIAN_POINT ( 'NONE',  ( 20.33165309716073210, -11.70617198861649833, -9.229815583522523070 ) ) ;
#4116 = CARTESIAN_POINT ( 'NONE',  ( -16.67641251653122225, -21.44024467468260298, 0.006555158773453037893 ) ) ;
#4117 = CARTESIAN_POINT ( 'NONE',  ( -11.08594127372190918, -14.54024391174315411, -10.44974201425968374 ) ) ;
#4118 = VERTEX_POINT ( 'NONE', #803 ) ;
#4119 = CIRCLE ( 'NONE', #3598, 4.366379826624432248 ) ;
#4120 = ORIENTED_EDGE ( 'NONE', *, *, #159, .F. ) ;
#4121 = FACE_OUTER_BOUND ( 'NONE', #3387, .T. ) ;
#4122 = DIRECTION ( 'NONE',  ( 0.2624624360366730191, -0.8511485643991804073, -0.4545982742938094456 ) ) ;
#4123 = DIRECTION ( 'NONE',  ( 0.000000000000000000, 0.000000000000000000, -1.000000000000000000 ) ) ;
#4124 = LINE ( 'NONE', #621, #611 ) ;
#4125 = ORIENTED_EDGE ( 'NONE', *, *, #171, .T. ) ;
#4126 = DIRECTION ( 'NONE',  ( 0.000000000000000000, -0.7071067811865473507, -0.7071067811865477948 ) ) ;
#4127 = DIRECTION ( 'NONE',  ( -0.000000000000000000, -1.000000000000000000, -0.000000000000000000 ) ) ;
#4128 = ORIENTED_EDGE ( 'NONE', *, *, #2209, .F. ) ;
#4129 = DIRECTION ( 'NONE',  ( 0.000000000000000000, 0.000000000000000000, -1.000000000000000000 ) ) ;
#4130 = AXIS2_PLACEMENT_3D ( 'NONE', #466, #1482, #1872 ) ;
#4131 = CARTESIAN_POINT ( 'NONE',  ( 3.574671608142857782, -19.74024467468260369, 14.80935261863030838 ) ) ;
#4132 = EDGE_CURVE ( 'NONE', #446, #685, #2546, .T. ) ;
#4133 = EDGE_CURVE ( 'NONE', #1219, #2754, #175, .T. ) ;
#4134 = ORIENTED_EDGE ( 'NONE', *, *, #2500, .F. ) ;
#4135 = VECTOR ( 'NONE', #4169, 1000.000000000000114 ) ;
#4136 = DIRECTION ( 'NONE',  ( 0.000000000000000000, 0.000000000000000000, -1.000000000000000000 ) ) ;
#4137 = CARTESIAN_POINT ( 'NONE',  ( -19.95396505588893632, -14.75935723205326866, -10.02022870013560052 ) ) ;
#4138 = CARTESIAN_POINT ( 'NONE',  ( -2.992416143417359287, -20.04024391174315411, -14.47999171228702764 ) ) ;
#4139 = EDGE_LOOP ( 'NONE', ( #1522, #2051, #3615, #2584 ) ) ;
#4140 = DIRECTION ( 'NONE',  ( 0.000000000000000000, 1.000000000000000000, 0.000000000000000000 ) ) ;
#4141 = CARTESIAN_POINT ( 'NONE',  ( -18.29635614645243891, -9.240243911743149852, -10.12481288693644466 ) ) ;
#4142 = DIRECTION ( 'NONE',  ( -0.7861029915571017268, 0.4848096202463385573, 0.3834080317123993997 ) ) ;
#4143 = EDGE_CURVE ( 'NONE', #2754, #1219, #3137, .T. ) ;
#4144 = CARTESIAN_POINT ( 'NONE',  ( -0.09646081554715262019, -15.41881397645487262, 15.23436567107600403 ) ) ;
#4145 = EDGE_CURVE ( 'NONE', #1551, #253, #772, .T. ) ;
#4146 = ORIENTED_EDGE ( 'NONE', *, *, #3509, .F. ) ;
#4147 = DIRECTION ( 'NONE',  ( 0.000000000000000000, 0.000000000000000000, -1.000000000000000000 ) ) ;
#4148 = LINE ( 'NONE', #2312, #675 ) ;
#4149 = ORIENTED_EDGE ( 'NONE', *, *, #2611, .F. ) ;
#4150 = ORIENTED_EDGE ( 'NONE', *, *, #2710, .F. ) ;
#4151 = AXIS2_PLACEMENT_3D ( 'NONE', #647, #1337, #1271 ) ;
#4152 = CARTESIAN_POINT ( 'NONE',  ( 11.03794002532960050, -19.74024391174314985, -10.50043296813963956 ) ) ;
#4153 = LINE ( 'NONE', #237, #407 ) ;
#4154 = ORIENTED_EDGE ( 'NONE', *, *, #1085, .F. ) ;
#4155 = EDGE_CURVE ( 'NONE', #1406, #3601, #8, .T. ) ;
#4156 = AXIS2_PLACEMENT_3D ( 'NONE', #1035, #3256, #785 ) ;
#4157 = CARTESIAN_POINT ( 'NONE',  ( -0.2716376456724212685, -23.44024467468259942, -16.68167080711551975 ) ) ;
#4158 = DIRECTION ( 'NONE',  ( -0.9888334116298548304, 0.000000000000000000, 0.1490251121269899337 ) ) ;
#4159 = CARTESIAN_POINT ( 'NONE',  ( 20.33165309716073210, -11.70617198861649833, -9.229815583522523070 ) ) ;
#4160 = AXIS2_PLACEMENT_3D ( 'NONE', #4322, #896, #4387 ) ;
#4161 = ORIENTED_EDGE ( 'NONE', *, *, #2686, .T. ) ;
#4162 = B_SPLINE_CURVE_WITH_KNOTS ( 'NONE', 2,
 ( #1156, #1915, #2543 ),
 .UNSPECIFIED., .F., .F.,
 ( 3, 3 ),
 ( 0.000000000000000000, 1.000000000000000000 ),
 .UNSPECIFIED. ) ;
#4163 = FACE_OUTER_BOUND ( 'NONE', #1273, .T. ) ;
#4164 = CARTESIAN_POINT ( 'NONE',  ( 1.602881691867982683, -18.24024391174314985, -0.9413329071678272486 ) ) ;
#4165 = FACE_OUTER_BOUND ( 'NONE', #1392, .T. ) ;
#4166 = DIRECTION ( 'NONE',  ( 0.000000000000000000, -1.000000000000000000, 0.000000000000000000 ) ) ;
#4167 = CARTESIAN_POINT ( 'NONE',  ( -7.368758282292265704, -24.44024467468260298, -19.91913001305627517 ) ) ;
#4168 = ORIENTED_EDGE ( 'NONE', *, *, #2974, .T. ) ;
#4169 = DIRECTION ( 'NONE',  ( 0.9270366926975995847, 0.2590407516231902907, -0.2711104191852256595 ) ) ;
#4170 = CARTESIAN_POINT ( 'NONE',  ( -2.224889070926757917, -11.64692169431641489, 22.43727404879552978 ) ) ;
#4171 = EDGE_CURVE ( 'NONE', #2804, #4059, #181, .T. ) ;
#4172 = ORIENTED_EDGE ( 'NONE', *, *, #4464, .F. ) ;
#4173 = EDGE_CURVE ( 'NONE', #1005, #2144, #2627, .T. ) ;
#4174 = ORIENTED_EDGE ( 'NONE', *, *, #1167, .F. ) ;
#4175 = AXIS2_PLACEMENT_3D ( 'NONE', #2672, #2275, #2298 ) ;
#4176 = CARTESIAN_POINT ( 'NONE',  ( 21.14883204477217404, -14.27831961600991484, -7.161882576899344599 ) ) ;
#4177 = AXIS2_PLACEMENT_3D ( 'NONE', #1520, #3281, #63 ) ;
#4178 = LINE ( 'NONE', #2669, #852 ) ;
#4179 = VERTEX_POINT ( 'NONE', #3624 ) ;
#4180 = CIRCLE ( 'NONE', #1877, 18.99999997190468548 ) ;
#4181 = FACE_BOUND ( 'NONE', #280, .T. ) ;
#4182 = DIRECTION ( 'NONE',  ( 0.000000000000000000, 0.000000000000000000, 1.000000000000000000 ) ) ;
#4183 = AXIS2_PLACEMENT_3D ( 'NONE', #325, #3152, #1440 ) ;
#4184 = CARTESIAN_POINT ( 'NONE',  ( -4.262985056702870423, -20.04024391174315411, -12.13457192332814927 ) ) ;
#4185 = APPLICATION_CONTEXT ( 'automotive_design' ) ;
#4186 = ORIENTED_EDGE ( 'NONE', *, *, #4052, .T. ) ;
#4187 = CARTESIAN_POINT ( 'NONE',  ( 0.000000000000000000, -19.74024467468260369, -22.32858287865848368 ) ) ;
#4188 = LINE ( 'NONE', #4481, #28 ) ;
#4189 = DIRECTION ( 'NONE',  ( 0.000000000000000000, -1.000000000000000000, 0.000000000000000000 ) ) ;
#4190 = CARTESIAN_POINT ( 'NONE',  ( 7.251671934585591117, -18.24024391174314985, 5.743544229343082286 ) ) ;
#4191 = PRODUCT_CONTEXT ( 'NONE', #3493, 'mechanical' ) ;
#4192 = ORIENTED_EDGE ( 'NONE', *, *, #520, .T. ) ;
#4193 = CARTESIAN_POINT ( 'NONE',  ( 0.000000000000000000, -9.240243911743149852, 0.000000000000000000 ) ) ;
#4194 = CIRCLE ( 'NONE', #2187, 3.500005319962242734 ) ;
#4195 = DIRECTION ( 'NONE',  ( 0.000000000000000000, 1.000000000000000000, 0.000000000000000000 ) ) ;
#4196 = ORIENTED_EDGE ( 'NONE', *, *, #2586, .F. ) ;
#4197 = EDGE_CURVE ( 'NONE', #4243, #4354, #2024, .T. ) ;
#4198 = VERTEX_POINT ( 'NONE', #2295 ) ;
#4199 = ADVANCED_FACE ( 'NONE', ( #1673 ), #3105, .F. ) ;
#4200 = VECTOR ( 'NONE', #4024, 999.9999999999998863 ) ;
#4201 = ORIENTED_EDGE ( 'NONE', *, *, #2738, .T. ) ;
#4202 = CARTESIAN_POINT ( 'NONE',  ( -16.67641251653122225, -23.44024467468259942, 1.506553575639421494 ) ) ;
#4203 = EDGE_CURVE ( 'NONE', #4041, #1256, #3085, .T. ) ;
#4204 = CARTESIAN_POINT ( 'NONE',  ( -16.82617939470940271, -16.48740848991258190, -10.56014447215969554 ) ) ;
#4205 = ORIENTED_EDGE ( 'NONE', *, *, #1778, .F. ) ;
#4206 = CARTESIAN_POINT ( 'NONE',  ( 0.2667783048710755112, -12.15895782011172344, 22.32698910971140194 ) ) ;
#4207 = CARTESIAN_POINT ( 'NONE',  ( -19.73982111689802110, -16.41605223910793754, -10.43645794207754030 ) ) ;
#4208 = LINE ( 'NONE', #3205, #2094 ) ;
#4209 = ORIENTED_EDGE ( 'NONE', *, *, #1526, .T. ) ;
#4210 = CIRCLE ( 'NONE', #2354, 3.500001967701191319 ) ;
#4211 = FACE_BOUND ( 'NONE', #1929, .T. ) ;
#4212 = CARTESIAN_POINT ( 'NONE',  ( 16.49011263901348912, -21.44024467468258877, 2.371931004688453637 ) ) ;
#4213 = DIRECTION ( 'NONE',  ( 0.000000000000000000, 1.000000000000000000, 0.000000000000000000 ) ) ;
#4214 = DIRECTION ( 'NONE',  ( -0.8660254037844363761, 0.000000000000000000, -0.5000000000000039968 ) ) ;
#4215 = ORIENTED_EDGE ( 'NONE', *, *, #714, .T. ) ;
#4216 = EDGE_CURVE ( 'NONE', #3495, #2939, #2015, .T. ) ;
#4217 = FACE_OUTER_BOUND ( 'NONE', #3043, .T. ) ;
#4218 = CARTESIAN_POINT ( 'NONE',  ( 17.18140635189670462, -19.74024467468260369, 14.26060619819943831 ) ) ;
#4219 = VERTEX_POINT ( 'NONE', #4428 ) ;
#4220 = EDGE_LOOP ( 'NONE', ( #4471, #4536, #2501, #898, #589 ) ) ;
#4221 = DIRECTION ( 'NONE',  ( 0.000000000000000000, 0.000000000000000000, -1.000000000000000000 ) ) ;
#4222 = CARTESIAN_POINT ( 'NONE',  ( 1.602881691867982683, -20.04024391174315411, -0.9413329071678272486 ) ) ;
#4223 = VERTEX_POINT ( 'NONE', #4131 ) ;
#4224 = CARTESIAN_POINT ( 'NONE',  ( 16.49011263901348912, -23.44024467468259942, -1.128081874230041581 ) ) ;
#4225 = CIRCLE ( 'NONE', #3635, 18.99999997190468548 ) ;
#4226 = EDGE_CURVE ( 'NONE', #950, #4198, #2385, .T. ) ;
#4227 = CARTESIAN_POINT ( 'NONE',  ( -5.220815769197988843, -12.17502805705849589, 15.67571873685101558 ) ) ;
#4228 = CARTESIAN_POINT ( 'NONE',  ( 2.996139688788484357, -11.76065230526619843, 17.38801845792989909 ) ) ;
#4229 = ORIENTED_EDGE ( 'NONE', *, *, #89, .T. ) ;
#4230 = AXIS2_PLACEMENT_3D ( 'NONE', #4502, #1982, #532 ) ;
#4231 = EDGE_CURVE ( 'NONE', #3257, #4118, #3063, .T. ) ;
#4232 = CARTESIAN_POINT ( 'NONE',  ( -18.20755855884380736, -17.89075290311214417, -12.92590573360482509 ) ) ;
#4233 = ADVANCED_FACE ( 'NONE', ( #1603 ), #3430, .F. ) ;
#4234 = DIRECTION ( 'NONE',  ( 0.000000000000000000, -1.000000000000000000, -0.000000000000000000 ) ) ;
#4235 = AXIS2_PLACEMENT_3D ( 'NONE', #1497, #3532, #2887 ) ;
#4236 = CARTESIAN_POINT ( 'NONE',  ( -16.20463444682850351, -14.69254481559800674, -10.51381663614607476 ) ) ;
#4237 = CARTESIAN_POINT ( 'NONE',  ( -10.34916939771882483, -19.74024467468260369, 13.15727493585568197 ) ) ;
#4238 = ORIENTED_EDGE ( 'NONE', *, *, #4171, .T. ) ;
#4239 = DIRECTION ( 'NONE',  ( -0.5249248720733424856, -0.8511485643991800742, 0.000000000000000000 ) ) ;
#4240 = CARTESIAN_POINT ( 'NONE',  ( 0.000000000000000000, -20.04024391174315411, 0.000000000000000000 ) ) ;
#4241 = ORIENTED_EDGE ( 'NONE', *, *, #4432, .T. ) ;
#4242 = ORIENTED_EDGE ( 'NONE', *, *, #82, .T. ) ;
#4243 = VERTEX_POINT ( 'NONE', #957 ) ;
#4244 = EDGE_LOOP ( 'NONE', ( #320, #1200, #2296, #3086, #822, #88, #4292, #4201, #2848, #4205, #2310, #1481, #1631, #1503, #420, #1987, #1647 ) ) ;
#4245 = CARTESIAN_POINT ( 'NONE',  ( 2.291228704446833575, -10.17502045518363119, 18.86164699323161997 ) ) ;
#4246 = DIRECTION ( 'NONE',  ( 0.000000000000000000, -1.000000000000000000, -0.000000000000000000 ) ) ;
#4247 = VERTEX_POINT ( 'NONE', #3722 ) ;
#4248 = CARTESIAN_POINT ( 'NONE',  ( 7.956909380083213357, -20.04024391174315411, 9.640970585084492228 ) ) ;
#4249 = AXIS2_PLACEMENT_3D ( 'NONE', #1193, #3647, #4345 ) ;
#4250 = CARTESIAN_POINT ( 'NONE',  ( 11.11925601959227983, -11.74024391174314985, -10.57778930664061967 ) ) ;
#4251 = CIRCLE ( 'NONE', #561, 3.500003781483101761 ) ;
#4252 = CARTESIAN_POINT ( 'NONE',  ( -11.51400657223952351, -11.82296876442662459, -12.84178828808388673 ) ) ;
#4253 = AXIS2_PLACEMENT_3D ( 'NONE', #2180, #2154, #2489 ) ;
#4254 = ORIENTED_EDGE ( 'NONE', *, *, #2281, .F. ) ;
#4255 = CARTESIAN_POINT ( 'NONE',  ( -16.78909806019182582, -14.10877140312467581, -14.72048777663751551 ) ) ;
#4256 = LINE ( 'NONE', #358, #3286 ) ;
#4257 = DIRECTION ( 'NONE',  ( 0.7250925912564739617, 0.4848096202463386684, 0.4890811448232012526 ) ) ;
#4258 = CARTESIAN_POINT ( 'NONE',  ( -2.589750645554576902, -11.80203458350458945, 22.17880732909356922 ) ) ;
#4259 = ORIENTED_EDGE ( 'NONE', *, *, #4585, .F. ) ;
#4260 = CARTESIAN_POINT ( 'NONE',  ( 2.617898859349152290E-15, -17.38468126452042384, 22.32858287865848368 ) ) ;
#4261 = DIRECTION ( 'NONE',  ( 0.8660254037844432595, 0.000000000000000000, -0.4999999999999919509 ) ) ;
#4262 = ORIENTED_EDGE ( 'NONE', *, *, #1264, .F. ) ;
#4263 = VECTOR ( 'NONE', #1901, 1000.000000000000000 ) ;
#4264 = EDGE_LOOP ( 'NONE', ( #1240, #2874, #2197, #1040 ) ) ;
#4265 = ORIENTED_EDGE ( 'NONE', *, *, #795, .F. ) ;
#4266 = AXIS2_PLACEMENT_3D ( 'NONE', #2796, #4213, #1034 ) ;
#4267 = DIRECTION ( 'NONE',  ( 0.000000000000000000, 0.000000000000000000, -1.000000000000000000 ) ) ;
#4268 = LINE ( 'NONE', #2059, #1069 ) ;
#4269 = ORIENTED_EDGE ( 'NONE', *, *, #2693, .T. ) ;
#4270 = EDGE_CURVE ( 'NONE', #1343, #1710, #4153, .T. ) ;
#4271 = FACE_OUTER_BOUND ( 'NONE', #892, .T. ) ;
#4272 = CARTESIAN_POINT ( 'NONE',  ( -0.2716376456724212685, -24.44024467468260298, -20.18167458859862151 ) ) ;
#4273 = ADVANCED_FACE ( 'NONE', ( #4112 ), #978, .F. ) ;
#4274 = CARTESIAN_POINT ( 'NONE',  ( 0.000000000000000000, -9.240243911743149852, 0.000000000000000000 ) ) ;
#4275 = ORIENTED_EDGE ( 'NONE', *, *, #2381, .F. ) ;
#4276 = DIRECTION ( 'NONE',  ( -0.5249248720733410423, -0.8511485643991809624, 0.000000000000000000 ) ) ;
#4277 = EDGE_CURVE ( 'NONE', #3184, #3562, #2157, .T. ) ;
#4278 = CARTESIAN_POINT ( 'NONE',  ( -4.222754281106928964, -20.04024391174315411, -10.86110217632416486 ) ) ;
#4279 = CYLINDRICAL_SURFACE ( 'NONE', #59, 15.23467105286474599 ) ;
#4280 = DIRECTION ( 'NONE',  ( 0.7245276690072633974, -0.000000000000000000, -0.6892457158683696905 ) ) ;
#4281 = AXIS2_PLACEMENT_3D ( 'NONE', #4309, #3591, #2217 ) ;
#4282 = EDGE_LOOP ( 'NONE', ( #2670, #70 ) ) ;
#4283 = DIRECTION ( 'NONE',  ( 0.2624624360366662468, -0.8511485643991804073, 0.4545982742938134979 ) ) ;
#4284 = DIRECTION ( 'NONE',  ( 0.000000000000000000, 0.000000000000000000, -1.000000000000000000 ) ) ;
#4285 = ORIENTED_EDGE ( 'NONE', *, *, #4566, .T. ) ;
#4286 = EDGE_CURVE ( 'NONE', #2467, #933, #1255, .T. ) ;
#4287 = ORIENTED_EDGE ( 'NONE', *, *, #2135, .F. ) ;
#4288 = ORIENTED_EDGE ( 'NONE', *, *, #971, .F. ) ;
#4289 = ORIENTED_EDGE ( 'NONE', *, *, #3680, .F. ) ;
#4290 = CARTESIAN_POINT ( 'NONE',  ( 3.574671688479695852, -11.74024391174314985, 14.80935295145432207 ) ) ;
#4291 = EDGE_CURVE ( 'NONE', #1957, #757, #4178, .T. ) ;
#4292 = ORIENTED_EDGE ( 'NONE', *, *, #2345, .F. ) ;
#4293 = DIRECTION ( 'NONE',  ( -0.7245198962273234899, 0.000000000000000000, 0.6892538864386246189 ) ) ;
#4294 = DIRECTION ( 'NONE',  ( 0.000000000000000000, 0.000000000000000000, -1.000000000000000000 ) ) ;
#4295 = DIRECTION ( 'NONE',  ( 0.000000000000000000, 0.000000000000000000, -1.000000000000000000 ) ) ;
#4296 = EDGE_CURVE ( 'NONE', #3562, #106, #1792, .T. ) ;
#4297 = VERTEX_POINT ( 'NONE', #3390 ) ;
#4298 = AXIS2_PLACEMENT_3D ( 'NONE', #4240, #315, #41 ) ;
#4299 = CARTESIAN_POINT ( 'NONE',  ( -8.892188351362475792E-08, -9.240243911743149852, -3.490104777428252594E-08 ) ) ;
#4300 = DIRECTION ( 'NONE',  ( 0.000000000000000000, -1.000000000000000000, 0.000000000000000000 ) ) ;
#4301 = FACE_OUTER_BOUND ( 'NONE', #1102, .T. ) ;
#4302 = CARTESIAN_POINT ( 'NONE',  ( -3.404678558444019121, -19.74024467468260369, -15.12151661303875372 ) ) ;
#4303 = VERTEX_POINT ( 'NONE', #1625 ) ;
#4304 = DIRECTION ( 'NONE',  ( 0.06101040030062736957, 0.4848096202463385018, -0.8724891765355936579 ) ) ;
#4305 = CARTESIAN_POINT ( 'NONE',  ( -10.34916939771882483, -23.44024467468259942, 13.15727493585568197 ) ) ;
#4306 = CIRCLE ( 'NONE', #4517, 15.23467105286474599 ) ;
#4307 = ORIENTED_EDGE ( 'NONE', *, *, #3996, .T. ) ;
#4308 = ORIENTED_EDGE ( 'NONE', *, *, #932, .F. ) ;
#4309 = CARTESIAN_POINT ( 'NONE',  ( 16.49011263901348912, -23.44024467468259942, 2.371931004688453637 ) ) ;
#4310 = EDGE_CURVE ( 'NONE', #4071, #2879, #1805, .T. ) ;
#4311 = CARTESIAN_POINT ( 'NONE',  ( 19.20235060659299009, -12.15895782011171988, -11.39453134405268564 ) ) ;
#4312 = DIRECTION ( 'NONE',  ( 0.000000000000000000, -1.000000000000000000, 0.000000000000000000 ) ) ;
#4313 = ORIENTED_EDGE ( 'NONE', *, *, #2611, .T. ) ;
#4314 = CARTESIAN_POINT ( 'NONE',  ( 17.90146921635198041, -11.74024391174314985, -4.078771536002380849 ) ) ;
#4315 = CARTESIAN_POINT ( 'NONE',  ( -16.82617939470940271, -16.48740848991257835, -10.56014447215969554 ) ) ;
#4316 = CARTESIAN_POINT ( 'NONE',  ( -13.41638595413779989, -15.21178185037257968, -7.222124760228529006 ) ) ;
#4317 = ORIENTED_EDGE ( 'NONE', *, *, #3630, .T. ) ;
#4318 = CARTESIAN_POINT ( 'NONE',  ( 1.423574776558980920E-08, -11.74024391174314985, 9.445913396230088825E-08 ) ) ;
#4319 = CARTESIAN_POINT ( 'NONE',  ( 2.734462755184550224E-15, -9.240243911743149852, 22.32858287865848368 ) ) ;
#4320 = VECTOR ( 'NONE', #4565, 999.9999999999998863 ) ;
#4321 = CARTESIAN_POINT ( 'NONE',  ( 0.000000000000000000, -11.74024391174314985, 0.000000000000000000 ) ) ;
#4322 = CARTESIAN_POINT ( 'NONE',  ( -7.368758282292265704, -19.74024467468260369, -16.96913001305625812 ) ) ;
#4323 = AXIS2_PLACEMENT_3D ( 'NONE', #2000, #2637, #3377 ) ;
#4324 = AXIS2_PLACEMENT_3D ( 'NONE', #3928, #708, #36 ) ;
#4325 = VERTEX_POINT ( 'NONE', #2364 ) ;
#4326 = CIRCLE ( 'NONE', #3587, 15.23467105286474599 ) ;
#4327 = FACE_OUTER_BOUND ( 'NONE', #3556, .T. ) ;
#4328 = CARTESIAN_POINT ( 'NONE',  ( -9.535153046303076252, -20.04024391174315411, -10.03713617270151914 ) ) ;
#4329 = ORIENTED_EDGE ( 'NONE', *, *, #3132, .T. ) ;
#4330 = ORIENTED_EDGE ( 'NONE', *, *, #3508, .T. ) ;
#4331 = ORIENTED_EDGE ( 'NONE', *, *, #2974, .F. ) ;
#4332 = DIRECTION ( 'NONE',  ( -0.000000000000000000, -1.000000000000000000, -0.000000000000000000 ) ) ;
#4333 = EDGE_CURVE ( 'NONE', #4435, #1114, #2917, .T. ) ;
#4334 = EDGE_CURVE ( 'NONE', #1165, #3504, #4105, .T. ) ;
#4335 = CARTESIAN_POINT ( 'NONE',  ( -1.580163434632601227, -17.95219547923300851, 22.27326630111300076 ) ) ;
#4336 = CARTESIAN_POINT ( 'NONE',  ( 15.20893439831867333, -19.74024467468260369, -0.8851647059355800540 ) ) ;
#4337 = CIRCLE ( 'NONE', #2332, 18.03467105286474137 ) ;
#4338 = ORIENTED_EDGE ( 'NONE', *, *, #2644, .T. ) ;
#4339 = DIRECTION ( 'NONE',  ( 0.000000000000000000, 0.000000000000000000, -1.000000000000000000 ) ) ;
#4340 = EDGE_CURVE ( 'NONE', #3799, #2393, #1738, .T. ) ;
#4341 = CARTESIAN_POINT ( 'NONE',  ( 18.75419393252493094, -13.47903581401886797, -12.11806047978463852 ) ) ;
#4342 = CARTESIAN_POINT ( 'NONE',  ( 0.1794787813991616798, -12.10757958273728185, 22.32803222478500871 ) ) ;
#4343 = EDGE_LOOP ( 'NONE', ( #3718, #1846, #3867, #944 ) ) ;
#4344 = VECTOR ( 'NONE', #2322, 1000.000000000000000 ) ;
#4345 = DIRECTION ( 'NONE',  ( 0.2624624360366664133, -0.8511485643991806294, 0.4545982742938127763 ) ) ;
#4346 = CARTESIAN_POINT ( 'NONE',  ( -19.57485720127294115, -12.35485672892371234, -10.74417094598835654 ) ) ;
#4347 = CARTESIAN_POINT ( 'NONE',  ( 17.28744413675675062, -12.97949331077753499, -8.431649543379840850 ) ) ;
#4348 = DIRECTION ( 'NONE',  ( 0.000000000000000000, 0.000000000000000000, -1.000000000000000000 ) ) ;
#4349 = EDGE_LOOP ( 'NONE', ( #2734, #4331, #3480, #200, #1679 ) ) ;
#4350 = DIRECTION ( 'NONE',  ( 0.000000000000000000, -1.000000000000000000, 0.000000000000000000 ) ) ;
#4351 = LINE ( 'NONE', #1568, #383 ) ;
#4352 = FACE_OUTER_BOUND ( 'NONE', #4083, .T. ) ;
#4353 = CARTESIAN_POINT ( 'NONE',  ( 10.59435114265487066, -19.74024391174314985, 6.571359617794060526 ) ) ;
#4354 = VERTEX_POINT ( 'NONE', #655 ) ;
#4355 = ADVANCED_FACE ( 'NONE', ( #2878 ), #3361, .F. ) ;
#4356 = ORIENTED_EDGE ( 'NONE', *, *, #4133, .T. ) ;
#4357 = VECTOR ( 'NONE', #4579, 1000.000000000000000 ) ;
#4358 = DIRECTION ( 'NONE',  ( 0.000000000000000000, -1.000000000000000000, 0.000000000000000000 ) ) ;
#4359 = VERTEX_POINT ( 'NONE', #1762 ) ;
#4360 = CARTESIAN_POINT ( 'NONE',  ( 15.51640346028125172, -9.407182151902649281, -10.96676381989500726 ) ) ;
#4361 = DIRECTION ( 'NONE',  ( 0.000000000000000000, 0.000000000000000000, 1.000000000000000000 ) ) ;
#4362 = ORIENTED_EDGE ( 'NONE', *, *, #298, .T. ) ;
#4363 = DIRECTION ( 'NONE',  ( -0.000000000000000000, -1.000000000000000000, -0.000000000000000000 ) ) ;
#4364 = EDGE_CURVE ( 'NONE', #543, #2258, #3832, .T. ) ;
#4365 = DIRECTION ( 'NONE',  ( 0.000000000000000000, -1.000000000000000000, -0.000000000000000000 ) ) ;
#4366 = DIRECTION ( 'NONE',  ( -0.5249248720733418194, -0.8511485643991802963, 0.000000000000000000 ) ) ;
#4367 = CARTESIAN_POINT ( 'NONE',  ( 22.07924842834475143, -5.440243911743150917, -3.327519416809084696 ) ) ;
#4368 = VERTEX_POINT ( 'NONE', #3199 ) ;
#4369 = ORIENTED_EDGE ( 'NONE', *, *, #115, .F. ) ;
#4370 = DIRECTION ( 'NONE',  ( 0.000000000000000000, 0.000000000000000000, -1.000000000000000000 ) ) ;
#4371 = DIRECTION ( 'NONE',  ( -0.7861029915571017268, 0.4848096202463385573, 0.3834080317123993997 ) ) ;
#4372 = DIRECTION ( 'NONE',  ( -0.000000000000000000, -1.000000000000000000, -0.000000000000000000 ) ) ;
#4373 = CONICAL_SURFACE ( 'NONE', #2668, 1.500003942275042412, 0.7853981633974482790 ) ;
#4374 = CYLINDRICAL_SURFACE ( 'NONE', #3932, 18.99999997190468548 ) ;
#4375 = ORIENTED_EDGE ( 'NONE', *, *, #1395, .F. ) ;
#4376 = TOROIDAL_SURFACE ( 'NONE', #534, 18.03467105286474492, 2.799999999999999822 ) ;
#4377 = CARTESIAN_POINT ( 'NONE',  ( -16.22647395728857944, -11.84240514762305452, -5.882854793632962043 ) ) ;
#4378 = LINE ( 'NONE', #1505, #3971 ) ;
#4379 = VECTOR ( 'NONE', #3979, 1000.000000000000000 ) ;
#4380 = ORIENTED_EDGE ( 'NONE', *, *, #3204, .F. ) ;
#4381 = CARTESIAN_POINT ( 'NONE',  ( 18.73058319366147018, -15.61603611900743083, -12.15459205618236638 ) ) ;
#4382 = DIRECTION ( 'NONE',  ( 0.06101040030062737651, 0.4848096202463385573, -0.8724891765355937689 ) ) ;
#4383 = EDGE_CURVE ( 'NONE', #2016, #3427, #4180, .T. ) ;
#4384 = VERTEX_POINT ( 'NONE', #2437 ) ;
#4385 = CARTESIAN_POINT ( 'NONE',  ( 4.458170136162520336, -5.440243911743150917, 18.46956193225511456 ) ) ;
#4386 = CARTESIAN_POINT ( 'NONE',  ( -17.54558256020511919, -12.04981521343909101, -13.81131936599727084 ) ) ;
#4387 = DIRECTION ( 'NONE',  ( 0.000000000000000000, 0.000000000000000000, -1.000000000000000000 ) ) ;
#4388 = VERTEX_POINT ( 'NONE', #22 ) ;
#4389 = AXIS2_PLACEMENT_3D ( 'NONE', #1649, #2630, #4136 ) ;
#4390 = ORIENTED_EDGE ( 'NONE', *, *, #372, .T. ) ;
#4391 = DIRECTION ( 'NONE',  ( 0.000000000000000000, 0.000000000000000000, -1.000000000000000000 ) ) ;
#4392 = DIRECTION ( 'NONE',  ( 0.06101040030062737651, 0.4848096202463385573, -0.8724891765355937689 ) ) ;
#4393 = CARTESIAN_POINT ( 'NONE',  ( -17.48027980557634109, -10.17502045518363119, -7.446561232684822507 ) ) ;
#4394 = CIRCLE ( 'NONE', #3952, 18.03467105286474137 ) ;
#4395 = CARTESIAN_POINT ( 'NONE',  ( 13.38773329445172777, -19.74024391174314985, 3.992218804751105576 ) ) ;
#4396 = AXIS2_PLACEMENT_3D ( 'NONE', #1614, #3031, #4123 ) ;
#4397 = ORIENTED_EDGE ( 'NONE', *, *, #574, .F. ) ;
#4398 = CARTESIAN_POINT ( 'NONE',  ( -12.89707756042480113, -18.24024391174314985, -18.22720527648925426 ) ) ;
#4399 = CONICAL_SURFACE ( 'NONE', #4038, 1.500004533606814183, 0.7853981633974488341 ) ;
#4400 = PRODUCT_DEFINITION_FORMATION_WITH_SPECIFIED_SOURCE ( '‰ª', '', #3229, .NOT_KNOWN. ) ;
#4401 = DIRECTION ( 'NONE',  ( 0.3653571729111340649, 0.000000000000000000, -0.9308674106457823783 ) ) ;
#4402 = ORIENTED_EDGE ( 'NONE', *, *, #3444, .T. ) ;
#4403 = FACE_OUTER_BOUND ( 'NONE', #189, .T. ) ;
#4404 = AXIS2_PLACEMENT_3D ( 'NONE', #72, #3923, #2881 ) ;
#4405 = CARTESIAN_POINT ( 'NONE',  ( 0.000000000000000000, -19.74024467468260369, 0.000000000000000000 ) ) ;
#4406 = VERTEX_POINT ( 'NONE', #3851 ) ;
#4407 = VERTEX_POINT ( 'NONE', #1372 ) ;
#4408 = EDGE_CURVE ( 'NONE', #997, #220, #1807, .T. ) ;
#4409 = CARTESIAN_POINT ( 'NONE',  ( -3.404678558444019121, -24.44024467468260298, -15.12151661303875372 ) ) ;
#4410 = EDGE_CURVE ( 'NONE', #74, #1808, #4268, .T. ) ;
#4411 = CARTESIAN_POINT ( 'NONE',  ( 16.87831817362185305, -11.82296876442662636, -3.550528046858626219 ) ) ;
#4412 = DIRECTION ( 'NONE',  ( 0.000000000000000000, 1.000000000000000000, -0.000000000000000000 ) ) ;
#4413 = VERTEX_POINT ( 'NONE', #2149 ) ;
#4414 = ORIENTED_EDGE ( 'NONE', *, *, #4019, .F. ) ;
#4415 = DIRECTION ( 'NONE',  ( 0.000000000000000000, -0.7071067811865474617, -0.7071067811865474617 ) ) ;
#4416 = CARTESIAN_POINT ( 'NONE',  ( 7.251671934585591117, -20.04024391174315411, 5.743544229343082286 ) ) ;
#4417 = CARTESIAN_POINT ( 'NONE',  ( 1.194072688341125010, -14.73632767265777055, 15.18934246546115929 ) ) ;
#4418 = CARTESIAN_POINT ( 'NONE',  ( 14.16534924165850917, -15.36700533084019860, -5.614906418734573634 ) ) ;
#4419 = EDGE_LOOP ( 'NONE', ( #3077, #2012, #1109, #758, #904, #3180, #3827, #4101, #1413, #1997, #4113, #2945, #1773, #3166, #4375, #3786, #2873 ) ) ;
#4420 = PLANE ( 'NONE',  #2947 ) ;
#4421 = CARTESIAN_POINT ( 'NONE',  ( -16.59832810088351351, -13.41582196899924284, -11.19571404758680089 ) ) ;
#4422 = EDGE_CURVE ( 'NONE', #1235, #1005, #3663, .T. ) ;
#4423 = DIRECTION ( 'NONE',  ( -0.000000000000000000, -1.000000000000000000, -0.000000000000000000 ) ) ;
#4424 = EDGE_LOOP ( 'NONE', ( #2086, #800, #632, #3980, #1507, #1519, #2128 ) ) ;
#4425 = EDGE_CURVE ( 'NONE', #3022, #3945, #2248, .T. ) ;
#4426 = EDGE_CURVE ( 'NONE', #1235, #690, #1047, .T. ) ;
#4427 = CARTESIAN_POINT ( 'NONE',  ( 21.10863528640824782, -13.60440732874862491, -7.279718614045939340 ) ) ;
#4428 = CARTESIAN_POINT ( 'NONE',  ( 7.251671934585591117, -18.24024391174314985, 3.743544394079491688 ) ) ;
#4429 = ORIENTED_EDGE ( 'NONE', *, *, #4286, .T. ) ;
#4430 = CARTESIAN_POINT ( 'NONE',  ( -9.535153046303076252, -19.74024391174314985, -10.03713617270151914 ) ) ;
#4431 = LINE ( 'NONE', #2254, #798 ) ;
#4432 = EDGE_CURVE ( 'NONE', #1213, #1936, #3543, .T. ) ;
#4433 = DIRECTION ( 'NONE',  ( 0.000000000000000000, 0.000000000000000000, -1.000000000000000000 ) ) ;
#4434 = EDGE_LOOP ( 'NONE', ( #62, #1093, #1036, #3938, #2273 ) ) ;
#4435 = VERTEX_POINT ( 'NONE', #2830 ) ;
#4436 = DIRECTION ( 'NONE',  ( 0.4898787601332588726, 0.000000000000000000, 0.8717905713933254974 ) ) ;
#4437 = DIRECTION ( 'NONE',  ( 0.000000000000000000, 0.000000000000000000, -1.000000000000000000 ) ) ;
#4438 = LINE ( 'NONE', #2307, #1880 ) ;
#4439 = FACE_OUTER_BOUND ( 'NONE', #1293, .T. ) ;
#4440 = ORIENTED_EDGE ( 'NONE', *, *, #2788, .T. ) ;
#4441 = CARTESIAN_POINT ( 'NONE',  ( -16.67641251653122225, -21.44024467468260298, 1.506553575639421494 ) ) ;
#4442 = LINE ( 'NONE', #3469, #374 ) ;
#4443 = AXIS2_PLACEMENT_3D ( 'NONE', #3558, #1064, #3490 ) ;
#4444 = EDGE_CURVE ( 'NONE', #4072, #4354, #1417, .T. ) ;
#4445 = CIRCLE ( 'NONE', #2454, 18.99999997190468548 ) ;
#4446 = ORIENTED_EDGE ( 'NONE', *, *, #4203, .F. ) ;
#4447 = CIRCLE ( 'NONE', #538, 2.950000000000001066 ) ;
#4448 = FACE_OUTER_BOUND ( 'NONE', #3403, .T. ) ;
#4449 = CARTESIAN_POINT ( 'NONE',  ( 16.49011263901348912, -23.44024467468259942, 2.371931004688453637 ) ) ;
#4450 = ORIENTED_EDGE ( 'NONE', *, *, #2150, .F. ) ;
#4451 = DIRECTION ( 'NONE',  ( 0.000000000000000000, 0.000000000000000000, -1.000000000000000000 ) ) ;
#4452 = DIRECTION ( 'NONE',  ( 0.5249248720733412643, 0.8511485643991806294, 0.000000000000000000 ) ) ;
#4453 = DIRECTION ( 'NONE',  ( 0.000000000000000000, -1.000000000000000000, 0.000000000000000000 ) ) ;
#4454 = ORIENTED_EDGE ( 'NONE', *, *, #2457, .T. ) ;
#4455 = ORIENTED_EDGE ( 'NONE', *, *, #2528, .F. ) ;
#4456 = DIRECTION ( 'NONE',  ( 0.2346289642695505717, 0.000000000000000000, 0.9720850009776911271 ) ) ;
#4457 = FACE_OUTER_BOUND ( 'NONE', #576, .T. ) ;
#4458 = FACE_OUTER_BOUND ( 'NONE', #893, .T. ) ;
#4459 = DIRECTION ( 'NONE',  ( -0.6505791381832861653, 0.000000000000000000, -0.7594384668692341078 ) ) ;
#4460 = ORIENTED_EDGE ( 'NONE', *, *, #3190, .F. ) ;
#4461 = FACE_OUTER_BOUND ( 'NONE', #394, .T. ) ;
#4462 = CARTESIAN_POINT ( 'NONE',  ( -15.49598586952951074, -16.99064593947580804, -9.286401295552783708 ) ) ;
#4463 = AXIS2_PLACEMENT_3D ( 'NONE', #1811, #3226, #3992 ) ;
#4464 = EDGE_CURVE ( 'NONE', #2499, #1114, #3899, .T. ) ;
#4465 = ADVANCED_FACE ( 'NONE', ( #3567 ), #3521, .T. ) ;
#4466 = VECTOR ( 'NONE', #4541, 1000.000000000000000 ) ;
#4467 = ORIENTED_EDGE ( 'NONE', *, *, #741, .F. ) ;
#4468 = EDGE_CURVE ( 'NONE', #3495, #248, #2807, .T. ) ;
#4469 = LINE ( 'NONE', #912, #568 ) ;
#4470 = CARTESIAN_POINT ( 'NONE',  ( -0.1742389348773010493, -19.74024391174314985, 0.1492632004245931510 ) ) ;
#4471 = ORIENTED_EDGE ( 'NONE', *, *, #1593, .F. ) ;
#4472 = EDGE_CURVE ( 'NONE', #2384, #2016, #3809, .T. ) ;
#4473 = CARTESIAN_POINT ( 'NONE',  ( 20.66000343189792687, -11.95500978450429308, -8.471740354634167858 ) ) ;
#4474 = EDGE_CURVE ( 'NONE', #938, #4435, #4326, .T. ) ;
#4475 = FACE_OUTER_BOUND ( 'NONE', #671, .T. ) ;
#4476 = CARTESIAN_POINT ( 'NONE',  ( -0.7322636831693140058, -16.48740848991258190, 19.85197104053246875 ) ) ;
#4477 = VERTEX_POINT ( 'NONE', #1850 ) ;
#4478 = CIRCLE ( 'NONE', #495, 3.500001967701191319 ) ;
#4479 = DIRECTION ( 'NONE',  ( -0.9720850009776912382, 0.000000000000000000, 0.2346289642695505995 ) ) ;
#4480 = DIRECTION ( 'NONE',  ( -0.000000000000000000, -1.000000000000000000, -0.000000000000000000 ) ) ;
#4481 = CARTESIAN_POINT ( 'NONE',  ( 7.368756555013558085, -13.23485597249042911, 18.91913241080905905 ) ) ;
#4482 = DIRECTION ( 'NONE',  ( -0.06101040030062737651, -0.4848096202463385573, 0.8724891765355937689 ) ) ;
#4483 = B_SPLINE_CURVE_WITH_KNOTS ( 'NONE', 3,
 ( #2140, #2477, #1111, #4580 ),
 .UNSPECIFIED., .F., .F.,
 ( 4, 4 ),
 ( 0.000000000000000000, 1.000000000000000000 ),
 .UNSPECIFIED. ) ;
#4484 = EDGE_LOOP ( 'NONE', ( #2808, #3573, #4440, #789, #2875, #739, #577, #2443 ) ) ;
#4485 = CARTESIAN_POINT ( 'NONE',  ( -14.72026185385675667, -13.75544359479277290, -4.340664925884895275 ) ) ;
#4486 = DIRECTION ( 'NONE',  ( 0.000000000000000000, 0.000000000000000000, 1.000000000000000000 ) ) ;
#4487 = ORIENTED_EDGE ( 'NONE', *, *, #983, .T. ) ;
#4488 = EDGE_CURVE ( 'NONE', #1471, #1306, #4017, .T. ) ;
#4489 = ORIENTED_EDGE ( 'NONE', *, *, #763, .T. ) ;
#4490 = DIRECTION ( 'NONE',  ( 0.000000000000000000, -1.000000000000000000, 0.000000000000000000 ) ) ;
#4491 = AXIS2_PLACEMENT_3D ( 'NONE', #2840, #2114, #2517 ) ;
#4492 = CARTESIAN_POINT ( 'NONE',  ( -1.396608728274626010, -13.41582196899924284, 19.97243081950765031 ) ) ;
#4493 = VERTEX_POINT ( 'NONE', #2220 ) ;
#4494 = CONICAL_SURFACE ( 'NONE', #2507, 1.500007684675205955, 0.7853981633974485010 ) ;
#4495 = CARTESIAN_POINT ( 'NONE',  ( 13.20793867670539079, -11.84240514762305274, -11.11111126404215632 ) ) ;
#4496 = DIRECTION ( 'NONE',  ( 0.2624624360366657472, -0.8511485643991806294, 0.4545982742938132204 ) ) ;
#4497 = CARTESIAN_POINT ( 'NONE',  ( -7.368758282292265704, -23.44024467468258521, -16.96913001305625812 ) ) ;
#4498 = ORIENTED_EDGE ( 'NONE', *, *, #707, .F. ) ;
#4499 = EDGE_CURVE ( 'NONE', #1847, #3504, #799, .T. ) ;
#4500 = ADVANCED_FACE ( 'NONE', ( #3620 ), #425, .F. ) ;
#4501 = CARTESIAN_POINT ( 'NONE',  ( -16.80538949988037700, -15.30792069672624578, -14.70189367029595040 ) ) ;
#4502 = CARTESIAN_POINT ( 'NONE',  ( 0.000000000000000000, -24.44024467468260298, 0.000000000000000000 ) ) ;
#4503 = CARTESIAN_POINT ( 'NONE',  ( 2.734462755184550224E-15, -24.44024467468260298, 22.32858287865848368 ) ) ;
#4504 = DIRECTION ( 'NONE',  ( 0.7250925912564739617, 0.4848096202463386684, 0.4890811448232012526 ) ) ;
#4505 = FACE_OUTER_BOUND ( 'NONE', #408, .T. ) ;
#4506 = ORIENTED_EDGE ( 'NONE', *, *, #3565, .T. ) ;
#4507 = CARTESIAN_POINT ( 'NONE',  ( 17.83328530482643615, -14.54024391174315056, -2.687618875826548681 ) ) ;
#4508 = DIRECTION ( 'NONE',  ( 0.000000000000000000, 1.000000000000000000, -0.000000000000000000 ) ) ;
#4509 = ORIENTED_EDGE ( 'NONE', *, *, #606, .F. ) ;
#4510 = ORIENTED_EDGE ( 'NONE', *, *, #1778, .T. ) ;
#4511 = ORIENTED_EDGE ( 'NONE', *, *, #2209, .T. ) ;
#4512 = VECTOR ( 'NONE', #4127, 1000.000000000000000 ) ;
#4513 = CARTESIAN_POINT ( 'NONE',  ( 20.85575124726423368, -16.99351747923313383, -7.975883051921583089 ) ) ;
#4514 = VECTOR ( 'NONE', #3633, 1000.000000000000000 ) ;
#4515 = CARTESIAN_POINT ( 'NONE',  ( -13.12053620631577289, -11.26869282869138367, -13.74254871089380536 ) ) ;
#4516 = ORIENTED_EDGE ( 'NONE', *, *, #3618, .T. ) ;
#4517 = AXIS2_PLACEMENT_3D ( 'NONE', #1563, #2589, #3004 ) ;
#4518 = CARTESIAN_POINT ( 'NONE',  ( -14.61261138540685245, -14.27329368403623100, -4.308919886476533456 ) ) ;
#4519 = CARTESIAN_POINT ( 'NONE',  ( 0.000000000000000000, -19.74024467468260369, 0.000000000000000000 ) ) ;
#4520 = ADVANCED_FACE ( 'NONE', ( #2943 ), #3269, .T. ) ;
#4521 = CARTESIAN_POINT ( 'NONE',  ( 0.000000000000000000, -14.54024391174315056, 0.000000000000000000 ) ) ;
#4522 = CONICAL_SURFACE ( 'NONE', #3940, 1.950000000000000400, 0.7853981633974480570 ) ;
#4523 = VERTEX_POINT ( 'NONE', #2900 ) ;
#4524 = CARTESIAN_POINT ( 'NONE',  ( -17.18342691098901653, -9.240243911743158733, -8.107394065115906656 ) ) ;
#4525 = DIRECTION ( 'NONE',  ( 0.000000000000000000, 0.000000000000000000, -1.000000000000000000 ) ) ;
#4526 = EDGE_CURVE ( 'NONE', #1710, #543, #782, .T. ) ;
#4527 = DIRECTION ( 'NONE',  ( 0.000000000000000000, 0.000000000000000000, -1.000000000000000000 ) ) ;
#4528 = DIRECTION ( 'NONE',  ( -0.7861029915571017268, 0.4848096202463385573, 0.3834080317123993997 ) ) ;
#4529 = DIRECTION ( 'NONE',  ( 0.06101040030062737651, 0.4848096202463385573, -0.8724891765355937689 ) ) ;
#4530 = ORIENTED_EDGE ( 'NONE', *, *, #1058, .T. ) ;
#4531 = DIRECTION ( 'NONE',  ( 0.9888334116298548304, 0.000000000000000000, -0.1490251121269899337 ) ) ;
#4532 = CARTESIAN_POINT ( 'NONE',  ( 0.000000000000000000, -24.44024467468260298, 0.000000000000000000 ) ) ;
#4533 = EDGE_CURVE ( 'NONE', #2499, #2234, #2029, .T. ) ;
#4534 = ORIENTED_EDGE ( 'NONE', *, *, #3831, .F. ) ;
#4535 = ORIENTED_EDGE ( 'NONE', *, *, #3409, .F. ) ;
#4536 = ORIENTED_EDGE ( 'NONE', *, *, #702, .F. ) ;
#4537 = AXIS2_PLACEMENT_3D ( 'NONE', #3794, #2983, #1938 ) ;
#4538 = AXIS2_PLACEMENT_3D ( 'NONE', #2928, #845, #3343 ) ;
#4539 = CARTESIAN_POINT ( 'NONE',  ( 19.58463815692414656, -11.80818861103951356, -10.72597009998687057 ) ) ;
#4540 = AXIS2_PLACEMENT_3D ( 'NONE', #3399, #899, #878 ) ;
#4541 = DIRECTION ( 'NONE',  ( 0.000000000000000000, 1.000000000000000000, 0.000000000000000000 ) ) ;
#4542 = B_SPLINE_CURVE_WITH_KNOTS ( 'NONE', 3,
 ( #2958, #1478, #2615, #460, #2594, #4008, #85, #2236, #1223, #129 ),
 .UNSPECIFIED., .F., .F.,
 ( 4, 2, 2, 2, 4 ),
 ( 0.002528211104278753861, 0.003082532586164763236, 0.003636854068050772611, 0.004191175549936781985, 0.004745497031822792228 ),
 .UNSPECIFIED. ) ;
#4543 = CIRCLE ( 'NONE', #928, 3.500001967701191319 ) ;
#4544 = VERTEX_POINT ( 'NONE', #2577 ) ;
#4545 = CARTESIAN_POINT ( 'NONE',  ( 0.000000000000000000, -19.74024467468260369, 0.000000000000000000 ) ) ;
#4546 = CARTESIAN_POINT ( 'NONE',  ( -19.84965336199052643, -13.34351091847710613, -10.22546581693256407 ) ) ;
#4547 = CARTESIAN_POINT ( 'NONE',  ( 1.709220051445501598, -14.26704766245395994, 15.14148223486454015 ) ) ;
#4548 = EDGE_CURVE ( 'NONE', #1957, #3601, #778, .T. ) ;
#4549 = ORIENTED_EDGE ( 'NONE', *, *, #3655, .F. ) ;
#4550 = DIRECTION ( 'NONE',  ( 0.000000000000000000, -1.000000000000000000, 0.000000000000000000 ) ) ;
#4551 = LINE ( 'NONE', #2744, #326 ) ;
#4552 = FACE_OUTER_BOUND ( 'NONE', #4220, .T. ) ;
#4553 = DIRECTION ( 'NONE',  ( -0.2624624360366729636, 0.8511485643991806294, 0.4545982742938091126 ) ) ;
#4554 = VECTOR ( 'NONE', #1400, 1000.000000000000000 ) ;
#4555 = ORIENTED_EDGE ( 'NONE', *, *, #4173, .T. ) ;
#4556 = DIRECTION ( 'NONE',  ( -0.7861029915571017268, 0.4848096202463385573, 0.3834080317123993997 ) ) ;
#4557 = AXIS2_PLACEMENT_3D ( 'NONE', #3018, #688, #2665 ) ;
#4558 = FACE_OUTER_BOUND ( 'NONE', #1352, .T. ) ;
#4559 = ORIENTED_EDGE ( 'NONE', *, *, #3798, .F. ) ;
#4560 = EDGE_LOOP ( 'NONE', ( #1838, #3238 ) ) ;
#4561 = AXIS2_PLACEMENT_3D ( 'NONE', #3812, #3046, #2417 ) ;
#4562 = ORIENTED_EDGE ( 'NONE', *, *, #60, .F. ) ;
#4563 = EDGE_CURVE ( 'NONE', #462, #562, #2921, .T. ) ;
#4564 = FACE_OUTER_BOUND ( 'NONE', #2706, .T. ) ;
#4565 = DIRECTION ( 'NONE',  ( 8.659560562354931626E-17, -0.7071067811865477948, 0.7071067811865473507 ) ) ;
#4566 = EDGE_CURVE ( 'NONE', #1843, #1527, #3364, .T. ) ;
#4567 = VERTEX_POINT ( 'NONE', #1506 ) ;
#4568 = EDGE_CURVE ( 'NONE', #3959, #2879, #517, .T. ) ;
#4569 = CYLINDRICAL_SURFACE ( 'NONE', #1437, 1.499998416865968354 ) ;
#4570 = DIRECTION ( 'NONE',  ( 0.000000000000000000, -1.000000000000000000, -0.000000000000000000 ) ) ;
#4571 = CARTESIAN_POINT ( 'NONE',  ( -11.85271709264939233, -11.74024391174314630, -13.06590487125292555 ) ) ;
#4572 = VERTEX_POINT ( 'NONE', #3988 ) ;
#4573 = AXIS2_PLACEMENT_3D ( 'NONE', #712, #391, #2117 ) ;
#4574 = CARTESIAN_POINT ( 'NONE',  ( -16.93239816916303653, -13.27875329034340623, -14.55550339202361521 ) ) ;
#4575 = LINE ( 'NONE', #1404, #199 ) ;
#4576 = LINE ( 'NONE', #2400, #263 ) ;
#4577 = CARTESIAN_POINT ( 'NONE',  ( -2.172571781004471347, -11.70617198861650010, 22.22263587483500302 ) ) ;
#4578 = ORIENTED_EDGE ( 'NONE', *, *, #4408, .T. ) ;
#4579 = DIRECTION ( 'NONE',  ( 0.000000000000000000, -1.000000000000000000, -0.000000000000000000 ) ) ;
#4580 = CARTESIAN_POINT ( 'NONE',  ( -2.992416143417359731, -19.74024467468260369, -14.47999171228702764 ) ) ;
#4581 = ORIENTED_EDGE ( 'NONE', *, *, #4277, .T. ) ;
#4582 = ORIENTED_EDGE ( 'NONE', *, *, #3618, .F. ) ;
#4583 = ORIENTED_EDGE ( 'NONE', *, *, #3696, .F. ) ;
#4584 = CARTESIAN_POINT ( 'NONE',  ( 2.751211943946465066, -11.26713825984494832, 18.79991991065547907 ) ) ;
#4585 = EDGE_CURVE ( 'NONE', #757, #3540, #2698, .T. ) ;
#4586 = CARTESIAN_POINT ( 'NONE',  ( 2.863514963322019824, -18.24024391174314985, -2.453053229422880843 ) ) ;
#4587 = ORIENTED_EDGE ( 'NONE', *, *, #4114, .F. ) ;
#4588 = DIRECTION ( 'NONE',  ( -0.9591681338952284808, 0.000000000000000000, -0.2828365091708374690 ) ) ;
#4589 = CARTESIAN_POINT ( 'NONE',  ( -6.589096519178816003, -11.74024391174314985, 16.78788750992761436 ) ) ;
ENDSEC;
END-ISO-10303-21;
